Name,Country,Region,Winery,Rating,NumberOfRatings,Price,Year,Precio
Chardonnay Uno 2012,Spain,Somontano,Enate,4.2,37,416.02,2012,416,02
Pedra de Guix 2016,Spain,Priorat,Terroir Al Límit Soc. Lda,4.3,46,60.0,2016,60
Pedra de Guix 2015,Spain,Priorat,Terroir Al Límit Soc. Lda,3.9,119,60.0,2015,60
La Comtesse de Pazo Barrantes Albariño 2013,Spain,Rías Baixas,Pazo Barrantes,4.1,159,51.68,2013,51,68
As Sortes Val do Bibei Godello 2018,Spain,Valdeorras,Rafael Palacios,4.4,109,42.06,2018,42,06
Barón de Chirel Verdejo Viñas Centenarias 2016,Spain,Castilla y León,Marqués de Riscal,4.3,45,41.61,2016,41,61
As Sortes Val do Bibei Godello 2015,Spain,Valdeorras,Rafael Palacios,4.2,532,39.95,2015,39,95
As Sortes Val do Bibei Godello 2014,Spain,Valdeorras,Rafael Palacios,4.2,586,39.9,2014,39,9
Milmanda 2016,Spain,Conca de Barberà,Torres,4.2,73,38.5,2016,38,5
La Comtesse de Pazo Barrantes Albariño 2016,Spain,Rías Baixas,Pazo Barrantes,4.1,107,38.02,2016,38,02
Sons de Prades Vinyes de Milmanda 2016,Spain,Conca de Barberà,Torres,4.0,116,36.56,2016,36,56
Le Domaine Blanco de Guarda 2018,Spain,Castilla y León,Abadia Retuerta,4.2,141,35.87,2018,35,87
Sons de Prades Vinyes de Milmanda 2017,Spain,Conca de Barberà,Torres,3.7,125,34.99,2017,34,99
Cuvée Especial Verdejo 2016,Spain,Rueda,José Pariente,4.0,56,32.5,2016,32,5
Lo Cortinelo.Lo Blanc 2016,Spain,Plà i Llevant,Es Fangar,4.3,41,28.1,2016,28,1
Godello 2016,Spain,Valdeorras,Avancia,4.2,428,27.4,2016,27,4
Predicador Blanco 2017,Spain,Rioja,Bodega Contador (Benjamín Romeo),4.0,135,25.78,2017,25,78
Fransola 2012,Spain,Penedès,Torres,4.0,273,23.79,2012,23,79
Fransola 2018,Spain,Penedès,Torres,3.8,83,23.75,2018,23,75
Nuat 2015,Spain,Pla de Bages,Abadal,4.1,30,23.3,2015,23,3
Capellanía 2014,Spain,Rioja,Marqués de Murrieta,4.1,807,22.85,2014,22,85
Viognier 2018,Spain,Castilla y León,Prieto Pariente,3.7,32,21.99,2018,21,99
Chardonnay Penedès Vinya Gigi 2016,Spain,Penedès,Jean Leon,3.8,171,21.99,2016,21,99
Muti Albariño 2014,Spain,Rías Baixas,Raúl Pérez,3.9,48,21.9,2014,21,9
Selección Finca Monte Alto 2015,Spain,Rías Baixas,Fillaboa,4.0,68,21.5,2015,21,5
La Mateo Tempranillo Blanco 2017,Spain,Rioja,D. Mateos,3.9,67,20.95,2017,20,95
La Mar 2016,Spain,Rías Baixas,Terras Gauda,4.0,79,20.25,2016,20,25
Chardonnay Fermentado en Barrica 2018,Spain,Somontano,Enate,4.3,42,19.99,2018,19,99
Nisia Las Suertes Verdejo Old Vines 2016,Spain,Rueda,Ordóñez,4.1,198,19.95,2016,19,95
Louro Godello 2019,Spain,Valdeorras,Rafael Palacios,4.2,97,19.9,2019,19,9
Albariño 2016,Spain,Rías Baixas,Pazo Barrantes,3.8,1183,19.87,2016,19,87
Verdejo Fermentado en Barrica 2018,Spain,Rueda,José Pariente,3.9,33,19.65,2018,19,65
Capellanía 2015,Spain,Rioja,Marqués de Murrieta,4.1,198,19.6,2015,19,6
Lusco Albariño 2018,Spain,Rías Baixas,Pazos de Lusco,4.0,282,19.53,2018,19,53
Blas Muñoz Chardonnay 2018,Spain,La Mancha,Munoz,4.2,284,19.01,2018,19,01
Fermentado en Barrica Verdejo 2017,Spain,Rueda,Protos,3.8,70,18.99,2017,18,99
Sa Fita Blanco 2017,Spain,Plà i Llevant,Es Fangar,4.2,47,18.9,2017,18,9
Louro do Bolo Godello Valdeorras 2018,Spain,Valdeorras,Rafael Palacios,4.0,433,18.9,2018,18,9
Nounat 2019,Spain,Mallorca,Binigrau,4.2,62,18.75,2019,18,75
Cuvée Verdejo 2016,Spain,Rueda,Valdecuevas,4.2,31,18.7,2016,18,7
Alejairén Airen 2017,Spain,La Mancha,El Vínculo,3.6,25,18.42,2017,18,42
Historic Blanco 2017,Spain,Priorat,Terroir Al Límit Soc. Lda,3.8,70,18.0,2017,18
El Transistor Verdejo 2018,Spain,Rueda,Telmo Rodriguez,3.8,87,17.9,2018,17,9
Blanc de Blancs 2017,Spain,Binissalem-Mallorca,Macià Batle,3.9,215,17.79,2017,17,79
Ritme Blanc 2017,Spain,Priorat,Acustic Celler,4.0,26,16.99,2017,16,99
Blanc de Blancs 2018,Spain,Binissalem-Mallorca,Macià Batle,3.6,35,16.95,2018,16,95
Rías Baixas Albariño 2017,Spain,Rías Baixas,Finca Garabelos,4.1,535,16.9,2017,16,9
Moscatel Old Vines 2018,Spain,Sierras de Málaga,Botani,4.1,54,16.74,2018,16,74
Tianna Bocchoris Blanc 2014,Spain,Mallorca,Tianna Negre,3.7,93,16.59,2014,16,59
Pago de los Balagueses Chardonnay 2017,Spain,Utiel-Requena,Vegalfaro,3.9,54,16.47,2017,16,47
Louro do Bolo Godello Valdeorras 2016,Spain,Valdeorras,Rafael Palacios,3.9,508,15.95,2016,15,95
Louro do Bolo Godello Valdeorras 2019,Spain,Valdeorras,Rafael Palacios,3.9,60,15.9,2019,15,9
Tianna Bocchoris Blanc 2018,Spain,Mallorca,Tianna Negre,4.1,36,15.59,2018,15,59
Albariño 2018,Spain,Rías Baixas,Pazo Barrantes,3.8,442,15.5,2018,15,5
Malvasia Seco 2018,Spain,Lanzarote,El Grifo,3.9,161,15.49,2018,15,49
Finca Montico 2017,Spain,Rueda,Marqués de Riscal,3.9,249,15.26,2017,15,26
Finca Montico 2018,Spain,Rueda,Marqués de Riscal,3.9,70,14.99,2018,14,99
La Trucha Albariño 2019,Spain,Rías Baixas,Finca Garabelos,4.3,25,14.7,2019,14,7
Nosso Verdejo 2018,Spain,Castilla y León,Menade,3.8,228,14.6,2018,14,6
Rioja Fermentado en Barrica Blanco 2017,Spain,Rioja,Baigorri,3.6,41,14.43,2017,14,43
Chardonnay Penedès 3055 2018,Spain,Penedès,Jean Leon,3.7,481,14.38,2018,14,38
Albariño 2018,Spain,Rías Baixas,Lagar de Cervera,3.9,930,14.38,2018,14,38
Memòries de Biniagual Blanc 2018,Spain,Binissalem-Mallorca,Biniagual,3.5,33,14.13,2018,14,13
Camino del Pelegrino (Peregrino) Albariño 2018,Spain,Galicia,Pazo Señorans,3.5,52,14.13,2018,14,13
G22 Blanc 2016,Spain,Bizkaiko Txakolina,Gorka Izagirre,3.8,211,13.99,2016,13,99
Via Edetana Blanca 2017,Spain,Terra Alta,Edetària,3.8,99,13.9,2017,13,9
Barrel Fermented White 2015,Spain,Rioja,Bodegas Amaren,4.0,227,13.9,2015,13,9
Malvasia Seco 2017,Spain,Lanzarote,El Grifo,3.9,228,13.9,2017,13,9
Montsant Acústic Blanc 2017,Spain,Montsant,Acustic Celler,3.9,92,13.82,2017,13,82
Edición Limitada Lías Verdejo 2016,Spain,Rueda,Ramón Bilbao,3.8,65,13.57,2016,13,57
Manar dos Seixaş 2017,Spain,Ribeiro,Gallina de Piel,4.1,108,13.55,2017,13,55
Quintaluna 2018,Spain,Castilla y León,Ossian,3.8,179,13.48,2018,13,48
Chardonnay Penedès 3055 2019,Spain,Penedès,Jean Leon,3.8,67,13.37,2019,13,37
Diego 2019,Spain,Valencia,De Moya,3.8,44,13.33,2019,13,33
Albariño 2019,Spain,Rías Baixas,Lagar de Cervera,3.9,68,13.25,2019,13,25
Verdejo 2018,Spain,Rueda,Val de Vid,3.9,345,13.16,2018,13,16
Albariño 2018,Spain,Rías Baixas,Fillaboa,4.0,564,13.16,2018,13,16
Edición Limitada Lías Verdejo 2017,Spain,Rueda,Ramón Bilbao,3.6,29,13.01,2017,13,01
Conde de Valdemar Finca Alto Cantabria 2017,Spain,Rioja,Bodegas Valdemar,3.8,139,12.99,2017,12,99
Le Naturel Blanco 2019,Spain,Navarra,Aroa,3.9,27,12.95,2019,12,95
Barrel Fermented White 2017,Spain,Rioja,Bodegas Amaren,3.8,93,12.57,2017,12,57
Pazo de Seoane Rosal 2018,Spain,Rías Baixas,Lagar de Cervera,3.8,166,12.53,2018,12,53
La Trucha Albariño 2017,Spain,Rías Baixas,Finca Garabelos,4.0,314,12.5,2017,12,5
Atrium Chardonnay 2017,Spain,Penedès,Torres,3.5,199,12.48,2017,12,48
Terras Gauda O Rosal 2019,Spain,Rías Baixas,Terras Gauda,4.1,741,12.41,2019,12,41
Via Edetana Blanca 2018,Spain,Terra Alta,Edetària,3.9,86,12.32,2018,12,32
Blanc 2018,Spain,Bizkaiko Txakolina,Gorka Izagirre,3.6,332,12.19,2018,12,19
Pazo das Bruxas 2018,Spain,Rías Baixas,Torres,3.8,571,12.09,2018,12,09
Blanco Sensación 2018,Spain,Abona,Flor de Chasna,3.9,34,11.99,2018,11,99
Albariño 2019,Spain,Rías Baixas,Pazo Señorans,4.1,30,11.95,2019,11,95
Edición Blanca 2016,Spain,Navarra,Bodegas Príncipe de Viana,3.6,75,11.95,2016,11,95
Gundian Albariño 2017,Spain,Rías Baixas,Adega Valdes,3.8,94,11.95,2017,11,95
Waltraud Riesling 2018,Spain,Penedès,Torres,3.9,268,11.9,2018,11,9
Viña Sol Blanco 2018,Spain,Catalunya,Torres,3.5,642,11.69,2018,11,69
875m Finca Carbonera Chardonnay 2018,Spain,Rioja,El Coto,3.7,169,11.49,2018,11,49
Albariño Rías Baixas 2019,Spain,Rías Baixas,Ramón Bilbao,3.6,37,11.48,2019,11,48
Sauvignon Blanc 2019,Spain,Rueda,José Pariente,4.2,347,11.48,2019,11,48
Atrium Chardonnay 2018,Spain,Penedès,Torres,3.6,119,11.35,2018,11,35
Blanc 2017,Spain,Bizkaiko Txakolina,Gorka Izagirre,3.6,267,10.99,2017,10,99
Verdejo 2019,Spain,Rueda,José Pariente,3.9,680,10.95,2019,10,95
Blanco Fermentado en Barrica 2016,Spain,Rioja,Hacienda el Ternero,3.8,43,10.9,2016,10,9
Sauvignon Blanc 2018,Spain,Rueda,José Pariente,4.1,827,10.89,2018,10,89
Godello 2019,Spain,Valdeorras,Joaquín Rebolledo,3.8,102,10.75,2019,10,75
Albariño Rías Baixas 2018,Spain,Rías Baixas,Ramón Bilbao,3.8,391,10.65,2018,10,65
Blanco Fermentado en Barrica 2019,Spain,Rioja,Muga,3.8,135,10.62,2019,10,62
Limousin 2018,Spain,Rueda,Marqués de Riscal,4.0,48,10.45,2018,10,45
Albariño (O Rosal) 2019,Spain,Rías Baixas,Santiago Ruiz,4.0,100,10.45,2019,10,45
Pedra da Auga Albariño 2016,Spain,Rías Baixas,Rectoral do Umia,3.5,368,10.35,2016,10,35
Gewürztraminer Somontano 2019,Spain,Somontano,Viñas del Vero,4.1,229,10.31,2019,10,31
Sangre de Toro Chardonnay Selection 2017,Spain,Penedès,Torres,3.4,69,10.18,2017,10,18
Verdejo 2016,Spain,Rueda,Reina de Castilla,4.0,37,9.99,2016,9,99
Gewürztraminer Somontano 2018,Spain,Somontano,Viñas del Vero,4.1,1075,9.99,2018,9,99
Barbazul Blanco 2018,Spain,Cádiz,Huerta de Albala,3.7,113,9.95,2018,9,95
Albarino 2018,Spain,Rías Baixas,Atlantik,3.8,52,9.9,2018,9,9
Garnacha Blanca 2017,Spain,Valdejalón,Botijo Rojo,3.7,559,9.9,2017,9,9
Blanco Fermentado en Barrica 2018,Spain,Rioja,Muga,3.7,707,9.9,2018,9,9
Verdejo 2019,Spain,Rueda,Val de Vid,3.6,51,9.65,2019,9,65
El Afrutado 2015,Spain,Lanzarote,El Grifo,3.7,56,9.65,2015,9,65
Albariño 2019,Spain,Rías Baixas,Paco & Lola,3.7,42,9.6,2019,9,6
Just Fucking Good Wine Organic Blanc 2019,Spain,Valencia,Neleman,3.7,43,9.59,2019,9,59
Gundian Albariño 2018,Spain,Rías Baixas,Adega Valdes,3.8,58,9.55,2018,9,55
Blanc de Blancs 2018,Spain,Binissalem-Mallorca,Bodegas José L. Ferrer,3.6,74,9.5,2018,9,5
Todo Sobre Mi Chardonnay 2018,Spain,Jumilla,Bodega Cerrón,3.7,80,9.5,2018,9,5
Rias Baixas Albarino 2018,Spain,Rías Baixas,Burgans,3.9,651,9.5,2018,9,5
Castell De Raimat Chardonnay 2018,Spain,Costers del Segre,Raimat,3.6,472,9.39,2018,9,39
Verdejo 2018,Spain,Rueda,PradoRey,3.7,469,9.37,2018,9,37
Garnacha Blanca 2017,Spain,Terra Alta,La Picossa,3.2,152,9.34,2017,9,34
Chardonnay 234 2019,Spain,Somontano,Enate,4.0,386,9.25,2019,9,25
Pansa Blanca 2016,Spain,Alella,Alta Alella,3.5,150,9.0,2016,9
Randemar Blanc De Blancs 2016,Spain,Binissalem-Mallorca,Tianna Negre,3.5,84,8.99,2016,8,99
Parcela 52 Verdejo 2017,Spain,Castilla,Finca Constancia,3.6,279,8.99,2017,8,99
Curiós Xarel-lo 2019,Spain,Penedès,Albet i Noya,3.5,33,8.95,2019,8,95
Garnacha Blanca 2018,Spain,Terra Alta,La Picossa,3.5,177,8.92,2018,8,92
Rioja Blanco 2018,Spain,Rioja,Vivanco,3.8,349,8.92,2018,8,92
Gran Viña Sol Chardonnay 2018,Spain,Penedès,Torres,3.5,177,8.89,2018,8,89
Sangre de Toro Blanco 2017,Spain,Catalunya,Torres,3.3,318,8.89,2017,8,89
Tresolmos Lias Verdejo 2019,Spain,Rueda,Garciarevalo,4.0,31,8.84,2019,8,84
Ermita Veracruz Verdejo 2018,Spain,Rueda,Bodegas Veracruz,3.6,60,8.8,2018,8,8
K-Naia 2019,Spain,Rueda,Naia,3.9,166,8.8,2019,8,8
Sauvignon Blanc 2019,Spain,Rueda,Marqués de Riscal,3.9,99,8.79,2019,8,79
Tibó Blanco 2018,Spain,Valencia,De Moya,3.8,187,8.73,2018,8,73
Singladuras Verdejo 2017,Spain,Rueda,Montecillo,3.7,36,8.72,2017,8,72
Garnacha Blanca 2018,Spain,Rioja,La Maldita,3.8,84,8.7,2018,8,7
Blanco 2014,Spain,Rioja,Hacienda López de Haro,3.4,216,8.69,2014,8,69
El Rincón de Nekeas Chardonnay 2018,Spain,Navarra,Bodegas Nekeas,3.7,68,8.54,2018,8,54
Isabelino Verdejo 2018,Spain,Rueda,Reina de Castilla,3.7,58,8.5,2018,8,5
Rioja Blanco Barrica 2018,Spain,Rioja,Luis Cañas,3.8,258,8.5,2018,8,5
Otazu Chardonnay 2018,Spain,Otazu,Bodega Otazu,3.9,292,8.45,2018,8,45
Castell De Raimat Chardonnay 2019,Spain,Costers del Segre,Raimat,3.7,96,8.32,2019,8,32
Chardonnay Somontano 2019,Spain,Somontano,Viñas del Vero,3.6,170,8.29,2019,8,29
Rueda Verdejo 2018,Spain,Rueda,Beronia,3.6,493,8.29,2018,8,29
Verdejo 2018,Spain,Rueda,Intruso,3.6,53,8.28,2018,8,28
Sauvignon Blanc 2018,Spain,Rueda,Marqués de Riscal,3.8,772,8.25,2018,8,25
Medusa Albariño 2017,Spain,Castilla y León,Félix Solís,3.8,321,8.24,2017,8,24
Verdejo Rueda 2018,Spain,Rueda,Ramón Bilbao,3.8,1286,8.24,2018,8,24
Chardonnay 2018,Spain,Somontano,Bodega Otto Bestué,3.8,65,8.22,2018,8,22
Verdejo Rueda 2019,Spain,Rueda,Ramón Bilbao,3.8,253,8.21,2019,8,21
Conde de Valdemar Blanco 2018,Spain,Rioja,Bodegas Valdemar,3.5,86,8.19,2018,8,19
Blanco 2018,Spain,Costers del Segre,La Boscana,3.8,149,8.19,2018,8,19
Verdejo 2019,Spain,Rueda,Nava Real,3.4,34,7.95,2019,7,95
Basa Blanco 2018,Spain,Rueda,Telmo Rodriguez,3.8,489,7.95,2018,7,95
Rías Baixas Albariño 2018,Spain,Rías Baixas,Martin Codax,3.8,2021,7.95,2018,7,95
Rías Baixas Albariño 2019,Spain,Rías Baixas,Martin Codax,3.7,48,7.93,2019,7,93
Verdejo 2018,Spain,Rueda,Valdecuevas,3.7,74,7.9,2018,7,9
Verdeo Verdejo 2018,Spain,Rueda,Torres,3.7,878,7.75,2018,7,75
Pulpo Albariño 2019,Spain,Galicia,Pagos del Rey,3.9,64,7.7,2019,7,7
Oroya Created For Sushi 2017,Spain,Castilla y León,Oroya,3.6,106,7.66,2017,7,66
Verdeo Verdejo 2019,Spain,Rueda,Torres,3.5,33,7.63,2019,7,63
Moscato 2018,Spain,Valencia,The Tapas Wine Collection,3.9,53,7.53,2018,7,53
Verdejo 2018,Spain,Rueda,The Tapas Wine Collection,3.7,177,7.53,2018,7,53
Verdejo 2019,Spain,Rueda,Palacio de Bornos,3.7,108,7.47,2019,7,47
Mantel Blanco Verdejo 2019,Spain,Rueda,Álvarez y Díez,3.8,70,7.45,2019,7,45
Viña Esmeralda 2019,Spain,Catalunya,Torres,4.0,806,7.45,2019,7,45
Finca Valdelagunde Cuveé Especial 2019,Spain,Castilla y León,Bodegas Pedro Escudero,4.0,260,7.4,2019,7,4
Dominio de Fontana Sauvignon Blanc - Verdejo 2019,Spain,Uclés,Bodegas Fontana,3.9,89,7.35,2019,7,35
Dominio de Fontana Chardonnay - Viura 2016,Spain,La Mancha,Bodegas Fontana,3.6,94,7.32,2016,7,32
Blanc 2018,Spain,Pla de Bages,Abadal,3.6,110,7.3,2018,7,3
Basa Blanco 2019,Spain,Rueda,Telmo Rodriguez,3.9,242,7.2,2019,7,2
Altos R Blanco 2017,Spain,Rioja,Altos de Rioja,3.3,33,7.11,2017,7,11
Albariño 2018,Spain,Rías Baixas,Los Amantes,3.7,43,7.0,2018,7
Godello 2018,Spain,Monterrei,Terras do Cigarrón,3.9,207,6.99,2018,6,99
Viura 2018,Spain,La Mancha,Finca Antigua,3.9,35,6.96,2018,6,96
Altos R Blanco 2018,Spain,Rioja,Altos de Rioja,3.6,27,6.95,2018,6,95
Xarel-lo 2018,Spain,Penedès,Segura Viudas,3.4,137,6.95,2018,6,95
Blanco 2018,Spain,Rioja,Hacienda López de Haro,3.5,226,6.95,2018,6,95
Oroya Created For Sushi 2018,Spain,Castilla y León,Oroya,3.4,45,6.9,2018,6,9
Rueda Verdejo 2019,Spain,Rueda,Bodega de Bardos,4.0,350,6.9,2019,6,9
The Guv'nor Blanco 2019,Spain,Castilla,Félix Solís,3.7,25,6.89,2019,6,89
Blanco (Verdejo) 2019,Spain,Rueda,Marqués de Riscal,3.6,691,6.89,2019,6,89
Gorgorito Verdejo 2018,Spain,Rueda,Bodegas Copaboca,3.7,139,6.88,2018,6,88
Verdejo 2019,Spain,Rueda,Protos,3.8,523,6.85,2019,6,85
El Viaje de Ramón Verdejo 2018,Spain,Rioja,Ramón Bilbao,3.2,41,6.75,2018,6,75
Gorgorito Verdejo 2019,Spain,Rueda,Bodegas Copaboca,3.7,36,6.73,2019,6,73
Rioja Viura 2018,Spain,Rioja,Beronia,3.6,176,6.69,2018,6,69
Chardonnay 2018,Spain,Navarra,Castillo de Enériz,3.6,79,6.54,2018,6,54
Chardonnay 2019,Spain,Navarra,Pago de Cirsus,3.9,35,6.5,2019,6,5
Organic Chardonnay - Muscat 2018,Spain,Valencia,Neleman,3.6,63,6.5,2018,6,5
Synera Blanco 2018,Spain,Catalunya,Ramón Roqueta,3.1,99,6.5,2018,6,5
Viura - Chardonnay 2019,Spain,Vino de España,Terra Linda,3.7,178,6.5,2019,6,5
Diamante Semi-Dulce Bianco 2019,Spain,Rioja,Franco-Espanolas,3.7,288,6.5,2019,6,5
Organic Viognier - Verdil 2018,Spain,Valencia,Neleman,3.5,139,6.49,2018,6,49
Blanco 2018,Spain,Rioja,Baron de Ley,3.5,154,6.35,2018,6,35
La Oveja Negra Verdejo 2018,Spain,Castilla,Bodegas Parra Jimenez,4.0,163,6.32,2018,6,32
Blanco (Verdejo) 2018,Spain,Rueda,Marqués de Riscal,3.7,4155,6.3,2018,6,3
Goru el Blanco 2018,Spain,Jumilla,EGO,3.6,140,6.29,2018,6,29
Rioja Satinela Blanco Semidulce 2018,Spain,Rioja,Marqués de Cáceres,3.7,148,6.29,2018,6,29
Rioja Satinela Blanco Semidulce 2019,Spain,Rioja,Marqués de Cáceres,4.1,193,6.29,2019,6,29
Blanco 2017,Spain,Rioja,Hacienda López de Haro,3.4,128,6.25,2017,6,25
Casamaro Verdejo 2019,Spain,Rueda,Garciarevalo,4.1,70,6.24,2019,6,24
Eylo Rueda 2017,Spain,Castilla y León,Val de Vid,3.5,49,6.23,2017,6,23
Solaz Verdejo 2018,Spain,Castilla,Osborne,3.2,120,6.21,2018,6,21
Bianco 2019,Spain,Valencia,Vergel,3.4,43,6.2,2019,6,2
Ercavio Blanco 2018,Spain,Castilla,Más Que Vinos,3.5,42,6.1,2018,6,1
Armantes Macabeo 2017,Spain,Calatayud,San Gregorio,3.7,157,6.09,2017,6,09
Macabeo 2018,Spain,Castilla,Las Corazas,3.4,45,6.0,2018,6
Orchidea Sauvignon Blanc 2019,Spain,Navarra,Inurrieta,3.8,89,6.0,2019,6
Sauvignon Blanc Rueda 2018,Spain,Rueda,Blume,3.4,53,5.99,2018,5,99
Rueda Verdejo 2017,Spain,Rueda,Marqués de Cáceres,3.5,950,5.99,2017,5,99
Monte Blanco Verdejo 2011,Spain,Rueda,Monte Blanco,3.5,136,5.95,2011,5,95
Viña Sol Original 2019,Spain,Penedès,Torres,3.6,512,5.95,2019,5,95
Blanco 2018,Spain,Yecla,Barahonda,3.5,29,5.9,2018,5,9
Verdejo Rueda 2019,Spain,Rueda,Blume,3.4,231,5.9,2019,5,9
Blanco 2018,Spain,Rioja,El Coto,3.7,2100,5.9,2018,5,9
Rioja Blanco 2018,Spain,Rioja,Luis Cañas,3.4,138,5.85,2018,5,85
Conde de Valdemar Viura 2016,Spain,Rioja,Bodegas Valdemar,3.6,132,5.8,2016,5,8
Gran Selección Blanco 2019,Spain,Alicante,Marina Alta,3.9,210,5.8,2019,5,8
Castillo de Jumilla Blanco 2018,Spain,Jumilla,Bleda,3.6,40,5.79,2018,5,79
Blanco 2018,Spain,Rioja Alta,Tarón,3.3,54,5.76,2018,5,76
Luces Chardonnay - Sauvignon Blanc - Macabeo 2019,Spain,Somontano,Viñas del Vero,3.5,65,5.75,2019,5,75
Verdejo Castilla y León 2018,Spain,Castilla y León,Radio Boca,3.5,96,5.75,2018,5,75
Altozano Verdejo - Sauvignon Blanc 2018,Spain,Castilla,Finca Constancia,3.4,180,5.75,2018,5,75
Valdelagunde Verdejo 2019,Spain,Rueda,Bodegas Pedro Escudero,4.0,246,5.75,2019,5,75
Blanco Sobre Lías 2019,Spain,Cariñena,Bodegas Care,4.0,70,5.7,2019,5,7
Verdejo 2018,Spain,Rueda,Cune (CVNE),3.6,1493,5.7,2018,5,7
Blanco 2019,Spain,Rioja,Baron de Ley,3.7,48,5.69,2019,5,69
Verdejo 2019,Spain,Rueda,Cune (CVNE),3.5,242,5.61,2019,5,61
Sauvignon Blanc 2017,Spain,La Mancha,Costa Azul,3.2,131,5.53,2017,5,53
Blanco 2018,Spain,Navarra,Bodegas Nekeas,3.5,72,5.5,2018,5,5
San Valentín Parellada 2019,Spain,Catalunya,Torres,4.2,861,5.49,2019,5,49
Rioja Blanco 2017,Spain,Rioja,Marqués de Cáceres,3.4,630,5.29,2017,5,29
Rioja Blanco 2019,Spain,Rioja,Marqués de Cáceres,3.8,258,5.25,2019,5,25
Blanco 2017,Spain,Rioja Alta,Tarón,3.4,44,5.2,2017,5,2
Pleno Blanco 2018,Spain,Navarra,Agronavarra,3.4,76,5.16,2018,5,16
Pazo Blanco 2018,Spain,Ribeiro,Viña Costeira,3.3,101,4.99,2018,4,99
Protocolo Blanco 2016,Spain,Castilla,Dominio de Eguren,3.5,61,4.95,2016,4,95
Blanco 2019,Spain,Rioja,El Coto,3.6,384,4.95,2019,4,95
Airén Semidulce 2018,Spain,Valdepeñas,Viña Albali,3.6,88,4.9,2018,4,9
Consigna Chardonnay Castilla 2018,Spain,Castilla,Félix Solís,3.5,212,4.9,2018,4,9
Penedès Blanc de Blancs Clos de Torribas 2018,Spain,Penedès,Pinord,3.7,104,4.75,2018,4,75
Viura - Tempranillo Blanco 2018,Spain,Rioja,Campo Viejo,3.6,251,4.6,2018,4,6
Blanco 2018,Spain,Rioja,Eguren Ugarte,3.4,26,4.5,2018,4,5
Castillo de San Diego 2019,Spain,Cádiz,Barbadillo,3.2,227,4.29,2019,4,29
Bitácora Verdejo 2019,Spain,Rueda,Cuatro Rayas,3.9,31,4.28,2019,4,28
Macabeo 2018,Spain,Castilla,Crin Roja,2.9,78,4.25,2018,4,25
Blanco 2015,Spain,Rioja,Bodegas Aradon,3.5,31,4.0,2015,4
Sauvignon Blanc 2018,Spain,La Mancha,Añoranza,3.1,37,3.75,2018,3,75
Vermentino 2017,Italy,Toscana,Famiglia Castellani,3.8,25,5.65,2017,5,65
Ronco Broilo 2010,Italy,Colli Orientali del Friuli,Conte d'Attimis Maniago,4.3,25,44.9,2010,44,9
Weisser Schiefer s 2017,Austria,Südburgenland,Weinbau Uwe Schiefer,4.2,25,33.25,2017,33,25
Chardonnay 2018,Germany,Rheinhessen,Krämer - Straight,3.9,25,8.99,2018,8,99
Maganza Zibibbo 2018,Italy,Terre Siciliane,Luna Gaia,3.9,25,8.6,2018,8,6
Chardonnay 2019,Germany,Pfalz,Schneider,3.7,25,15.9,2019,15,9
Goldloch Riesling GG 2016,Germany,Nahe,Diel,4.1,25,33.9,2016,33,9
Kieselberg GG 2015,Germany,Pfalz,Von Winning,4.1,25,33.95,2015,33,95
Catarratto 2019,Italy,Terre Siciliane,Feudi Branciforti dei Bordonaro,3.8,25,5.0,2019,5
Safari Pecorino 2017,Italy,Terre di Chieti,Bove,3.4,25,6.74,2017,6,74
Sauvignon Veneto 2019,Italy,Veneto,Torresella,3.8,25,6.77,2019,6,77
Berg Riesling 2018,France,Alsace,Domaine Pfister,4.2,25,15.9,2018,15,9
Grechetto 2018,Italy,Umbria,SIGNÆ,3.6,25,8.9,2018,8,9
Riesling 'Le Gallais' Wiltinger Braune Kupp Kabinett 2018,Germany,Wiltingen,Egon Müller - Scharzhof,4.3,25,38.94,2018,38,94
Unterebner Pinot Grigio 2018,Italy,Südtirol - Alto Adige,Tramin,3.7,25,20.37,2018,20,37
Oestricher Muschelkalk Riesling Trocken 2018,Germany,Rheingau,Spreitzer,3.8,25,10.4,2018,10,4
Mâcon-Prissé 2014,France,Mâcon-Prissé,Les Héritiers du Comte Lafon,3.7,25,25.92,2014,25,92
Kallstadter Steinacker Riesling 2015,Germany,Pfalz,Rings,4.0,25,19.0,2015,19
Kerner Carned 2018,Italy,Südtirol - Alto Adige,Cantina Kaltern,3.7,25,16.17,2018,16,17
Fehérburgundi 2017,Hungary,Sopron,Weninger,3.9,25,11.02,2017,11,02
Grauburgunder - Weissburgunder 2019,Germany,Pfalz,Weingut A. Diehl,3.4,25,7.05,2019,7,05
Weisser Burgunder Trocken 2013,Germany,Rheinhessen,Wittmann,3.9,25,10.63,2013,10,63
Ruppertsberg Riesling 2017,Germany,Pfalz,A. Christmann,3.7,25,19.87,2017,19,87
Weissburgunder Trocken 2017,Germany,Ahr,Burggarten,3.9,25,10.72,2017,10,72
Deep Blue 2018,Germany,Nahe,Martin Tesch,3.5,25,10.9,2018,10,9
Gewürztraminer - Riesling Trocken 2017,Germany,Pfalz,Knipser,3.9,25,10.9,2017,10,9
Veneto Bianco 2017,Italy,Veneto,Cantina di Soave,2.7,25,5.42,2017,5,42
Kalk & Stein 2017,Germany,Pfalz,Rings,4.1,25,16.7,2017,16,7
Schlossberg 2017,Germany,Rheingau,Schloss Vollrads,3.9,25,27.78,2017,27,78
Schick und Schön 2018,Germany,German Wine,Tina Pfaffmann,3.7,25,10.9,2018,10,9
R Chardonnay Nature 2018,Germany,Pfalz,Weingut Seckinger,3.7,25,15.4,2018,15,4
Johannisberg Riesling Alte Reben Trocken 2018,Germany,Rheingau,Trenz,3.8,25,11.9,2018,11,9
Live Wire Riesling 2019,Australia,Barossa,Langmeil,3.5,25,11.95,2019,11,95
Pinot Gris 2016,Luxembourg,Luxembourg,Château de Schengen,4.1,25,21.44,2016,21,44
Muscadet Sèvre-et-Maine Sur Lie 2017,France,Muscadet-Sevre et Maine,Marc Brédif,3.9,25,14.38,2017,14,38
W Riesling 2016,Germany,Mosel,Markus Molitor,3.4,25,31.68,2016,31,68
Ried Schafflerberg Grüner Veltliner 2018,Austria,Wagram,Leth,3.9,25,12.07,2018,12,07
Westhofener Weisser Burgunder - Chardonnay Trocken 2017,Germany,Rheinhessen,Wittmann,4.1,25,18.53,2017,18,53
Schiefer Riesling Trocken 2018,Germany,Mosel,Villa Huesgen,3.6,25,14.11,2018,14,11
Castel Firmian Pinot Grigio Riserva 2018,Italy,Teroldego Rotaliano,Mezzacorona,4.0,25,9.37,2018,9,37
Grauer Burgunder Trocken 2016,Germany,Baden,Bernhard Huber,3.8,25,17.79,2016,17,79
Chenin Blanc 2018,South Africa,Robertson,Klippenkop,3.6,25,6.54,2018,6,54
Côte de Rouffach Pinot Gris 2017,France,Alsace,René Muré,4.1,25,15.5,2017,15,5
Chardonnay Kalkstein Trocken 2018,Germany,Rheinhessen,Manz,3.9,25,11.5,2018,11,5
Schlossberg Achkarren Grauburgunder GG 2016,Germany,Baden,Dr. Heger,4.0,25,28.0,2016,28
Frühtau Riesling Trocken 2018,Germany,Nahe,Emrich-Schönleber,3.9,26,17.5,2018,17,5
Pouilly-Vinzelles En Paradis 2018,France,Pouilly-Vinzelles,Louis Latour,3.8,26,15.98,2018,15,98
Sauvignon Blanc 2019,Germany,Pfalz,Ellermann-Spiegel,4.1,26,7.36,2019,7,36
Weissburgunder Trocken 2018,Germany,Nahe,Emrich-Schönleber,3.8,26,15.5,2018,15,5
Pinot Grigio 2019,Italy,Terre Siciliane,Epicuro,3.5,26,5.5,2019,5,5
Sauvignon Blanc Reserva 2018,Chile,Maipo Valley,Escudo Rojo,3.5,26,7.36,2018,7,36
Villa Blanche Sauvignon Blanc 2018,France,Pays d'Oc,Calmel & Joseph,3.4,26,7.4,2018,7,4
Greco di Tufo 2018,Italy,Campania,Pietracupa,4.0,26,23.65,2018,23,65
Spring Fever Chardonnay 2018,Australia,Eden Valley,Langmeil,3.6,26,11.95,2018,11,95
Collemare Marche Bianco 2016,Italy,Marche,Roberto Lucarelli,3.9,26,10.95,2016,10,95
Lotterbrunnen Gewürztraminer 2016,Italy,Südtirol - Alto Adige,Castel Sallegg,4.1,26,11.5,2016,11,5
Jalè (Tenuta Ficuzza) 2018,Italy,Sicilia,Cusumano,4.1,26,15.5,2018,15,5
Meursault Blanc 2017,France,Meursault,Bouchard Père & Fils,3.8,26,38.7,2017,38,7
Sauvignon Blanc 2018,Hungary,Tolna,Tűzkő,3.5,26,7.66,2018,7,66
Monte Carbonare 2018,Italy,Soave Classico,Suavia,4.1,26,12.3,2018,12,3
Chablis 1er Cru 'Vaillons' 2018,France,Chablis 1er Cru 'Vaillons',Domaine Servin,3.8,26,22.5,2018,22,5
Der Ott 2018,Austria,Wagram,Bernhard Ott,3.8,26,20.9,2018,20,9
Vale do Homem Alvarinho 2018,Portugal,Minho,Quintas do Homem,3.7,26,8.38,2018,8,38
Grauer Burgunder 2017,Austria,Südsteiermark,Weingut Erich & Walter Polz,3.7,26,22.3,2017,22,3
Riesling Trocken 2018,Germany,Rheinhessen,Hofmann,3.7,26,7.95,2018,7,95
Grüner Veltliner Lamm Reserve 2017,Austria,Kamptal,Weingut Bründlmayer,4.1,26,43.99,2017,43,99
Vulkanfelsen Grauer Burgunder Spätlese Trocken 2014,Germany,Baden,Burkheimer,3.8,26,15.9,2014,15,9
Vernaccia di San Gimignano 2019,Italy,Vernaccia di San Gimignano,Fattoria San Donato,3.4,26,11.21,2019,11,21
Sauvignon Blanc Quarzit 2019,Germany,Pfalz,Weingut Pflüger,3.9,26,8.0,2019,8
Royal Riesling Kabinett Trocken 2018,Germany,Johannisberg,Prinz von Hessen,4.0,26,12.5,2018,12,5
Grauburgunder Trocken 2019,Germany,Rheinhessen,Hofmann,3.8,26,7.95,2019,7,95
Doria 2017,France,Luberon,Marrenon,3.5,26,11.99,2017,11,99
Chardonnay 2019,France,Vin de France,Château Pesquie,3.6,26,8.1,2019,8,1
Châteauneuf-du-Pape Prestige 2012,France,Châteauneuf-du-Pape,Domaine de la Janasse,4.1,26,69.95,2012,69,95
Chenin Blanc 2019,South Africa,Western Cape,Long Beach,3.7,26,5.79,2019,5,79
Sancerre Blanc 2019,France,Sancerre,Pascal Jolivet,4.1,26,24.24,2019,24,24
Iphöfer Julius-Echter-Berg Riesling 2018,Germany,Franken,Hans Wirsching,3.8,26,14.74,2018,14,74
Arcane 2018,France,Saumur,Château de Fosse-Sèche,4.0,26,27.2,2018,27,2
Wildcard Chardonnay (Unoaked) 2018,Australia,South Australia,Peter Lehmann,3.1,26,6.69,2018,6,69
Chenin 2018,South Africa,Western Cape,Luddite,4.0,26,32.9,2018,32,9
Vieilles Vignes Côtes Catalanes Blanc 2015,France,Côtes Catalanes,Gauby,4.0,26,29.15,2015,29,15
Evoè Bianco 2013,Italy,Toscana,Panizzi,3.8,26,24.24,2013,24,24
Grüner Veltliner Ried Loibenberg 2017,Austria,Wachau,Pichler-Krutzler,3.8,26,32.87,2017,32,87
Bandol Blanc 2016,France,Bandol,Domaine de la Tour du Bon,3.8,26,18.84,2016,18,84
Souvignier Gris 2017,Italy,Mitterberg,Thomas Niedermayr,3.8,26,16.9,2017,16,9
Weissburgunder 2018,Italy,Südtirol - Alto Adige,Colterenzio (Schreckbichl),3.7,26,9.21,2018,9,21
Benedictus Lugana 2018,Italy,Lugana,Le Morette,3.7,26,9.8,2018,9,8
Trebbiano d'Abruzzo 2016,Italy,Trebbiano d'Abruzzo,Villamedoro,3.1,26,4.7,2016,4,7
Arneis Langhe 2018,Italy,Langhe,Ascheri,3.6,26,9.9,2018,9,9
Trebbiano d'Abruzzo 2018,Italy,Trebbiano d'Abruzzo,Caldora,2.9,26,4.75,2018,4,75
Pessac-Léognan Blanc 2015,France,Pessac-Léognan,Château Gazin Rocquencourt,4.0,26,34.15,2015,34,15
Pratum 2015,Italy,Südtirol - Alto Adige,Castel Sallegg,4.0,26,26.29,2015,26,29
Ölberg Riesling 2017,Germany,Rheinhessen,Kühling-Gillot,4.2,26,35.65,2017,35,65
Alt Scheidt Riesling Feinherb 2017,Germany,Mosel,Peter Lauer,3.8,26,11.95,2017,11,95
Steren Weiß- & Grauburgunder Trocken 2018,Germany,Franken,Bürgerspital,3.2,26,9.39,2018,9,39
Neuburger Freyheit 2017,Austria,Bergland,Heinrich,3.7,26,18.98,2017,18,98
Sauvignon Blanc 2018,New Zealand,Marlborough,Main Divide,3.8,26,16.95,2018,16,95
Sauvignon Blanc 2019,South Africa,Cape Point,Cape Point Vineyards,3.5,26,13.25,2019,13,25
Mandorlo White Blend 2018,Italy,Toscana,Montellori,3.7,26,9.37,2018,9,37
Ruppertsberger Riesling 2017,Germany,Pfalz,Fußer,3.7,26,10.6,2017,10,6
Schieferblume Riesling Trocken 2018,Germany,Mosel,Rita & Rudolf Trossen,3.8,26,13.4,2018,13,4
Embruns de Viognier 2019,France,Pays d'Oc,Michel Gassier,3.5,26,9.68,2019,9,68
M Grüner Veltliner Smaragd 2017,Austria,Wachau,F.X. Pichler,4.3,26,72.5,2017,72,5
L'Aubinière Muscadet Sèvre et Maine Sur Lie 2018,France,Muscadet-Sevre et Maine,Terroirs de la Noëlle,3.4,27,6.5,2018,6,5
Chardonnay Felsenstein 2018,Austria,Burgenland,Birgit Braunstein,3.8,27,11.95,2018,11,95
Christoffel Hazenwinkel The White Blend 2018,South Africa,Western Cape,Hazendal,3.4,27,14.5,2018,14,5
Appenheimer Riesling Kalkstein 2018,Germany,Rheinhessen,Knewitz,3.6,27,14.5,2018,14,5
Rotschiefer Riesling 2014,Germany,Mosel,Sorentberg,3.8,27,14.7,2014,14,7
Bordeaux Blanc Sec 2016,France,Bordeaux Sec,Château Lafaurie-Peyraguey,3.9,27,67.75,2016,67,75
Hattenheimer Schützenhaus Riesling Kabinett 2018,Germany,Rheingau,Balthasar Ress,3.8,27,13.9,2018,13,9
Hipping Riesling 2016,Germany,Rheinhessen,Schätzel,3.6,27,60.96,2016,60,96
Obvius Bianco 2017,Italy,Toscana,Salcheto,3.5,27,13.9,2017,13,9
Manzoni Bianco Fontanasanta 2019,Italy,Vigneti delle Dolomiti,Foradori,3.6,27,18.06,2019,18,06
Riesling Charta 2017,Germany,Rheingau,Barth,3.8,27,13.68,2017,13,68
Barrique Sauvignon Blanc 2015,New Zealand,Marlborough,Saint Clair,4.0,27,18.95,2015,18,95
Schiefersteil Riesling 2018,Germany,Mosel,Markus Molitor,4.0,27,12.5,2018,12,5
Markus Pfaffmann Sauvignon Blanc Trocken 2019,Germany,Pfalz,Karl Pfaffmann,4.1,27,7.5,2019,7,5
Bürklin Estate Riesling 2018,Germany,Pfalz,Dr. Bürklin-Wolf,3.7,27,12.5,2018,12,5
Chardonnay 2017,United States,Monterey,Craftwork,3.7,27,14.99,2017,14,99
Ritterpfad Riesling Kabinett 2015,Germany,Mosel,Van Volxem,4.0,27,17.95,2015,17,95
Pinot Bianco - Pinot Nero 2017,Italy,Veneto,Biscardo,3.6,27,7.2,2017,7,2
Escherndorfer Lump Riesling S. 2018,Germany,Franken,Horst Sauer,3.9,27,18.0,2018,18
Catarratto - Zibibbo 2019,Italy,Terre Siciliane,Vaccaro,4.0,27,7.31,2019,7,31
Bentrock Chardonnay 2013,United States,Sta. Rita Hills,Sandhi,4.1,27,89.0,2013,89
Bourgogne Blanc Retour des Flandres 2016,France,Bourgogne,Régnard,3.6,27,20.65,2016,20,65
Sauvignon Blanc 2019,France,Pays d'Oc,Paul Mas,3.7,27,5.5,2019,5,5
Freundstück GG 2017,Germany,Pfalz,Georg Mosbacher,4.1,27,28.24,2017,28,24
Riesling 2019,Germany,Pfalz,Schneider,3.6,27,10.3,2019,10,3
The Vine in Flames Fetească Regală Dry 2018,Romania,Dealu Mare,Budureasca,3.5,27,9.9,2018,9,9
Graacher Himmelreich Riesling Auslese 2016,Germany,Graach,Joh. Jos. Prüm,4.1,27,32.65,2016,32,65
Pinot Grigio 2019,Italy,Venezia Giulia,Jermann,3.8,27,16.85,2019,16,85
Höllberg Riesling GG 2017,Germany,Rheinhessen,Wagner-Stempel,4.0,27,37.56,2017,37,56
Riesling 2017,Germany,Mosel,Heymann-Löwenstein,3.5,27,37.0,2017,37
Kirchberg 2017,Germany,Mosel,Heymann-Löwenstein,3.8,27,24.0,2017,24
Geheimrat J Riesling Spätlese Trocken 2015,Germany,Rheingau,Weingüter Wegeler,4.1,27,24.9,2015,24,9
Merus Sauvignon Blanc 2019,Italy,Trentino,Tiefenbrunner,4.1,27,9.99,2019,9,99
Forster Ungeheuer Riesling 2018,Germany,Pfalz,Von Winning,4.3,27,35.0,2018,35
Bourgogne Hautes Côtes de Beaune Blanc 2007,France,Bourgogne Hautes-Côtes de Beaune,Jayer Gilles,3.4,27,25.0,2007,25
Sommer Riesling Trocken 2019,Germany,Rheingau,Schloss Vollrads,3.8,27,7.9,2019,7,9
Lagar de Darei Branco 2017,Portugal,Dão,Darei,3.7,27,8.77,2017,8,77
Chenin Blanc 2018,South Africa,Stellenbosch,Rainbow's End,3.6,27,8.9,2018,8,9
Lugana Blanc 2019,Italy,Lugana,Ca' Lojera,3.9,27,10.57,2019,10,57
Bèru 2015,Italy,Vermentino di Gallura,Siddura,3.9,27,34.9,2015,34,9
Cà del Lago Lugana 2019,Italy,Lugana,Villabella,4.0,27,9.83,2019,9,83
Weissburgunder Trocken 2019,Germany,Pfalz,Weingut Metzger,3.8,27,8.5,2019,8,5
Hard 2017,Germany,Baden,Ziereisen,4.3,27,26.5,2017,26,5
Gewürztraminer 2019,Italy,Südtirol - Alto Adige,Tramin,3.8,27,9.73,2019,9,73
RS Grauburgunder 2017,Germany,Baden,Salwey,3.9,27,15.5,2017,15,5
Lugana 2019,Italy,Lugana,Roveglia,4.1,27,11.9,2019,11,9
Würzburger Stein Silvaner GG 2016,Germany,Franken,Juliusspital,4.0,27,29.9,2016,29,9
Grüner Silvaner Trocken 2018,Germany,Rheinhessen,Knewitz,3.6,27,8.07,2018,8,07
Chardonnay 2018,Austria,Mittelburgenland,Gesellmann,3.5,27,15.9,2018,15,9
Blanco 2019,Portugal,Vinho Verde,Escudo Real,3.4,27,5.71,2019,5,71
Garganega - Chardonnay delle Venezie Cuvée 2018,Italy,delle Venezie,Cielo e Terra,3.4,27,4.38,2018,4,38
7 Terroirs 2019,Germany,Nahe,Gut Hermannsberg,3.8,27,11.6,2019,11,6
Bianco Passivento 2019,Italy,Terre Siciliane,Barone Montalto,3.9,27,8.32,2019,8,32
Weissburgunder Trocken 2017,Germany,Saale-Unstrut,Winzervereinigung Freyburg-Unstrut,3.4,27,9.72,2017,9,72
Faius 2016,Italy,Irpinia,I Capitani,3.9,27,15.69,2016,15,69
Paradies Riesling 2018,Germany,Nahe,Korrell,4.1,27,22.7,2018,22,7
Bernkasteler Badstube Riesling Kabinett Feinherb 2015,Germany,Mosel,Markus Molitor,3.9,27,16.95,2015,16,95
Reserva Chardonnay 2016,Portugal,Lisboa,Quinta do Lagar Novo,3.8,28,13.65,2016,13,65
Collage Grauer Burgunder 2018,Germany,Pfalz,Hammel & Cie,3.9,28,9.46,2018,9,46
Franciscus Grüner Veltliner 2016,Austria,Kremstal,Salomon Undhof,3.2,28,10.23,2016,10,23
Ungeheuer Riesling GG 2018,Germany,Pfalz,Dr. Von Bassermann-Jordan,4.2,28,34.12,2018,34,12
Riesling Federspiel Himmelstiege 2019,Austria,Wachau,Domäne Wachau,3.4,28,9.85,2019,9,85
Kastanienbusch GG 2018,Germany,Pfalz,Ökonomierat Rebholz,4.2,28,66.31,2018,66,31
Limne 2019,Italy,Lugana,Roveglia,3.7,28,9.11,2019,9,11
Riesling 2017,France,Alsace,Albert Boxler,3.9,28,27.78,2017,27,78
Grüner Veltliner 2019,Austria,Kamptal,Loimer,3.9,28,9.44,2019,9,44
Chardonnay 2018,France,Pays d'Oc,Abbotts & Delaunay,3.7,28,6.73,2018,6,73
Verdicchio Dei Castelli Di Jesi Classico Le Vele 2019,Italy,Verdicchio dei Castelli di Jesi,Moncaro,3.7,28,6.32,2019,6,32
Chinon Blanc 2017,France,Chinon,Château de Saint Louans,4.2,28,27.29,2017,27,29
Rotenberg GG 2016,Germany,Nahe,Gut Hermannsberg,4.0,28,29.5,2016,29,5
Chardonnay 2017,United States,California,American Wings,3.2,28,6.73,2017,6,73
Diel de Diel Weisses Cuvée Trocken 2017,Germany,Nahe,Diel,3.6,28,11.95,2017,11,95
Vermentino (Etichetta Nera/Black Label) 2019,Italy,Colli di Luni,Lvnae,4.0,28,19.45,2019,19,45
Riesling Alsace Grand Cru 'Geisberg' 2012,France,Alsace Grand Cru 'Geisberg',Trimbach,4.4,28,53.35,2012,53,35
Sankt Nikolaus Riesling Trocken 2017,Germany,Rheingau,Peter Jakob Kühn,4.3,28,42.89,2017,42,89
Nachts Sind Alle Burgunder Grau 2019,Germany,Pfalz,Karl Pfaffmann,4.2,28,7.9,2019,7,9
Sauvignon Blanc 2018,South Africa,Stellenbosch,Drostdy-Hof,3.0,28,7.79,2018,7,79
Chardonnay 2019,South Africa,Durbanville,Durbanville Hills,3.5,28,7.99,2019,7,99
Neuland Grüner Veltliner 2019,Austria,Weinviertel,Herbert Zillinger,3.7,28,8.24,2019,8,24
Grauburgunder 2019,Germany,Rheinhessen,Krämer - Straight,3.9,28,7.73,2019,7,73
Sauvignon Stern 2018,Italy,Südtirol - Alto Adige,Cantina Kaltern,3.9,28,12.18,2018,12,18
Les Chays Condrieu 2015,France,Condrieu,Chirat,4.0,28,41.43,2015,41,43
Weissburgunder Trocken 2018,Germany,Pfalz,Studier,3.8,28,7.64,2018,7,64
Saumur Blanc 2018,France,Saumur,Langlois-Chateau,3.7,28,11.16,2018,11,16
Cellar Selection Chenin Blanc 2019,South Africa,Stellenbosch,Kleine Zalze,3.8,28,7.5,2019,7,5
Pinot Grigio 2019,Italy,Garda,La Prendina,3.7,28,10.96,2019,10,96
Hipping Riesling 2015,Germany,Rheinhessen,Kühling-Gillot,4.3,28,45.0,2015,45
Grauburgunder Trocken 2018,Germany,Nahe,Dönnhoff,3.6,28,12.57,2018,12,57
Sciare di Est Insolia 2017,Italy,Terre Siciliane,Antichi Vinai,3.6,28,7.42,2017,7,42
Bourgogne Aligoté 2018,France,Bourgogne Aligoté,Louis Jadot,3.5,28,12.6,2018,12,6
Le Chardonnay Limoux Blanc 2014,France,Limoux,Domaine de Baron'arques,3.8,28,37.82,2014,37,82
Vernaccia di San Gimignano 2018,Italy,Vernaccia di San Gimignano,Palagetto,3.5,28,8.5,2018,8,5
Aulerde Riesling GG 2018,Germany,Rheinhessen,Wittmann,4.1,28,36.0,2018,36
Maximin Herrenberg 1896 Riesling Alte Reben 2014,Germany,Mosel,Carl Loewen,3.9,28,47.99,2014,47,99
Berger Baron Bordeaux Blanc 2017,France,Bordeaux,Baron Philippe de Rothschild,3.1,28,8.72,2017,8,72
Trittenheimer Apotheke Riesling Trocken 2018,Germany,Mosel,Ansgar Clüsserath,4.0,28,25.83,2018,25,83
Pian di Rèmole Bianco 2018,Italy,Toscana,Frescobaldi,3.6,28,6.95,2018,6,95
Bouquet Terre Siciliane 2018,Italy,Terre Siciliane,Tenuta Rapitalà,3.6,28,10.57,2018,10,57
Chardonnay 2018,United States,North Coast,Ghost Pines,3.8,28,13.47,2018,13,47
Cococciola (Unico) 2019,Italy,Terre di Chieti,Tenuta Ulisse,3.8,28,8.9,2019,8,9
Ried Loibenberg Riesling Smaragd 2018,Austria,Wachau,F.X. Pichler,4.3,28,40.19,2018,40,19
Riesling Feinherb 2018,Germany,Rheingau,Schloss Vollrads,3.5,28,9.5,2018,9,5
Meursault-Genevrières Premier Cru 2013,France,Meursault 1er Cru 'Genevrières',Domaine Jean Monnier & Fils,4.0,28,95.36,2013,95,36
Niederberg Helden Riesling Kabinett 2018,Germany,Mosel,Schloss Lieser,3.9,28,17.1,2018,17,1
Sonnenberg Chardonnay Trocken 2018,Germany,Pfalz,Jülg,4.0,28,17.5,2018,17,5
Pinot Grigio Veneto 2019,Italy,Veneto,Vivolo di Sasso,3.4,28,5.29,2019,5,29
Oestricher Doosberg Alte Reben Riesling Trocken 2017,Germany,Rheingau,Spreitzer,3.9,28,16.9,2017,16,9
Poggio Al Tufo Vermentino 2018,Italy,Toscana,Tommasi,3.4,28,15.05,2018,15,05
Kaisermantel Weissburgunder 2019,Germany,Baden,Dr. Koehler,4.1,28,6.25,2019,6,25
Uvam Pinot Grigio 2019,Italy,delle Venezie,Maurizio B Martino MBM,3.7,28,5.25,2019,5,25
Kalkundkiesel 2019,Austria,Burgenland,Claus Preisinger,3.9,29,16.08,2019,16,08
Riverpoint Vineyard Gewürztraminer 2014,New Zealand,Gisborne,Millton,3.9,29,17.45,2014,17,45
Langenmorgen G.C 2014,Germany,Pfalz,Dr. Bürklin-Wolf,4.1,29,70.0,2014,70
Côtes du Rhône Le Caillou Blanc 2017,France,Côtes-du-Rhône,Clos du Caillou,3.4,29,10.9,2017,10,9
Sauvignon Blanc (Warrelwind) 2019,South Africa,Western Cape,MAN,3.6,29,5.49,2019,5,49
Fundament Riesling Trocken 2017,Germany,Pfalz,Wageck-Pfaffmann,3.2,29,8.56,2017,8,56
Viognier 2017,South Africa,Paarl,Fairview,3.4,29,15.98,2017,15,98
Parapli Chardonnay 2015,Hungary,Balaton,Kristinus,3.7,29,13.6,2015,13,6
Benedete Ribolla Gialla 2018,Italy,Veneto,Collavini,3.5,29,13.6,2018,13,6
Königsbacher Ölberg Riesling 2018,Germany,Pfalz,A. Christmann,3.6,29,25.35,2018,25,35
Cuvée Bérengère Chardonnay - Viognier 2018,France,Coteaux-d'Ensérune,Regismont,3.5,29,6.12,2018,6,12
Chardonnay 2017,Italy,Friuli Grave,Borgo Magredo,3.4,29,8.78,2017,8,78
GG Kirchberg Weissburgunder 2015,Germany,Baden,Salwey,4.3,29,35.0,2015,35
Clos Boucher Condrieu 2017,France,Condrieu,Delas,4.1,29,58.39,2017,58,39
Chiara 2018,Italy,Toscana,Poggio Al Sole,3.6,29,10.47,2018,10,47
Lahrer Grauburgunder 2018,Germany,Baden,Weingut Wöhrle,3.6,29,10.46,2018,10,46
Pecorino Terre di Chieti 2019,Italy,Terre di Chieti,Collefrisio,4.0,29,8.9,2019,8,9
Niederberg Helden Riesling GG 2017,Germany,Mosel,Schloss Lieser,3.8,29,26.5,2017,26,5
Steingrüble 2017,Germany,Baden,Ziereisen,4.1,29,13.95,2017,13,95
Zeltinger Riesling Kabinett Trocken 2018,Germany,Mosel,Selbach-Oster,3.8,29,13.95,2018,13,95
Piesporter Riesling Feinherb 2017,Germany,Piesport,Kurt Hain,4.0,29,8.72,2017,8,72
Live Wire Riesling 2018,Australia,Barossa,Langmeil,4.0,29,11.06,2018,11,06
Marani 2018,Italy,Veneto,Sartori,3.8,29,8.39,2018,8,39
Sallier de La Tour Grillo 2019,Italy,Sicilia,Tasca d'Almerita,3.9,29,8.9,2019,8,9
Auxerrois 2018,Germany,Baden,Klumpp,3.6,29,12.8,2018,12,8
Chardonnay 2018,South Africa,Cape Town,Cape Town Wine Co,3.0,29,7.5,2018,7,5
Escherndorfer Riesling 2018,Germany,Escherndorf,Horst Sauer,3.4,29,12.5,2018,12,5
Chenin Blanc 2018,South Africa,Paarl,Windmeul Kelder Cellar,3.4,29,7.5,2018,7,5
Weißburgunder Muschelkalk 2018,Germany,Baden,Enderle & Moll,3.9,29,15.01,2018,15,01
ReinSchiefer Nierstein Riesling 2017,Germany,Nierstein,Schätzel,3.6,29,20.53,2017,20,53
Schellenbrunnen Riesling GG 2014,Germany,Baden,Heitlinger,3.9,29,30.39,2014,30,39
Halgans Riesling Trocken 2018,Germany,Nahe,Emrich-Schönleber,4.1,29,20.84,2018,20,84
Saarburger Rausch Spätlese Riesling 2015,Germany,Mosel,Markus Molitor,3.6,29,20.95,2015,20,95
Sauvignon Riserva 2014,Italy,Südtirol - Alto Adige,Cantina Bolzano / Kellerei Bozen,3.8,29,18.03,2014,18,03
Sauvignon 2018,France,Loire Valley,Domaine de la Foliette,3.4,29,7.7,2018,7,7
Deidesheimer Paradiesgarten 2017,Germany,Pfalz,Reichsrat von Buhl,4.1,29,21.0,2017,21
Riesling 'D' 2016,New Zealand,Marlborough,Te Whare Ra,3.8,29,21.45,2016,21,45
Jesuitengarten Riesling GG 2017,Germany,Pfalz,Dr. Von Bassermann-Jordan,4.0,29,43.77,2017,43,77
Johannishof Riesling Trocken 2019,Germany,Pfalz,Knipser,3.8,29,7.9,2019,7,9
Sauvignon Blanc 2019,Slovenia,Štajerska,Verus,3.9,29,11.9,2019,11,9
Chardonnay 2018,France,Pays d'Oc,Domaine d'Aubaret,3.5,29,6.95,2018,6,95
Sauvignon Blanc 500 2018,Germany,Pfalz,Von Winning,4.3,29,40.0,2018,40
Réserve Spéciale Sauvignon Blanc 2019,France,Pays d'Oc,Gérard Bertrand,3.9,29,8.32,2019,8,32
Terravignata Verdicchio di Matelica 2018,Italy,Verdicchio di Matelica,Borgo Paglianetto,3.4,29,11.35,2018,11,35
Lugana Lago 2019,Italy,Lugana,Zenato,3.4,29,6.9,2019,6,9
Bourgogne Blanc 2014,France,Bourgogne,Domaine Bruno Clair,3.8,29,23.29,2014,23,29
Lorch Riesling 2016,Germany,Rheingau,August Kesseler,4.0,29,16.5,2016,16,5
Pouilly-Fuissé Pentacrine 2016,France,Pouilly-Fuissé,Domaine Saumaize-Michelin,4.0,29,24.08,2016,24,08
Passerina (Unico) 2019,Italy,Terre di Chieti,Tenuta Ulisse,3.9,29,9.5,2019,9,5
Pinot Grigio 2019,Italy,Venezia Giulia,Sacchetto,3.7,29,4.94,2019,4,94
Niederhäuser Hermannshöhle Riesling Spätlese 2018,Germany,Nahe,Dönnhoff,4.1,29,29.9,2018,29,9
Steinreich Riesling 2017,Germany,Mosel,Ansgar Clüsserath,3.9,29,14.14,2017,14,14
Clisson 2017,France,Muscadet-Sevre et Maine,Pépière,3.5,29,17.06,2017,17,06
Châteauneuf-du-Pape Blanc 2017,France,Châteauneuf-du-Pape,Château de Nalys,3.8,29,66.0,2017,66
Chardonnay Riserva 2013,Italy,Südtirol - Alto Adige,Cantina Bolzano / Kellerei Bozen,3.9,29,18.5,2013,18,5
Grauburgunder Trocken 2018,Germany,Rheinhessen,Villa Welter,3.8,29,6.5,2018,6,5
Châteauneuf-du-Pape Blanc 2018,France,Châteauneuf-du-Pape,Château Mont-Redon,3.9,29,28.18,2018,28,18
Weissburgunder 2018,Germany,Rheinhessen,St. Antony,3.5,29,9.26,2018,9,26
Ungeheuer GG 2018,Germany,Pfalz,Von Winning,4.3,29,34.0,2018,34
Grauburgunder 2018,Germany,Baden,Klumpp,3.9,29,9.9,2018,9,9
Cantaloro Toscana Bianco 2018,Italy,Toscana,Avignonesi,3.6,29,9.65,2018,9,65
Steillage Riesling Trocken 2017,Germany,Mosel,Weinhaus Gebruder Steffen,3.6,29,9.53,2017,9,53
Fiano Salento 2018,Italy,Salento,Masseria Altemura,3.8,29,8.9,2018,8,9
Riebeeksrivier Chenin Blanc 2017,South Africa,Swartland,Cape of Good Hope,3.6,29,13.99,2017,13,99
Contraste Branco 2017,Portugal,Douro,Conceito,3.5,29,9.9,2017,9,9
Furmint 2017,Austria,Steiermark,Herrenhof Lamprecht,3.7,30,13.24,2017,13,24
Chardonnay 2018,Australia,Riverina,Pokerface,3.4,30,7.35,2018,7,35
Gorgona 2014,Italy,Toscana,Frescobaldi,4.3,30,213.4,2014,213,4
Chardonnay 2017,Italy,Sicilia,Stemmari,3.5,30,6.23,2017,6,23
Premium Sauvignon Blanc 2019,New Zealand,Marlborough,Saint Clair,3.9,30,10.95,2019,10,95
Beaune 1er Cru Grèves Blanc 2011,France,Beaune 1er Cru 'Les Grèves',Jean-Marc Morey,4.3,30,48.43,2011,48,43
Chablis 1er Cru 'Vaillons' 2015,France,Chablis 1er Cru 'Vaillons',La Chablisienne,3.6,30,23.9,2015,23,9
Côtes de Provence Blanc 2018,France,Côtes de Provence,Château de Pampelonne,3.6,30,14.4,2018,14,4
Clos Saint Landelin Riesling 2016,France,Alsace,René Muré,4.0,30,29.15,2016,29,15
Weisser Burgunder Tradition 2017,Germany,Pfalz,Philipp Kuhn,3.5,30,11.19,2017,11,19
Perfiles Calcareo Chardonnay 2016,Argentina,Mendoza,Trapiche,3.5,30,15.9,2016,15,9
Vom Gelben Fels Riesling Trocken 2018,Germany,Pfalz,Weingut Weegmüller,3.9,30,8.4,2018,8,4
Weissburgunder Löss Trocken 2018,Germany,Rheinhessen,Manz,3.6,30,7.95,2018,7,95
Gamlitzer Morillon 2017,Austria,Südsteiermark,Sattlerhof,3.6,30,15.89,2017,15,89
Niedermenniger Herrenberg Riesling Auslese 2010,Germany,Mosel,Markus Molitor,4.0,30,39.95,2010,39,95
Chardonnay 2018,New Zealand,Marlborough,Saint Clair,3.5,30,11.45,2018,11,45
Josef Spreitzer Riesling Trocken 2018,Germany,Rheingau,Spreitzer,3.5,30,8.9,2018,8,9
Illusion Eins (Blanc de Noir) 2019,Germany,Ahr,Meyer - Näkel,4.0,30,13.48,2019,13,48
Riesling Kabinett Trocken 2018,Germany,Rheinhessen,Manz,3.8,30,7.8,2018,7,8
Novel Pacherenc du Vic-Bilh Sec 2017,France,Pacherenc du Vic-Bilh Sec,Vignobles Marie Maria,3.8,30,13.25,2017,13,25
Gelber Orléans Trocken 2017,Germany,Pfalz,Knipser,4.0,30,17.0,2017,17
Weissburgunder 2019,Germany,Rheinhessen,Pfannebecker,3.8,30,9.12,2019,9,12
St. Stephan Réserve Chardonnay Trocken 2015,Germany,Pfalz,Weingut Metzger,3.7,30,19.01,2015,19,01
Chardonnay Bourgogne 2017,France,Bourgogne,Frédéric Magnien,3.5,30,15.5,2017,15,5
Wehlener Sonnenuhr Riesling Spätlese 2017,Germany,Mosel,Markus Molitor,4.0,30,19.45,2017,19,45
Estate Sauvignon Blanc 2019,Chile,Maipo Valley,Nuevo Mundo,3.7,30,11.7,2019,11,7
Doosberg Riesling Trocken 2017,Germany,Rheingau,Peter Jakob Kühn,4.1,30,49.0,2017,49
Languedoc Blanc 2017,France,Languedoc,Mortiès,3.6,30,16.9,2017,16,9
Chardonnay - Torrontés 2019,Argentina,Tupungato,Domaine Bousquet,3.5,30,7.2,2019,7,2
Saint-Aubin 1er Cru 'Les Charmois' 2015,France,Saint-Aubin 1er Cru 'Le Charmois',Domaine Sylvain Morey,4.2,30,64.0,2015,64
Meursault Blanc 2016,France,Meursault,Bouchard Père & Fils,3.9,30,48.09,2016,48,09
Aufwind Sauvignon Blanc 2019,Germany,Pfalz,Hensel,3.9,30,9.9,2019,9,9
Sancerre Blanc 2018,France,Sancerre,La Poussie,3.9,30,27.2,2018,27,2
Loiserberg Grüner Veltliner 2016,Austria,Kamptal,Loimer,3.9,30,16.11,2016,16,11
Trarbacher Schlossberg Riesling Kabinett 2018,Germany,Mosel,Weiser-Künstler,4.2,30,15.0,2018,15
Broquel Chardonnay 2017,Argentina,Mendoza,Trapiche,3.4,30,10.5,2017,10,5
Pinot Grigio 2017,Italy,delle Venezie,Villa Cavarena,3.4,30,9.99,2017,9,99
Wicker Nonnberg Riesling Trocken 2018,Germany,Rheingau,Joachim Flick,4.0,30,13.84,2018,13,84
Benefizio Riserva Pomino Bianco 2018,Italy,Pomino,Castello Pomino,3.9,30,26.18,2018,26,18
Meursault 2016,France,Meursault,Domaine Henri Delagrange et Fils,4.2,30,46.21,2016,46,21
Riesling Trocken 2019,Germany,Pfalz,Georg Mosbacher,3.6,30,10.1,2019,10,1
Haardt Weissburgunder 2017,Germany,German Wine,Müller-Catoir,3.8,30,12.58,2017,12,58
Riesling Kabinett Feinherb 2018,Germany,Rheingau,Schloss Vollrads,3.8,30,12.9,2018,12,9
Chardonnay 2018,Italy,delle Venezie,Casa Lunardi,3.5,30,5.95,2018,5,95
Quater Vitis Blanco 2018,Italy,Terre Siciliane,Firriato,4.1,30,13.89,2018,13,89
Sommeracher Katzenkopf Silvaner Trocken 2014,Germany,Franken,Winzer Sommerach,3.6,30,6.77,2014,6,77
Pouilly-Fuissé 2016,France,Pouilly-Fuissé,Les Héritiers du Comte Lafon,4.1,30,56.83,2016,56,83
Antu Chardonnay 2016,Chile,Itata Valley,MontGras,3.6,30,11.9,2016,11,9
Schlossberg Achkarren GG Grauburgunder 2017,Germany,Baden,Franz Keller,4.1,30,35.0,2017,35
Elgin Chardonnay 2018,South Africa,Elgin,Boschendal,4.3,30,32.99,2018,32,99
Blanc 2016,France,Côtes Catalanes,Domaine de l'Horizon,4.1,30,35.58,2016,35,58
Bianco 2018,Italy,Terre Siciliane,Monte Pietroso,3.7,30,3.79,2018,3,79
Château Les Vergnes Bordeaux White 2018,France,Bordeaux,Univitis,3.3,30,6.78,2018,6,78
Virtus Moscato 2016,Brazil,Serra Gaúcha,Monte Paschoal,2.8,30,6.77,2016,6,77
Riesling Eisquell 2019,Germany,Rheinhessen,Battenfeld Spanier,3.5,30,10.74,2019,10,74
Chante-Alouette Hermitage Blanc 1999,France,Hermitage,M. Chapoutier,3.4,30,55.95,1999,55,95
Viognier 2017,United States,California,Gnarly Head,3.6,31,12.59,2017,12,59
Gelber Muskateller 2017,Austria,Südsteiermark,Lackner Tinnacher,3.4,31,12.6,2017,12,6
Gaisböhl G.C 2017,Germany,Pfalz,Dr. Bürklin-Wolf,3.8,31,44.91,2017,44,91
Pouilly-Fuissé L'Ancien Prieuré 2015,France,Pouilly-Fuissé,Régnard,3.7,31,43.16,2015,43,16
Grecante Grechetto Colli Martani 2019,Italy,Colli Martani,Arnaldo-Caprai,3.8,31,12.6,2019,12,6
Wiltinger Riesling Trocken 2018,Germany,Wiltingen,Reichsgraf von Kesselstatt,4.0,31,12.67,2018,12,67
Châteauneuf-du-Pape (Tradition) Blanc 2018,France,Châteauneuf-du-Pape,Domaine de la Janasse,4.1,31,49.9,2018,49,9
Pinot Blanc 2016,France,Alsace,Jean-Rémy Haeffelin,3.7,31,7.59,2016,7,59
Sancerre Blanc 2018,France,Sancerre,Alban Roblin,3.8,31,18.31,2018,18,31
Mont Mès Cuvée Bianco 2018,Italy,Vigneti delle Dolomiti,Castelfeder,3.6,31,7.5,2018,7,5
Zieregg Morillon 2017,Austria,Südsteiermark,Tement,4.1,31,48.06,2017,48,06
Riesling Feinherb 2018,Germany,Rheingau,Künstler,3.6,31,12.39,2018,12,39
Sanct Valentin Sauvignon 2019,Italy,Südtirol - Alto Adige,St. Michael-Eppan,4.1,31,20.9,2019,20,9
Eins Zu Eins Sauvignon Blanc 2019,Germany,Pfalz,Weingut A. Diehl,4.1,31,7.09,2019,7,09
Weisser Burgunder vom Kalksteinfels 2018,Germany,Pfalz,Philipp Kuhn,3.8,31,13.13,2018,13,13
Pomino Bianco 2019,Italy,Pomino,Castello Pomino,3.5,31,9.61,2019,9,61
Cavalcade Blanc 2018,France,Côtes du Roussillon,Château de Corneilla,4.1,31,12.14,2018,12,14
Saarburger Rausch Auslese Riesling ** 2015,Germany,Mosel,Markus Molitor,4.2,31,44.95,2015,44,95
Scharzhofberger Riesling Spätlese 2011,Germany,Mosel,Bischöfliche Weingüter Trier,4.1,31,30.78,2011,30,78
Zöbing Riesling 2018,Austria,Kamptal,Hirsch,3.9,31,12.87,2018,12,87
Pinot Bianco 2018,Italy,Südtirol - Alto Adige,Nals Margreid,3.6,31,9.9,2018,9,9
Basilicata Greco - Fiano 2017,Italy,Basilicata,Brandano,3.9,31,8.77,2017,8,77
Estro Chardonnay 2018,Italy,Veneto,Astoria,3.7,31,9.99,2018,9,99
Vom Muschelkalk Appenheimer Riesling Trocken 2018,Germany,Rheinhessen,Hofmann,3.7,31,10.0,2018,10
Orbel Riesling 2017,Germany,Rheinhessen,St. Antony,3.8,31,18.9,2017,18,9
Meursault 1er Cru Les Genevrières 2017,France,Meursault Premier Cru,Domaine Henri Boillot,4.1,31,119.0,2017,119
Pinot Grigio 2019,Italy,delle Venezie,Cielo e Terra,3.6,31,4.82,2019,4,82
Derthona Timorasso Colli Tortonesi 2018,Italy,Colli Tortonesi,Vietti,3.8,31,25.9,2018,25,9
Weisser Burgunder Trocken 2015,Germany,Rheinhessen,Wittmann,3.7,31,11.11,2015,11,11
Chardonnay 2018,South Africa,McGregor,McGregor,3.5,31,5.55,2018,5,55
Riesling 2017,Germany,Mittelrhein,Weingut Toni Jost,3.5,31,8.4,2017,8,4
Campomaccione Vermentino Maremma Toscana 2019,Italy,Maremma Toscana,Rocca delle Macìe,4.0,31,8.4,2019,8,4
Grüner Veltliner Waldberg 2018,Austria,Weinviertel,Gmeinböck Poysdorf,3.6,31,8.75,2018,8,75
Seven Numbers Single Vineyard Furmint 2018,Slovenia,Podravje,Puklavec Family Wines,3.7,31,10.66,2018,10,66
Plansel Selecta Verdelho 2017,Portugal,Alentejano,Quinta da Plansel,3.8,31,8.9,2017,8,9
Camilla 2019,Italy,Lugana,Malavasi,4.2,31,11.4,2019,11,4
Felsenberg Riesling GG 2016,Germany,Nahe,Schäfer-Fröhlich,4.3,31,39.36,2016,39,36
Pinot Gris 2016,New Zealand,Marlborough,Leefield Station,3.4,31,13.9,2016,13,9
Les Genêts 2016,France,Provence,Château de Roquefort,3.7,31,14.9,2016,14,9
Op die Berg Chardonnay 2014,South Africa,Durbanville,De Grendel,4.1,31,26.69,2014,26,69
Mantele Sauvignon 2018,Italy,Südtirol - Alto Adige,Nals Margreid,3.9,31,16.47,2018,16,47
Pur Mineral Riesling 2017,Germany,Franken,Rudolf Fürst,3.8,31,14.0,2017,14
Friulano 2019,Italy,Colli Orientali del Friuli,Livio Felluga,3.9,31,18.9,2019,18,9
Château de la Chesnaie Sur Lie 2017,France,Muscadet-Sevre et Maine,Chéreau-Carré,3.8,31,8.24,2017,8,24
Maximin Herrenberg 1896 Riesling Alte Reben 2018,Germany,Mosel,Carl Loewen,4.1,31,22.23,2018,22,23
Weisser Burgunder Trocken 2018,Germany,Rheinhessen,Bischel,3.7,31,8.2,2018,8,2
Spiegel Sauvignon Blanc 2017,Austria,Südsteiermark,Weingut Erich & Walter Polz,3.2,31,11.59,2017,11,59
Sauvignon Côtes de Gascogne 2019,France,Côtes de Gascogne,Domaine du Tariquet,3.7,32,5.9,2019,5,9
Blauschiefer Riesling 2018,Germany,Mosel,Markus Molitor,3.8,32,9.6,2018,9,6
Heideboden Pinot Blanc 2018,Austria,Burgenland,Anita Nittnaus Hans,3.5,32,8.89,2018,8,89
Summercourt Chardonnay 2019,South Africa,Stellenbosch,Delaire Graff,3.9,32,12.5,2019,12,5
Oppenheimer Sackträger Riesling 2017,Germany,Rheinhessen,Weingut Bürgermeister Carl Koch,4.1,32,10.23,2017,10,23
Chablis 2018,France,Chablis,Domaine Servin,3.6,32,16.5,2018,16,5
Quant Riesling 2019,Germany,Mosel,Carl Loewen,3.9,32,7.5,2019,7,5
Op Sy Moer 2018,South Africa,Stellenbosch,Neil Ellis,3.1,32,27.06,2018,27,06
Chardonnay 2017,United States,California,Hacienda,3.5,32,7.95,2017,7,95
Weissburgunder Trocken 2018,Germany,Pfalz,Lucashof,3.6,32,10.93,2018,10,93
Chardonnay 2019,Chile,Central Valley,Antares,3.0,32,5.34,2019,5,34
Sauvignon Touraine 2018,France,Touraine,Raphael Midoir,3.8,32,7.95,2018,7,95
Rajnai Rizling 2017,Hungary,Villány,Heumann,4.1,32,11.95,2017,11,95
Chardonnay 2018,Italy,Venezia Giulia,Alturis,3.7,32,8.27,2018,8,27
Petit Chablis 2018,France,Petit Chablis,Gerard Tremblay,3.6,32,11.99,2018,11,99
Soave 2018,Italy,Soave,Montecelli,3.5,32,5.79,2018,5,79
Mineral Chardonnay 2016,Germany,Pfalz,Friedrich Becker,4.0,32,40.28,2016,40,28
Heideboden Weiss 2018,Austria,Burgenland,Hannes Reeh,3.6,32,9.72,2018,9,72
Caroline 2016,Italy,Trentino-Alto Adige,Pranzegg,3.9,32,29.15,2016,29,15
Hipping Riesling 2016,Germany,Rheinhessen,Kühling-Gillot,3.8,32,43.77,2016,43,77
Scharzhofberger Riesling Kabinett 2016,Germany,Mosel,Bischöfliche Weingüter Trier,3.8,32,11.18,2016,11,18
Riesling Trocken 2018,Germany,Rheinhessen,Groebe,3.6,32,9.7,2018,9,7
Blauschiefer Trocken 2018,Germany,Mosel,Carl Loewen,4.0,32,9.69,2018,9,69
Damaszener Sauvignon Blanc 2019,Germany,Franken,Stahl,3.9,32,11.0,2019,11
Sauvignon Blanc 2019,New Zealand,Marlborough,Curious Kiwi,3.8,32,10.95,2019,10,95
Rully 2016,France,Rully,Chanson,3.6,32,21.95,2016,21,95
Scharzhofberger Riesling Spätlese 2016,Germany,Wiltingen,Egon Müller - Scharzhof,4.4,32,134.53,2016,134,53
Escherndorfer Lump Silvaner 2018,Germany,Franken,Horst Sauer,3.9,32,16.0,2018,16
Splattered Toad Sauvignon Blanc 2018,South Africa,Coastal Region,Cape Point Vineyards,3.3,32,9.95,2018,9,95
Oktav Weissburgunder 2018,Germany,Baden,Heger,3.7,32,10.67,2018,10,67
Sauvignon Blanc 2016,Romania,Dealu Mare,Serafim,3.5,32,8.9,2016,8,9
Wehlener Sonnenuhr Alte Reben Riesling 2015,Germany,Mosel,Dr. Loosen,4.0,32,11.65,2015,11,65
Pioneer Block 1 Foundation Sauvignon Blanc 2019,New Zealand,Marlborough,Saint Clair,4.3,32,18.95,2019,18,95
Gris 2007,Italy,Friuli Isonzo,Lis Neris,3.9,32,48.43,2007,48,43
Esper Grüner Veltliner 2016,Austria,Niederösterreich,Matthias Warnung,3.5,32,18.43,2016,18,43
Bordeaux Blanc 2017,France,Bordeaux,Château Mont-Pérat,3.5,32,18.3,2017,18,3
Auf Der Mauer Riesling Trocken 2018,Germany,Pfalz,Dr. Von Bassermann-Jordan,3.9,32,19.44,2018,19,44
Charta Blanc 2016,Germany,Rheingau,Spreitzer,4.1,32,18.81,2016,18,81
Feldstück Chardonnay 2016,Austria,Niederösterreich,Matthias Warnung,3.8,32,19.4,2016,19,4
Chardonnay 2019,Italy,Südtirol - Alto Adige,St. Michael-Eppan,3.8,32,14.73,2019,14,73
Riesling Villa Loosen 2018,Germany,Mosel,Dr. Loosen,3.9,32,6.95,2018,6,95
Biscondola 2018,Italy,Toscana,Poderi del Paradiso,3.9,32,13.3,2018,13,3
Chardonnay delle Venezie 2019,Italy,delle Venezie,Corte Giara,3.8,32,6.4,2019,6,4
Chardonnay 2014,United States,Anderson Valley,Domaine Anderson,3.7,32,58.51,2014,58,51
Alte Reben Grüner Veltliner 2018,Austria,Carnuntum,Markowitsch,3.9,32,12.9,2018,12,9
Castel Ringberg Sauvignon 2018,Italy,Südtirol - Alto Adige,Elena Walch,3.8,32,19.3,2018,19,3
Fuchslahn Gewürztraminer 2016,Italy,Südtirol - Alto Adige,Klaus Lentsch,3.9,32,18.9,2016,18,9
Sancerre 2018,France,Sancerre,Monmousseau,4.1,32,19.5,2018,19,5
Pinot Gris 2016,New Zealand,Marlborough,Nautilus,3.4,32,18.97,2016,18,97
Vieilles Vignes Chassagne-Montrachet 2017,France,Chassagne-Montrachet,David Moret-Nomine,4.3,32,52.9,2017,52,9
Hermitage Blanc 2016,France,Hermitage,E. Guigal,4.0,32,52.01,2016,52,01
A Le Grand 2017,France,Bourgogne Aligoté,David Moret-Nomine,3.8,32,13.5,2017,13,5
Der kleine Bär Weiss 2019,Germany,Pfalz,Oliver Zeter,3.7,32,6.9,2019,6,9
Riesling Kabinett 2017,Germany,Nahe,Gut Hermannsberg,3.9,32,13.52,2017,13,52
Grüner Veltliner 2019,Austria,Niederösterreich,Weingut Bründlmayer,3.8,32,14.52,2019,14,52
Wehlener Klosterberg Pinot Blanc 2017,Germany,Mosel,Markus Molitor,3.8,33,27.5,2017,27,5
Zeltinger Sonnenuhr Riesling Spätlese 2018,Germany,Mosel,Markus Molitor,4.1,33,21.45,2018,21,45
Ried Alte Setzen Erste Lage Grüner Veltliner 2018,Austria,Traisental,Markus Huber,3.8,33,13.15,2018,13,15
Meursault-Blagny Premier Cru Château de Blagny 2017,France,Meursault 1er Cru 'Blagny',Louis Latour,4.1,33,53.51,2017,53,51
Dom Riesling Feinherb 2016,Germany,Mosel,Bischöfliche Weingüter Trier,3.6,33,9.13,2016,9,13
Recit Roero Arneis 2019,Italy,Roero,Monchiero Carbone,3.7,33,8.65,2019,8,65
Ribolla Gialla 2018,Italy,Friuli-Venezia Giulia,Luisa,3.6,33,17.09,2018,17,09
Luberon La Ciboise Blanc 2018,France,Luberon,M. Chapoutier,3.6,33,7.66,2018,7,66
Grauburgunder S 2018,Germany,Nahe,Dönnhoff,4.0,33,20.5,2018,20,5
Pinot Grigio 2019,Italy,delle Venezie,Casa Lunardi,3.7,33,5.45,2019,5,45
Riesling 2016,Germany,Johannisberg,Prinz von Hessen,4.0,33,27.5,2016,27,5
Nierstein Riesling 2018,Germany,Rheinhessen,Kühling-Gillot,4.1,33,27.26,2018,27,26
Domaine San de Guilhem Colombard - Sauvignon Blanc Gascogne Blanc Sec 2016,France,Gascogne,Lionel Osmin & Cie,3.5,33,5.31,2016,5,31
Diel de Diel Weisses Cuvée Trocken 2018,Germany,Nahe,Diel,4.0,33,10.63,2018,10,63
Essence du Cap Sauvignon Blanc 2017,South Africa,Western Cape,Fleur du Cap,3.3,33,8.75,2017,8,75
Dorna Velha Branco 2017,Portugal,Douro,Quinta do Silval,3.8,33,8.77,2017,8,77
SL Riesling Kabinett 2017,Germany,Mosel,Schloss Lieser,3.8,33,11.5,2017,11,5
Fendant 2016,Switzerland,Valais,Délival,3.5,33,17.59,2016,17,59
Rausch GG 2018,Germany,Mosel,Forstmeister Geltz-Zilliken,4.0,33,41.1,2018,41,1
Wechselspiel 2018,Germany,Pfalz,Weingut Metzger,3.8,33,6.77,2018,6,77
Cirò Bianco 2019,Italy,Cirò,Tenuta Iuzzolini,3.8,33,6.7,2019,6,7
Viognier Principauté d'Orange 2019,France,Vin de Pays,Domaine de la Janasse,4.0,33,14.9,2019,14,9
Martin Nittnaus Elektra 2018,Austria,Burgenland,Anita Nittnaus Hans,3.7,33,18.06,2018,18,06
Karneid Kerner 2017,Italy,Südtirol - Alto Adige,Franz Gojer,3.8,33,13.9,2017,13,9
Lagar de Darei Private Selection Branco 2015,Portugal,Dão,Darei,3.9,33,11.7,2015,11,7
Ried Schütt Dürnsteiner Riesling Smaragd 2018,Austria,Wachau,Weingut Knoll,4.1,33,42.0,2018,42
Qvinterra Scheurebe Trocken 2018,Germany,Rheinhessen,Kühling-Gillot,3.9,33,10.7,2018,10,7
Himmelspfad Silvaner GG Retzstadter Langenberg 2015,Germany,Franken,Rudolf May,4.2,33,35.0,2015,35
Moscato 2019,United States,California,Gallo Family Vineyards,3.6,33,6.05,2019,6,05
Reserve Chardonnay 2015,United States,Los Carneros,Robert Mondavi,4.2,33,61.0,2015,61
Molino delle Balze Chardonnay 2018,Italy,Toscana,Rocca di Castagnoli,3.9,33,15.5,2018,15,5
Riesling Alsace Grand Cru 'Geisberg' 2013,France,Alsace Grand Cru 'Geisberg',Trimbach,4.3,33,71.39,2013,71,39
Zeltinger Sonnenuhr Riesling Auslese*** 2018,Germany,Mosel,Markus Molitor,4.4,33,82.86,2018,82,86
Villa Mura Chardonnay 2018,Italy,Veneto,Sartori,3.3,33,4.57,2018,4,57
Riesling Trocken 2015,Germany,Pfalz,Schwedhelm Zellertal,3.7,33,9.37,2015,9,37
Chardonnay Réserve 2017,Germany,Rheinhessen,Knewitz,4.0,33,29.41,2017,29,41
Bâtard-Montrachet Grand Cru 2015,France,Bâtard-Montrachet Grand Cru,Domaine Henri Boillot,4.6,33,520.0,2015,520
Estate Gewürztraminer 2012,France,Alsace Grand Cru,Hugel,3.9,33,16.95,2012,16,95
1000-Eimerberg Smaragd Riesling 2018,Austria,Wachau,Gritsch Mauritiushof,4.3,33,28.24,2018,28,24
Pouilly-Fumé 2018,France,Pouilly-Fumé,Langlois-Chateau,3.8,33,19.9,2018,19,9
Sauvignon Blanc 2017,South Africa,Stellenbosch,Drostdy-Hof,3.4,33,6.4,2017,6,4
Splattered Toad Sauvignon Blanc 2019,South Africa,Coastal Region,Cape Point Vineyards,3.5,33,9.5,2019,9,5
Chardonnay Unwooded 2019,South Africa,Paarl,Glen Carlou,3.4,34,10.5,2019,10,5
Fiano Salento Acante 2019,Italy,Salento,Castello Monaci,3.8,34,8.89,2019,8,89
RS Weissburgunder 2017,Germany,Baden,Salwey,3.7,34,16.3,2017,16,3
"Weissburgunder Trocken ""Vom Kalk"" 2018",Germany,Rheinhessen,Weingut Gunderloch,3.8,34,9.7,2018,9,7
Grünschiefer Riesling 2018,Germany,Nahe,Prinz Salm,3.6,34,12.57,2018,12,57
Terroir Selection Chenin Blanc 2017,South Africa,Walker Bay,Springfontein,3.9,34,17.9,2017,17,9
Saleit Chardonnay 2018,Italy,Südtirol - Alto Adige,Cantina Kaltern,3.5,34,11.6,2018,11,6
Crocodile's Lair Kaaimansgat Chardonnay 2018,South Africa,Overberg,Bouchard Finlayson,4.0,34,17.5,2018,17,5
Steinbuckel Riesling GG 2016,Germany,Pfalz,Knipser,4.0,34,27.0,2016,27
Picpoul de Pinet 2019,France,Picpoul de Pinet,Gérard Bertrand,3.9,34,10.42,2019,10,42
Chardonnay 2017,South Africa,Stellenbosch,Drostdy-Hof,3.5,34,6.14,2017,6,14
Grüner Veltliner 2016,Austria,Wien,Hajszan Neumann,3.5,34,26.7,2016,26,7
Calaventana Alcamo 2017,Italy,Alcamo,Firriato,3.4,34,7.99,2017,7,99
Talò Verdeca 2019,Italy,Puglia,San Marzano,3.6,34,8.9,2019,8,9
Himmelspfad Silvaner GG Retzstadter Langenberg 2017,Germany,Franken,Rudolf May,4.1,34,42.89,2017,42,89
Trebbiano d'Abruzzo 2017,Italy,Trebbiano d'Abruzzo,Villamedoro,3.3,34,7.3,2017,7,3
Nierstein Riesling Trocken 2016,Germany,Rheinhessen,Weingut Gunderloch,3.7,34,11.69,2016,11,69
Vitus Grauburgunder 2017,Germany,Baden,Heger,3.8,34,12.9,2017,12,9
Dalila Riserva 2018,Italy,Sicilia,Feudo Arancio,3.8,34,8.5,2018,8,5
Grüner Veltliner L & T (Leicht und Trocken) 2015,Austria,Niederösterreich,Weingut Bründlmayer,3.5,34,10.9,2015,10,9
Erdeluftgrasundreben WB 2017,Austria,Burgenland,Claus Preisinger,4.0,34,30.71,2017,30,71
Scharzhofberger P Riesling 2018,Germany,Wiltingen,Van Volxem,4.1,34,37.83,2018,37,83
Avesso 2017,Portugal,Vinho Verde,AB Valley,3.8,34,8.68,2017,8,68
Doss Chardonnay 2018,Italy,Südtirol - Alto Adige,Castelfeder,3.6,34,10.86,2018,10,86
Weisser Burgunder Trocken 2018,Germany,Rheinhessen,Wittmann,3.6,34,11.0,2018,11
Pouilly-Fuissé Pentacrine 2015,France,Pouilly-Fuissé,Domaine Saumaize-Michelin,3.9,34,23.49,2015,23,49
Roero Pradalupo Arneis 2019,Italy,Roero,Fontanafredda,4.1,34,11.07,2019,11,07
Pouilly-Fuissé 'Les Chailloux' 2017,France,Pouilly-Fuissé,Auvigue,3.9,34,25.9,2017,25,9
Bronzelack Riesling Trocken 2019,Germany,Rheingau,Schloss Johannisberg,4.2,34,23.28,2019,23,28
Riesling Trocken 2019,Germany,Rheingau,Robert Weil,4.0,34,13.5,2019,13,5
Grauer Burgunder Trocken 2017,Germany,Rheinhessen,Wittmann,3.3,34,11.4,2017,11,4
1769 Clos Venturi Blanc 2018,France,Vin de Corse,Domaine Vico,3.7,34,15.9,2018,15,9
Faß 6 Senior Ayler Riesling 2019,Germany,Mosel,Peter Lauer,4.2,34,16.11,2019,16,11
Vignes Blanches Pouilly-Fuissé 2017,France,Pouilly-Fuissé,Domaine Saumaize-Michelin,4.1,34,25.15,2017,25,15
Sauvignon Blanc 2019,New Zealand,Marlborough,Wild Rock,4.0,34,13.5,2019,13,5
Balbino Vermentino di Maremma Toscana 2019,Italy,Maremma Toscana,Terenzi,3.9,34,10.6,2019,10,6
Alte Reben Riesling Trocken 2019,Germany,Baden,Alexander Laible,4.3,34,13.41,2019,13,41
Grauer Burgunder Trocken 2018,Germany,Pfalz,Lergenmüller,3.9,34,9.73,2018,9,73
Riesling Auslese Paradies 2015,Germany,Nahe,Korrell,4.1,34,13.5,2015,13,5
Barrel Selection Viognier 2016,South Africa,Stellenbosch,Anura,4.2,34,14.95,2016,14,95
Montrachet Grand Cru Marquis de Laguiche 2017,France,Montrachet Grand Cru,Joseph Drouhin,4.9,34,681.37,2017,681,37
Weisser Burgunder II 2018,Germany,Pfalz,Von Winning,3.8,34,13.0,2018,13
Sauvignon Blanc Trocken 2019,Germany,Pfalz,Weingut Metzger,3.9,34,9.9,2019,9,9
Morstein Riesling 2016,Germany,Rheinhessen,K.Wechsler,3.7,34,27.69,2016,27,69
Graacher Himmelreich Riesling Kabinett 2017,Germany,Mosel,Schloss Lieser,4.1,34,18.52,2017,18,52
Baronne Charlotte Graves Blanc 2016,France,Graves,Baron Philippe de Rothschild,3.8,34,16.59,2016,16,59
Pošip Majstor 2016,Croatia,Dalmatian Coast,Stina,4.1,34,28.9,2016,28,9
Grau - und Weissburgunder Langenloiser Spiegel 2016,Austria,Niederösterreich,Weingut Bründlmayer,3.9,34,20.54,2016,20,54
Sauvignon Blanc 2019,South Africa,Stellenbosch,Zevenwacht,3.8,34,9.95,2019,9,95
Ürziger Würzgarten Riesling Auslese 2015,Germany,Mosel,Markus Molitor,4.5,35,99.95,2015,99,95
Oberbergener Bassgeige Chardonnay 2018,Germany,Baden,Franz Keller,3.8,35,13.06,2018,13,06
Fiano Di Avellino Pietracalda 2019,Italy,Fiano de Avellino,Feudi di San Gregorio,4.0,35,18.9,2019,18,9
Viognier 2015,France,Vin de Pays,Bomont de Cormeil,4.1,35,18.9,2015,18,9
Ingenuity White Blend 2017,South Africa,Coastal Region,Nederburg,3.9,35,23.33,2017,23,33
Otto Muri 2016,Italy,Toscana,Collazzi,3.7,35,12.14,2016,12,14
Liebfraumilch 2017,Germany,Pfalz,Vom Mann Mit Hut,3.5,35,8.49,2017,8,49
Calasole Vermentino 2019,Italy,Maremma Toscana,Rocca di Montemassi,4.0,35,8.9,2019,8,9
Gavi 2018,Italy,Gavi,Batasiolo,3.4,35,10.99,2018,10,99
Geheimrat J Riesling Spätlese Trocken 2016,Germany,Rheingau,Weingüter Wegeler,3.8,35,24.9,2016,24,9
Frauenweingarten Grüner Veltliner Federspiel 2014,Austria,Wachau,Tegernseerhof,3.6,35,11.89,2014,11,89
Vernaccia di San Gimignano 2019,Italy,Vernaccia di San Gimignano,Teruzzi & Puthod,3.4,35,8.68,2019,8,68
Wiener Gemischter 2019,Austria,Wiener Gemischter Satz,Mayer am Pfarrplatz,3.7,35,12.99,2019,12,99
Viognier 2016,France,Pays d'Oc,Baron Philippe de Rothschild,3.7,35,8.69,2016,8,69
Chassagne-Montrachet Premier Cru 2017,France,Chassagne-Montrachet Premier Cru,Louis Latour,4.0,35,59.99,2017,59,99
C. A.I. Riesling Kabinett 2018,Germany,Mosel,Immich-Batterieberg,3.6,35,10.82,2018,10,82
Dom Riesling Feinherb 2017,Germany,Mosel,Bischöfliche Weingüter Trier,3.9,35,7.69,2017,7,69
Lügle 2015,Germany,Baden,Ziereisen,4.1,35,18.53,2015,18,53
Silvaner Trocken 2019,Germany,Franken,Juliusspital,3.7,35,8.4,2019,8,4
Iglič Furmint 2016,Slovenia,Štajerska,Gross,4.2,35,32.87,2016,32,87
Roter Veltliner Scheiben 2017,Austria,Wagram,Leth,4.0,35,26.5,2017,26,5
Steirische Klassik Weissburgunder 2018,Austria,Südsteiermark,Weingut Erich & Walter Polz,3.6,35,13.8,2018,13,8
Pecorino 2019,Italy,Terre di Chieti,Vanitá,3.9,35,6.25,2019,6,25
Scharzhofberger Riesling Auslese 2018,Germany,Wiltingen,Egon Müller - Scharzhof,4.2,35,506.89,2018,506,89
Weisser Burgunder Trocken 2017,Germany,Rheinhessen,Wittmann,3.9,35,11.51,2017,11,51
Steffensberg 2014,Germany,Mosel,Immich-Batterieberg,3.9,35,25.24,2014,25,24
Reserve Collection Chardonnay 2019,South Africa,Western Cape,Oude Kaap,3.4,35,5.03,2019,5,03
Picpoul de Pinet 2017,France,Picpoul de Pinet,Mas des Mas,3.3,35,8.68,2017,8,68
Röttgen Riesling Kabinett 2018,Germany,Mosel,Reinhard Knebel,3.9,35,16.58,2018,16,58
Chardonnay 2019,South Africa,Western Cape,Plaisir de Merle,3.9,35,12.11,2019,12,11
Grüner Veltliner Federspiel Pichlpoint 2018,Austria,Wachau,Domäne Wachau,3.7,35,11.21,2018,11,21
Hermannsberg GG 2015,Germany,Nahe,Gut Hermannsberg,4.1,35,43.43,2015,43,43
Pinot Bianco 2018,Italy,Südtirol - Alto Adige,Kurtatsch (Cortaccia),3.6,35,9.4,2018,9,4
Riesling Trocken 2018,Germany,Rheingau,Schloss Reinhartshausen,3.6,35,10.0,2018,10
Vom Schiefer Riesling Feinherb 2017,Germany,Mosel,Ansgar Clüsserath,3.7,35,9.26,2017,9,26
Sauvignon Blanc 2018,Austria,Steiermark,Erwin Sabathi,3.6,35,17.2,2018,17,2
Colombard - Ugni Blanc 2018,France,Côtes de Gascogne,Château de Millet,3.3,35,5.5,2018,5,5
Hermitage Le Chevalier de Sterimberg 2017,France,Hermitage,Paul Jaboulet Aîné,4.3,35,78.75,2017,78,75
Collio Friulano 2018,Italy,Collio,Marco Felluga,3.7,35,19.48,2018,19,48
Chardonnay 2019,Italy,Venezia Giulia,Jermann,3.9,35,18.3,2019,18,3
Vom Roten Schiefer 2018,Germany,Mosel,Clemens Busch,4.1,35,16.0,2018,16
Gewürztraminer 2018,France,Alsace,Boeckel,3.4,35,12.95,2018,12,95
Riesling Alsace Grand Cru 'Engelberg' 2016,France,Alsace Grand Cru 'Engelberg',Domaine Pfister,4.3,35,28.5,2016,28,5
Josephshöfer Riesling Kabinett Feinherb 2018,Germany,Mosel,Reichsgraf von Kesselstatt,3.8,35,15.16,2018,15,16
Poggio ai Ginepri Bianco 2017,Italy,Toscana,Tenuta Argentiera,3.6,35,18.81,2017,18,81
Chardonnay 2016,Australia,McLaren Vale,Food Truck,3.3,35,8.67,2016,8,67
Châteauneuf-du-Pape (La Crau) Blanc 2017,France,Châteauneuf-du-Pape,Domaine du Vieux Télégraphe,3.9,35,73.29,2017,73,29
Sauvignon Blanc Ried Steinbach 2017,Austria,Südsteiermark,Lackner Tinnacher,3.8,35,43.8,2017,43,8
Classic White Blend 2019,South Africa,Western Cape,Roodeberg,3.5,36,7.2,2019,7,2
Traiser Rotenfels Riesling Trocken 2016,Germany,Nahe,Dr. Crusius,3.7,36,18.49,2016,18,49
Chardonnay 2017,Austria,Niederösterreich,Weingut Bründlmayer,4.1,36,35.7,2017,35,7
Vineyard Selection Sauvignon Blanc 2019,South Africa,Stellenbosch,Kleine Zalze,3.9,36,11.5,2019,11,5
Pinot Grigio 2018,Italy,delle Venezie,Paladin,3.5,36,6.7,2018,6,7
Riesling Alsace Grand Cru 'Schlossberg' 2014,France,Alsace Grand Cru 'Schlossberg',Trimbach,4.0,36,48.45,2014,48,45
Lenz 2019,Italy,Südtirol - Alto Adige,Ritterhof,4.0,36,9.46,2019,9,46
Ihringer Winklerberg Grauburgunder 2018,Germany,Baden,Dr. Heger,3.9,36,17.9,2018,17,9
La Croix Boissée Chinon Blanc 2018,France,Chinon,Bernard Baudry,4.2,36,24.95,2018,24,95
Mercurey 'En Pierrelet' Blanc 2016,France,Mercurey,Château de Chamirey,4.1,36,38.75,2016,38,75
Chardonnay 2019,France,Pays d'Oc,Les Jamelles,3.6,36,6.05,2019,6,05
Pinot Grigio 2019,Italy,Südtirol - Alto Adige,Alois Lageder,3.6,36,11.5,2019,11,5
Cordillera Reserva Especial Chardonnay 2019,Chile,Limarí Valley,Miguel Torres,3.6,36,14.99,2019,14,99
Rully 1er Cru 'Rabourcé' 2017,France,Rully 1er Cru 'Rabourcé',Domaine Belleville,4.1,36,31.0,2017,31
Gelber Muskateller 2018,Germany,Pfalz,Dr. Von Bassermann-Jordan,3.9,36,13.69,2018,13,69
Straden Grauburgunder 2018,Austria,Steiermark,Neumeister,3.9,36,14.54,2018,14,54
Chardonnay Kleinstein 2018,Italy,Südtirol - Alto Adige,Cantina Bolzano / Kellerei Bozen,3.7,36,12.6,2018,12,6
Domaine Sainte Barbe La Perrière Viré-Clessé 2016,France,Viré-Clessé,Chaland Jean-Marie,3.7,36,20.37,2016,20,37
Chardonnay 2019,Italy,Südtirol - Alto Adige,Terlan (Terlano),3.8,36,10.85,2019,10,85
Free Run Sauvignon Blanc 2018,South Africa,Western Cape,Flagstone,3.6,36,14.95,2018,14,95
Réserve Graves Blanc 2017,France,Graves,Mouton Cadet,3.4,36,14.83,2017,14,83
Ciari Ribolla Gialla 2018,Italy,Venezia Giulia,Borgo Molino,3.6,36,10.24,2018,10,24
Gavi del Comune di Gavi 2019,Italy,Gavi,Ascheri,3.9,36,12.85,2019,12,85
Falanghina Salento 2018,Italy,Salento,Masseria Altemura,3.5,36,8.9,2018,8,9
LR 2015,Italy,Südtirol - Alto Adige,Colterenzio (Schreckbichl),4.5,36,77.01,2015,77,01
Pinot Bianco (Selezione) 2018,Italy,Südtirol - Alto Adige,Elena Walch,3.8,36,12.9,2018,12,9
Isabella - Chardonnay 2018,South Africa,Stellenbosch,Muratie,3.9,36,12.83,2018,12,83
Catarratto Sicilia Antisa Regaleali 2013,Italy,Terre Siciliane,Tasca d'Almerita,3.2,36,13.53,2013,13,53
The River Garden Flower Collection Unwooded Chardonnay 2018,South Africa,Stellenbosch,Lourensford,3.1,36,6.99,2018,6,99
Little James' Basket Press Blanc 2019,France,Pays d'Oc,Château de Saint Cosme,3.6,36,7.9,2019,7,9
Piesporter Goldtröpfchen Riesling Trocken 2017,Germany,Piesport,Kurt Hain,3.8,36,16.52,2017,16,52
Pinot Grigio (Selezione) 2019,Italy,Südtirol - Alto Adige,Elena Walch,3.7,36,12.49,2019,12,49
Grauburgunder Trocken 2019,Germany,Rheinhessen,Manz,3.8,36,7.5,2019,7,5
Chardonnay Sicilia 2019,Italy,Terre Siciliane,Settesoli,3.4,36,5.79,2019,5,79
Bastei GG 2014,Germany,Nahe,Gut Hermannsberg,3.8,36,36.5,2014,36,5
Grüner Veltliner Lamm 1 ÖTW 2018,Austria,Kamptal,Schloss Gobelsburg,4.2,36,33.8,2018,33,8
Brauneberger Juffer Sonnenuhr Riesling Spätlese 2018,Germany,Brauneberg,Fritz Haag,4.1,36,20.5,2018,20,5
Vintners Blend Chardonnay 2017,United States,California,Ravenswood,3.4,36,10.35,2017,10,35
Weissburgunder Trocken 2017,Germany,Pfalz,Dr. Bürklin-Wolf,3.6,36,12.19,2017,12,19
Shamaris (Grillo) 2019,Italy,Sicilia,Cusumano,3.6,36,7.7,2019,7,7
Weissburgunder in der Låmm 2017,Italy,Vigneti delle Dolomiti,Weingut Abraham,4.0,36,19.82,2017,19,82
Chardonnay 2018,France,Pays d'Oc,Les Salices,3.5,36,7.1,2018,7,1
Gaudium Fiano di Avellino 2018,Italy,Fiano de Avellino,I Capitani,4.1,36,11.61,2018,11,61
Melck's Sauvignon Blanc 2019,South Africa,Stellenbosch,Muratie,3.9,36,9.05,2019,9,05
Chardonnay 2019,France,Côtes de Thongue,Domaine Montrose,3.5,36,8.69,2019,8,69
Les Princes Abbés Muscat Alsace 2018,France,Alsace,Domaines Schlumberger,3.6,36,16.4,2018,16,4
Handwerk Riesling 2018,Germany,Pfalz,Leiner,3.6,36,8.9,2018,8,9
Chassagne-Montrachet 1er Cru 'Les Chaumées' 2014,France,Chassagne-Montrachet 1er Cru 'Les Chaumes',Vincent Girardin,4.3,36,65.9,2014,65,9
Hochheimer Mainterrassen Riesling 2016,Germany,Rheingau,Künstler,3.5,36,12.55,2016,12,55
Riesling Fructus 2019,Germany,Rheingau,Barth,4.2,36,12.53,2019,12,53
Corte del Lupo Bianco 2018,Italy,Curtefranca,Ca' del Bosco,3.9,36,26.5,2018,26,5
Gavi Valentino 2019,Italy,Gavi,La Scolca,3.8,36,12.49,2019,12,49
Santigaìni 2015,Italy,Isola dei Nuraghi,Capichera,4.5,37,116.0,2015,116
Meursault 1er Cru 'Les Charmes-Dessus' 2013,France,Meursault 1er Cru 'Charmes',Vincent Girardin,4.2,37,84.9,2013,84,9
Greco Di Tufo Cutizzi 2019,Italy,Greco di Tufo,Feudi di San Gregorio,3.8,37,17.99,2019,17,99
Ausstich Grüner Veltliner 2018,Austria,Weinviertel,Setzer,3.7,37,13.6,2018,13,6
Riesling 2019,Germany,Rheinhessen,Krämer - Straight,4.0,37,8.49,2019,8,49
Rjgialla 2019,Italy,Colli Orientali del Friuli,La Tunella,3.8,37,13.5,2019,13,5
Oestricher Klosterberg Riesling Trocken 2017,Germany,Rheingau,Peter Jakob Kühn,3.9,37,23.4,2017,23,4
Grauburgunder 2019,Germany,Pfalz,Oliver Zeter,3.8,37,8.5,2019,8,5
Weisze Freyheit 2017,Austria,Burgenland,Heinrich,3.6,37,23.61,2017,23,61
Trebbiano d'Abruzzo 2017,Italy,Trebbiano d'Abruzzo,Caldora,3.5,37,4.54,2017,4,54
Petit Chablis 2018,France,Petit Chablis,Louis Michel & Fils,3.7,37,19.35,2018,19,35
Oestricher Doosberg Alte Reben Riesling Trocken 2018,Germany,Rheingau,Spreitzer,4.0,37,18.84,2018,18,84
Amstramgram Quartier Libre 2018,France,Languedoc-Roussillon,Calmel & Joseph,3.4,37,7.75,2018,7,75
Gönnheimer Alter Satz Trocken 2018,Germany,Pfalz,Eymann,3.8,37,8.9,2018,8,9
Bertesca Vernaccia di San Gimignano 2018,Italy,Vernaccia di San Gimignano,Castelli del Grevepesa,3.5,37,9.03,2018,9,03
Stromberg Riesling GG 2016,Germany,Nahe,Schäfer-Fröhlich,4.2,37,42.51,2016,42,51
Oestricher Klosterberg Riesling Trocken 2016,Germany,Rheingau,Peter Jakob Kühn,3.9,37,26.7,2016,26,7
Westhofener Weisser Burgunder - Chardonnay Trocken 2018,Germany,Rheinhessen,Wittmann,3.8,37,19.95,2018,19,95
Fief Guérin Vieilles Vignes Muscadet Côtes de Grandlieu Sur Lie 2018,France,Muscadet-Côtes de Grandlieu,Domaine des Herbauges,3.4,37,10.69,2018,10,69
Côtes De Gascogne Amplitude 2018,France,Côtes de Gascogne,Domaine du Tariquet,3.4,37,9.0,2018,9
Villa Antinori Pinot Bianco 2018,Italy,Toscana,Tenuta Monteloro,3.8,37,15.51,2018,15,51
Bianco di Custoza 2019,Italy,Bianco di Custoza,Zenato,3.7,37,5.0,2019,5
Iphöfer Scheurebe 2017,Germany,Franken,Hans Wirsching,3.8,37,12.19,2017,12,19
Kirchspiel Riesling GG 2017,Germany,Rheinhessen,Groebe,4.1,37,32.0,2017,32
Gamlitzer Sauvignon Blanc 2018,Austria,Südsteiermark,Sattlerhof,3.7,37,16.21,2018,16,21
Gemischter Satz 2019,Austria,Wien,Zahel,3.5,37,8.8,2019,8,8
Châteauneuf-du-Pape Blanc 2017,France,Châteauneuf-du-Pape,Domaine de Beaurenard,4.0,37,35.0,2017,35
Gutswein Grauburgunder (Trocken) 2018,Germany,Rheinhessen,Wagner-Stempel,3.8,37,12.0,2018,12
Chardonnay 2018,Austria,Burgenland,Scheiblhofer,3.8,37,17.45,2018,17,45
Ca'Nova Lugana 2018,Italy,Lugana,Cecilia Beretta,3.7,37,11.98,2018,11,98
Langenlois Käferberg 2016,Austria,Kamptal,Loimer,4.0,37,31.59,2016,31,59
101 Riesling 2018,Germany,Rheingau,Spreitzer,4.0,37,10.0,2018,10
Whale Pod Sauvignon Blanc 2017,South Africa,Walker Bay,Creation,3.7,37,10.0,2017,10
Alvarinho 2017,Portugal,Tejo,Quinta da Lapa,3.8,37,8.77,2017,8,77
Gavi 2017,Italy,Gavi,Elio Filippino,3.7,37,9.9,2017,9,9
Chassagne-Montrachet 1er Cru Morgeot Monopole Clos de La Chapelle Blanc 2017,France,Chassagne-Montrachet 1er Cru 'Morgeot',Louis Jadot - Domaine Duc de Magenta,4.4,37,98.15,2017,98,15
Douro Reserva Duas Quintas Branco 2018,Portugal,Douro,Ramos Pinto,3.8,37,17.44,2018,17,44
Herrenbuck Grauburgunder 2018,Germany,Baden,Kiefer,3.9,37,7.26,2018,7,26
Hipping Riesling 2017,Germany,Rheinhessen,Kühling-Gillot,4.4,37,42.51,2017,42,51
Gavi del Comune di Gavi 2019,Italy,Gavi,Monchiero Carbone,3.7,38,8.99,2019,8,99
Chardonnay 2019,Italy,Südtirol - Alto Adige,Tramin,3.6,38,8.62,2019,8,62
Ürziger Würzgarten Riesling Auslese 2015,Germany,Mosel,Karl Erbes,4.0,38,16.0,2015,16
Heldenstück Riesling Trocken 2018,Germany,Mosel,Schloss Lieser,3.7,38,14.4,2018,14,4
Pinot Gris Grand Premier Cru 2016,Luxembourg,Côtes de Grevenmacher,Bernard-Massard,3.8,38,14.83,2016,14,83
Corton-Charlemagne Grand Cru 2017,France,Corton-Charlemagne Grand Cru,Joseph Drouhin,4.5,38,184.23,2017,184,23
9 Riesling 2018,Germany,Mosel,Grans-Fassian,3.8,38,8.9,2018,8,9
Blanc de Noir Cabernet Sauvignon 2017,China,Ningxia,Château Changyu Moser XV 张裕摩塞尔十五世酒庄,3.2,38,34.8,2017,34,8
Vigna Corvino Passerina Abruzzo 2018,Italy,Abruzzo,Contesa,3.8,38,6.32,2018,6,32
Saarburger Rausch Riesling Auslese 2017,Germany,Mosel,Forstmeister Geltz-Zilliken,4.2,38,54.95,2017,54,95
Wachenheimer Böhlig P.C 2016,Germany,Pfalz,Dr. Bürklin-Wolf,3.8,38,29.0,2016,29
Sauvignon Blanc 2019,Germany,Rheinhessen,Weedenborn,4.2,38,9.91,2019,9,91
Chenin Blanc 2018,South Africa,Stellenbosch,Fleur du Cap,3.6,38,8.75,2018,8,75
101 Rangs Pouilly-Fumé 2016,France,Pouilly-Fumé,Château de Tracy,4.1,38,64.34,2016,64,34
Sanct Valentin Chardonnay 2018,Italy,Südtirol - Alto Adige,St. Michael-Eppan,4.3,38,35.69,2018,35,69
Niederhäuser Hermannshöhle Riesling Spätlese 2017,Germany,Nahe,Dönnhoff,4.1,38,29.54,2017,29,54
Sauvignon Blanc 2018,Austria,Südsteiermark,Weingut Erich & Walter Polz,3.5,38,16.9,2018,16,9
Graacher Himmelreich Riesling Auslese** 2015,Germany,Mosel,Markus Molitor,4.5,38,59.95,2015,59,95
Petite Arvine 2018,Italy,Valle d'Aosta,Ottin - Viticulteur Encaveur,3.9,38,18.9,2018,18,9
Discover Chenin Blanc - Chardonnay 2019,South Africa,Western Cape,Spier,3.6,38,5.5,2019,5,5
Cuvée Passion Bordeaux Blanc 2016,France,Bordeaux,Château Tour de Mirambeau,3.7,38,15.5,2016,15,5
Plăvaie 2016,Romania,Vrancea,Livia,3.3,38,5.9,2016,5,9
Beaune du Château Premier Cru Blanc 2016,France,Beaune Premier Cru,Bouchard Père & Fils,3.9,38,38.56,2016,38,56
Hermitage Le Chevalier de Sterimberg 2006,France,Hermitage,Paul Jaboulet Aîné,4.1,38,77.35,2006,77,35
Villa Bürklin Cuvée Weiss 2017,Germany,Pfalz,Dr. Bürklin-Wolf,3.3,38,11.19,2017,11,19
Grauburgunder Trocken 2017,Germany,Saale-Unstrut,Winzervereinigung Freyburg-Unstrut,3.2,38,11.26,2017,11,26
Klaus Riesling 2017,Austria,Wachau,Prager,4.4,38,45.0,2017,45
Frühlingsplätzchen Riesling GG 2017,Germany,Nahe,Emrich-Schönleber,4.1,38,39.0,2017,39
Laurens Campher 2018,South Africa,Stellenbosch,Muratie,3.8,38,12.89,2018,12,89
Toreye Ménage À Trois 2018,Germany,Pfalz,Eymann,3.6,38,14.9,2018,14,9
Chardonnay 2019,South Africa,Robertson,Excelsior,3.8,38,6.95,2019,6,95
Fetească Regala 2018,Romania,Transylvania,Liliac,3.6,38,12.5,2018,12,5
Quintessenz Sauvignon 2017,Italy,Südtirol - Alto Adige,Cantina Kaltern,3.9,38,22.5,2017,22,5
Bürgergarten Riesling 2017,Germany,Pfalz,Müller-Catoir,4.0,38,17.55,2017,17,55
Hermannsberg GG 2016,Germany,Nahe,Gut Hermannsberg,4.3,38,40.57,2016,40,57
Sauvignon Blanc Trocken 2018,Germany,Pfalz,Anselmann,3.7,38,8.19,2018,8,19
Kabinettstück Riesling Trocken 2018,Germany,Mosel,Schloss Lieser,3.7,38,11.5,2018,11,5
Schiefergestein Bockenauer Riesling Trocken 2018,Germany,Nahe,Schäfer-Fröhlich,3.9,38,19.91,2018,19,91
Grüner Veltliner Kamptaler Terrassen 2019,Austria,Kamptal,Weingut Bründlmayer,3.8,38,12.32,2019,12,32
Small Hill White 2018,Austria,Burgenland,Leo Hillinger,3.4,38,8.49,2018,8,49
Löwengang Chardonnay 2017,Italy,Trentino-Alto Adige,Alois Lageder,4.2,38,45.9,2017,45,9
Petrara Verdicchio di Matelica 2018,Italy,Verdicchio di Matelica,Borgo Paglianetto,3.6,38,12.2,2018,12,2
Uhlen B Blaufüsser Lay 2017,Germany,Mosel,Heymann-Löwenstein,3.9,38,37.9,2017,37,9
Laubenheimer St. Remigiusberg Riesling Trocken 2016,Germany,Nahe,Martin Tesch,3.7,39,15.9,2016,15,9
Qvinterra Scheurebe Trocken 2017,Germany,Rheinhessen,Kühling-Gillot,3.8,39,13.69,2017,13,69
Qvinterra Grauer Burgunder Trocken 2015,Germany,Rheinhessen,Kühling-Gillot,3.5,39,12.49,2015,12,49
Kupfergrube GG 2015,Germany,Nahe,Gut Hermannsberg,4.2,39,46.69,2015,46,69
Russiz Superiore Pinot Grigio Collio 2018,Italy,Collio,Marco Felluga,4.1,39,22.99,2018,22,99
Frühlingsplätzchen Riesling GG 2015,Germany,Nahe,Emrich-Schönleber,4.2,39,39.9,2015,39,9
Sauvignon Blanc Trocken 2018,Germany,Nahe,Genheimer Kiltz,3.9,39,10.28,2018,10,28
Meursault 1er Cru 'Genevrières' Blanc 2016,France,Meursault 1er Cru 'Genevrières',Bouchard Père & Fils,4.2,39,94.57,2016,94,57
Capitel Croce 2018,Italy,Veneto,Anselmi,3.9,39,13.48,2018,13,48
Cicinis 2017,Italy,Collio,Attems,3.7,39,24.24,2017,24,24
Ermitage Ex-Voto Blanc 2012,France,Hermitage,E. Guigal,4.4,39,189.0,2012,189
1851 Reserva Chardonnay 2017,Chile,Casablanca Valley,Ochagavia,3.6,39,11.47,2017,11,47
Sauvignon Blanc 2018,Austria,Carnuntum,Markowitsch,3.9,39,10.9,2018,10,9
Chardonnay II 2018,Germany,Pfalz,Von Winning,3.9,39,14.5,2018,14,5
Alvarinho 2018,Portugal,Tejo,Fiuza,3.6,39,5.75,2018,5,75
Weisser Burgunder Trocken (Pinot Blanc Dry) 2018,Germany,Pfalz,Ökonomierat Rebholz,3.5,39,11.9,2018,11,9
Sauvignon Blanc 2019,Germany,Rheinhessen,Peth Wetz,3.9,39,8.0,2019,8
Sauvignon Blanc 2018,South Africa,Stellenbosch,Aaldering,4.0,39,19.9,2018,19,9
Chardonnay 2017,Austria,Burgenland,Esterházy,3.4,39,9.68,2017,9,68
Sauvignon Blanc 2017,Chile,Aconcagua Costa,Arboleda,3.7,39,18.41,2017,18,41
Campinovi Toscana 2017,Italy,Toscana,Dievole,3.5,39,25.9,2017,25,9
Sulzfelder Silvaner Alte Reben 2018,Germany,Franken,Zehnthof Luckert,3.7,39,16.73,2018,16,73
Saumur Blanc 2017,France,Saumur,Langlois-Chateau,3.7,39,12.14,2017,12,14
Grüner Veltliner Berg Vogelsang 2012,Austria,Kamptal,Weingut Bründlmayer,3.8,39,17.13,2012,17,13
Gennen Sauvignon 2018,Italy,Südtirol - Alto Adige,Nals Margreid,3.9,39,11.6,2018,11,6
Granée Gavi del Comune di Gavi 2019,Italy,Gavi,Batasiolo,3.8,39,10.5,2019,10,5
Maximin Grünhäuser Bruderberg Riesling 2018,Germany,Mosel,Maximin Grünhaus,4.1,39,22.23,2018,22,23
Leutschacher Chardonnay 2017,Austria,Südsteiermark,Erwin Sabathi,3.6,39,15.65,2017,15,65
Sauvignon Blanc 2019,South Africa,Robertson,Excelsior,3.2,39,6.95,2019,6,95
Coume Gineste Côtes Catalanes 2011,France,Côtes Catalanes,Gauby,3.8,39,67.26,2011,67,26
Iphöfer Kalb Silvaner 2018,Germany,Franken,Hans Wirsching,3.7,39,12.19,2018,12,19
Bockstein Ockfen Riesling Kabinett 2018,Germany,Ockfen,St. Urbans-Hof,3.8,39,14.9,2018,14,9
Grüner Veltliner Federspiel Kollmitz 2018,Austria,Wachau,Domäne Wachau,3.9,39,13.16,2018,13,16
White 2018,United States,Washington,Prayers Of Sinners & Saints,3.6,39,9.49,2018,9,49
Branco 2018,Portugal,Lisboa,Cascas,3.6,39,5.36,2018,5,36
Grüner Veltliner Ried Loibenberg 2016,Austria,Wachau,Pichler-Krutzler,3.9,39,32.66,2016,32,66
Trittenheimer Apotheke Riesling Kabinett 2018,Germany,Mosel,Ansgar Clüsserath,3.9,39,13.55,2018,13,55
Meursault 'Les Chevalières' 2017,France,Meursault,Xavier Monnot,4.2,39,62.5,2017,62,5
Viognier 2017,Germany,Pfalz,Oliver Zeter,4.1,39,16.52,2017,16,52
Retsina 2018,Greece,Markopoulo,Papagiannakos,3.2,39,7.2,2018,7,2
Belvento Vermentino (I Vini Del Mare) 2019,Italy,Toscana,Petra,3.8,39,9.95,2019,9,95
Vinha Centenária Reserva Branco 2011,Portugal,Douro,Dona Berta,4.2,39,24.27,2011,24,27
St. Andrews Chardonnay 2016,Australia,Clare Valley,Taylors / Wakefield,3.7,39,21.82,2016,21,82
Le Sabbie dell’Etna Bianco 2019,Italy,Etna,Firriato,3.5,39,13.57,2019,13,57
Poggio dei Gelsi Est!Est!Est! di Montefiascone 2019,Italy,Est! Est!! Est!!! di Montefiascone,Falesco,3.8,39,8.9,2019,8,9
Johannisberger Klaus Riesling GG 2016,Germany,Rheingau,Prinz von Hessen,4.1,39,28.17,2016,28,17
Old Winery Chardonnay 2017,Australia,Hunter Valley,Tyrrell's,3.4,39,8.72,2017,8,72
Villa Paulus Pouilly-Fumé 2018,France,Pouilly-Fumé,Domaine Masson-Blondelet,3.9,39,18.04,2018,18,04
Grauer Burgunder Trocken 2016,Germany,Rheinhessen,Wittmann,3.4,39,11.4,2016,11,4
Frauenberg Riesling GG 2017,Germany,Rheinhessen,Battenfeld Spanier,4.2,39,42.51,2017,42,51
Generations Riesling 2017,Germany,Mosel,Axel Pauly,3.9,40,9.9,2017,9,9
Douro Coche Branco 2018,Portugal,Douro,Niepoort,4.5,40,66.29,2018,66,29
Riesling Classic 2012,Germany,Rheingau,Schloss Reinhartshausen,3.5,40,12.49,2012,12,49
Montiggl Riesling 2019,Italy,Südtirol - Alto Adige,St. Michael-Eppan,4.0,40,13.25,2019,13,25
Pinot Grigio Söll 2018,Italy,Trentino-Alto Adige,Cantina Kaltern,3.8,40,11.6,2018,11,6
J² Gau-Odernheimer Riesling 2018,Germany,Rheinhessen,Becker Landgraf,4.2,40,20.96,2018,20,96
Wiener Klassik 2018,Austria,Wien,Mayer am Pfarrplatz,3.6,40,11.99,2018,11,99
Allgo Branco 2014,Portugal,Dão,CM,3.8,40,12.28,2014,12,28
Chardonnay (Padstal) 2019,South Africa,Coastal Region,MAN,3.5,40,5.74,2019,5,74
Steinterrassen 2011,Germany,Nahe,Gut Hermannsberg,3.9,40,21.4,2011,21,4
Riesling 2016,Germany,Nahe,Korrell,3.9,40,11.69,2016,11,69
Grillo Sicilia 2019,Italy,Terre Siciliane,Settesoli,3.6,40,5.79,2019,5,79
Deidesheimer Herrgottsacker Riesling Trocken 2017,Germany,Pfalz,Georg Mosbacher,3.8,40,12.25,2017,12,25
Steillage Riesling Trocken 2018,Germany,Mosel,Weinhaus Gebruder Steffen,4.0,40,9.95,2018,9,95
Pinot Grigio 2018,Italy,delle Venezie,Villa Cavarena,3.6,40,8.94,2018,8,94
Sauvignon Blanc 2018,Germany,Rheinhessen,Sander,3.9,40,9.9,2018,9,9
Corton-Charlemagne Grand Cru 2015,France,Corton-Charlemagne Grand Cru,Domaine Henri Boillot,4.3,40,189.0,2015,189
Stromberg Riesling GG 2017,Germany,Nahe,Schäfer-Fröhlich,4.2,40,45.84,2017,45,84
Sauvignon Blanc 2018,South Africa,Stellenbosch,Peter Falke,3.6,40,13.95,2018,13,95
Siglo de Oro Reserva Chardonnay 2018,Chile,Central Valley,Santa Helena,3.5,40,6.2,2018,6,2
Faß 12 Ayler Kupp Unterstenberg Riesling 2018,Germany,Mosel,Peter Lauer,4.1,40,21.94,2018,21,94
Mount Hermon White 2019,Israel,Galilee,Hermon,3.6,40,9.95,2019,9,95
Amos 2017,Italy,Trentino-Alto Adige,Kurtatsch (Cortaccia),3.8,40,21.9,2017,21,9
Les Châtillons Chablis 2015,France,Chablis,Domaine des Hâtes,4.1,40,19.43,2015,19,43
RK Riesling 2018,Germany,Mosel,Reichsgraf von Kesselstatt,3.7,40,8.92,2018,8,92
Chassagne-Montrachet Blanc 2016,France,Chassagne-Montrachet,Louis Jadot,4.4,40,71.39,2016,71,39
Bernkasteler Badstube Riesling Auslese ** 2015,Germany,Mosel,Markus Molitor,4.3,40,35.09,2015,35,09
Del Cerro Verdicchio di Matelica 2019,Italy,Verdicchio di Matelica,Belisario,3.6,40,8.33,2019,8,33
Sand & Kalk 2015,Austria,Steiermark,Herrenhof Lamprecht,4.1,40,24.91,2015,24,91
Klassiek Wit 2018,South Africa,Western Cape,Oude Kaap,2.8,40,3.75,2018,3,75
Wehlener Sonnenuhr Riesling Auslese 2016,Germany,Mosel,Markus Molitor,4.1,40,76.04,2016,76,04
Spiegel 2016,Austria,Wagram,Bernhard Ott,3.9,40,29.9,2016,29,9
Les Vignes de Saint Laurent l'Abbaye Pouilly-Fumé 2017,France,Pouilly-Fumé,Domaine Chatelain,3.9,40,13.6,2017,13,6
Toreye Riesling Alte Reben 2018,Germany,Pfalz,Eymann,3.8,40,14.9,2018,14,9
Meursault 1er Cru Les Genevrières 2015,France,Meursault Premier Cru,Domaine Henri Boillot,4.2,40,119.0,2015,119
Niederberg Helden Riesling GG 2016,Germany,Mosel,Schloss Lieser,3.8,40,29.9,2016,29,9
Hermannsberg GG 2014,Germany,Nahe,Gut Hermannsberg,4.1,40,35.0,2014,35
Alte Reben Riesling Trocken 2019,Germany,Mosel,Carl Loewen,3.9,40,11.0,2019,11
Halgans Riesling Trocken 2017,Germany,Nahe,Emrich-Schönleber,3.9,40,19.9,2017,19,9
Les Chailloux Silex Pouilly-Fumé 2018,France,Pouilly-Fumé,Domaine Chatelain,3.8,40,14.55,2018,14,55
Wachstum Bodenstein Riesling 2016,Austria,Wachau,Prager,4.0,40,37.83,2016,37,83
Espigueiro 2018,Portugal,Vinho Verde,Casa Agricola de Compostela,3.6,40,5.5,2018,5,5
Pass-O 2018,Italy,Puglia,Menhir,3.9,40,10.95,2018,10,95
Graacher Himmelreich Riesling Spätlese 2015,Germany,Mosel,Markus Molitor,4.1,40,23.95,2015,23,95
Saarburger Rausch Riesling Auslese 2018,Germany,Mosel,Forstmeister Geltz-Zilliken,4.1,40,54.95,2018,54,95
Genèse Riesling 2011,France,Alsace,Vignoble des 2 Lunes,4.0,40,14.57,2011,14,57
Roero Arneis 2019,Italy,Roero,Pescaja,4.0,40,10.92,2019,10,92
Terroir d'Altitude Chardonnay 2017,France,Pays d'Oc,Fortant,3.9,40,9.5,2017,9,5
Tertiär Sauvignon Blanc Trocken 2018,Germany,Pfalz,Wageck-Pfaffmann,3.5,40,9.5,2018,9,5
Morena Bianca Lugana 2019,Italy,Lugana,Biscardo,3.8,40,8.76,2019,8,76
Silvaner Escherndorfer 2016,Germany,Franken,Rainer Sauer,3.8,40,11.51,2016,11,51
Volz Riesling 2015,Germany,Wiltingen,Van Volxem,4.0,40,31.68,2015,31,68
Vigne di Catullo Riserva Lugana 2016,Italy,Lugana,Roveglia,4.0,40,12.58,2016,12,58
Tacheles 2018,Germany,Rheinhessen,Weinreich,3.8,40,13.4,2018,13,4
White Block Chardonnay 2018,Australia,Langhorne Creek,Bremerton,3.6,40,19.3,2018,19,3
Saint-Véran 2018,France,Saint-Véran,Trénel,3.8,40,14.95,2018,14,95
Chardonnay Leithakalk 2017,Austria,Burgenland,Kollwentz,3.7,40,31.63,2017,31,63
Sauvignon Blanc 2019,South Africa,Coastal Region,Steenberg,3.9,40,13.75,2019,13,75
Petit Chablis 2018,France,Petit Chablis,Domaine Philippe Goulley,3.6,41,17.2,2018,17,2
Dajoar Riesling 2018,Germany,Mosel,Andreas Bender,4.1,41,7.32,2018,7,32
Russiz Superiore Col Disôre Bianco Collio 2016,Italy,Collio,Marco Felluga,4.3,41,35.99,2016,35,99
Oppenheim Riesling 2018,Germany,Rheinhessen,Kühling-Gillot,3.9,41,20.88,2018,20,88
Felseneck Riesling Kabinett 2018,Germany,Nahe,Schäfer-Fröhlich,3.8,41,16.58,2018,16,58
Halenberg Riesling GG 2018,Germany,Nahe,Emrich-Schönleber,4.2,41,42.0,2018,42
Passerina 2016,Italy,Terre di Chieti,Villamedoro,3.3,41,5.7,2016,5,7
Black Label Nik Weis Goldtröpfchen Kabinett 2018,Germany,Mosel,St. Urbans-Hof,4.3,41,15.99,2018,15,99
Chardonnay II 2017,Germany,Pfalz,Von Winning,3.6,41,14.5,2017,14,5
Sauvignon Blanc 2019,Germany,Rheinhessen,Krämer - Straight,4.1,41,8.99,2019,8,99
Nussberg Grüner Veltliner 2018,Austria,Wien,Wieninger,3.7,41,13.14,2018,13,14
Chardonnay 2018,France,Pays d'Oc,Cap Cette,3.3,41,7.5,2018,7,5
Branco 2017,Portugal,Dão,Quinta da Ponte Pedrinha,3.9,41,8.8,2017,8,8
La Soufrandiére Le Clos de Grand Pére Macon-Vinzelles 2017,France,Mâcon-Vinzelles,Bret Brothers & The Soufrandière,4.1,41,27.5,2017,27,5
Sauvignon Blanc 2018,Germany,Pfalz,Heinrich Spindler,3.8,41,10.5,2018,10,5
Scheurebe Trocken 2018,Germany,Rheinhessen,Wittmann,3.6,41,15.25,2018,15,25
Pouilly-Fumé Terres Blanches 2018,France,Pouilly-Fumé,Pascal Jolivet,3.8,41,26.18,2018,26,18
Niederberg Helden Riesling Spätlese Feinherb 2018,Germany,Mosel,Weingut Thanisch,4.1,41,12.85,2018,12,85
Chardonnay 2018,Germany,Pfalz,Dr. Von Bassermann-Jordan,3.4,41,9.5,2018,9,5
Frühtau Riesling Trocken 2016,Germany,Nahe,Emrich-Schönleber,4.0,41,17.9,2016,17,9
Paulessen Riesling 2018,Germany,Mosel,Andreas Bender,3.8,41,7.32,2018,7,32
Reserva Chardonnay (Classic) 2019,Chile,Central Valley,Montes,3.6,41,6.89,2019,6,89
Domaine Sainte Barbe Les Tilles Mâcon-Villages 2018,France,Mâcon-Villages,Chaland Jean-Marie,3.6,41,14.5,2018,14,5
Montagny 1er Cru 'Les Saint Morilles' 2015,France,Montagny 1er Cru 'Saint-Morille',Berthenet,3.7,41,19.37,2015,19,37
Sancerre Blanc 2017,France,Sancerre,Langlois-Chateau,3.7,41,10.0,2017,10
Ευχές (Wishes) 2015,Greece,Macedonia,Pieria Eratini (Πιερία Ερατεινή),4.0,41,13.95,2015,13,95
Vieilles Vignes Châteauneuf-du-Pape Blanc 2015,France,Châteauneuf-du-Pape,Château de Beaucastel,4.4,41,154.99,2015,154,99
Estate Gewürztraminer 2013,France,Alsace Grand Cru,Hugel,4.0,41,20.47,2013,20,47
Chardonnay 2018,Austria,Burgenland,Paul Achs,3.6,41,9.65,2018,9,65
Muskateller Trocken 2018,Germany,Pfalz,Ökonomierat Rebholz,4.1,41,18.94,2018,18,94
Teppo Riesling 2016,Germany,Mosel,Fio,3.7,41,17.79,2016,17,79
Opale 2018,Italy,Vermentino di Sardegna,Mesa,3.9,41,22.5,2018,22,5
Felseneck Riesling GG 2018,Germany,Nahe,Schäfer-Fröhlich,4.3,41,46.79,2018,46,79
Mineral Riesling Trocken 2018,Germany,Nahe,Emrich-Schönleber,3.9,41,14.9,2018,14,9
Heugumber 2017,Germany,Baden,Ziereisen,3.5,41,6.4,2017,6,4
Frühtau Riesling Trocken 2017,Germany,Nahe,Emrich-Schönleber,4.0,41,23.06,2017,23,06
Riesling Trocken 2018,Germany,Nahe,Korrell,3.6,41,9.9,2018,9,9
Kupfergrube GG 2016,Germany,Nahe,Gut Hermannsberg,4.4,42,46.88,2016,46,88
Loibenberg Riesling 2017,Austria,Wachau,Pichler-Krutzler,3.9,42,32.87,2017,32,87
Hyde Vineyard Chardonnay 2016,United States,Los Carneros,Patz & Hall,4.3,42,84.0,2016,84
Pinot Grigio 2018,Italy,Friuli-Venezia Giulia,Sturm,4.0,42,14.43,2018,14,43
Semis Bianco 2015,Italy,Abruzzo,Collefrisio,4.3,42,29.95,2015,29,95
Win Win Riesling 2019,Germany,Pfalz,Von Winning,3.8,42,9.7,2019,9,7
St. Andrews Chardonnay 2017,Australia,Clare Valley,Taylors / Wakefield,4.1,42,20.0,2017,20
Chardonnay Leithakalk 2018,Austria,Burgenland,Kollwentz,3.7,42,20.28,2018,20,28
Oberbergener Bassgeige Weissburgunder 2018,Germany,Baden,Franz Keller,3.8,42,12.5,2018,12,5
Materia Prima 2018,Austria,Wagram,Fritsch,4.3,42,20.84,2018,20,84
Grauburgunder Herrenstück 2015,Germany,Baden,Weingut Holger Koch,3.9,42,14.95,2015,14,95
Classic Chardonnay 2018,Austria,Wien,Wieninger,3.5,42,9.91,2018,9,91
Kallstadter Saumagen Riesling Kabinett Trocken 2018,Germany,Pfalz,Koehler-Ruprecht,3.8,42,12.57,2018,12,57
Ölberg Riesling 2016,Germany,Rheinhessen,Kühling-Gillot,4.2,42,36.95,2016,36,95
Vermentino Isola dei Nuraghi 2018,Italy,Isola dei Nuraghi,Capichera,4.2,42,35.97,2018,35,97
Maximin Grünhäuser Abtsberg Superior 2017,Germany,Mosel,Maximin Grünhaus,4.2,42,25.0,2017,25
Aragosta Vermentino di Sardegna 2019,Italy,Vermentino di Sardegna,Santa Maria La Palma,3.7,42,6.9,2019,6,9
Perdeblokke Sauvignon Blanc 2017,South Africa,Constantia,Klein Constantia,3.9,42,24.91,2017,24,91
Pinot Blanc Tradition 2018,France,Alsace,Emile Beyer,4.0,42,11.49,2018,11,49
Wehlener Sonnenuhr Riesling Kabinett 2018,Germany,Wehlen,Joh. Jos. Prüm,3.9,42,25.47,2018,25,47
Summer In A Bottle White 2019,United States,Long Island,Wölffer Estate,4.0,42,24.9,2019,24,9
Frühlingsplätzchen Riesling GG 2013,Germany,Nahe,Emrich-Schönleber,4.1,42,37.95,2013,37,95
Leflaive & Associes Auxey-Duresses 2016,France,Auxey-Duresses,Domaine Leflaive,3.9,42,49.9,2016,49,9
Gemischter Satz 2017,Austria,Wiener Gemischter Satz,Bernhard Ott,3.6,42,11.02,2017,11,02
Lou Coucardié Blanc 2015,France,Costières-de-Nîmes,Michel Gassier,4.0,42,23.05,2015,23,05
Monferrato Estrosa Bianco 2018,Italy,Monferrato,Pico Maccario,3.5,42,10.4,2018,10,4
Pettenthal Riesling GG 2017,Germany,Rheinhessen,Kühling-Gillot,4.1,42,50.0,2017,50
La Femme Soleil 2018,France,Languedoc-Roussillon,Domaine Hors Champ,3.4,42,21.45,2018,21,45
Meursault Premier Cru 'Les Charmes' 2017,France,Meursault 1er Cru 'Charmes',Domaine du Pavillon,4.2,42,70.0,2017,70
Zakynthino 2016,Greece,Slopes of Enos,Sclavus (Sclavos),3.8,42,17.9,2016,17,9
Tselepos Classic Moschofilero Mantinia 2019,Greece,Mantinia,Κτημα Τσελεπου (Ktima Tselepos),3.8,42,9.95,2019,9,95
Sauvignon Blanc Tradition 2017,Germany,Pfalz,Philipp Kuhn,3.8,42,13.37,2017,13,37
Bianco di Merlot 2017,Switzerland,Ticino,Castello di Morcote,4.0,42,43.87,2017,43,87
T.N. 76 Weissburgunder 2013,Italy,Trentino-Alto Adige,Thomas Niedermayr,3.8,42,33.0,2013,33
Reserva Sauvignon Blanc 2019,Chile,Maule Valley,Viña Palo Alto,3.1,42,6.84,2019,6,84
Frauenberg Riesling GG 2016,Germany,Rheinhessen,Battenfeld Spanier,3.9,42,41.58,2016,41,58
Cirò Bianco 2017,Italy,Cirò,Fattoria San Francesco,3.7,43,5.95,2017,5,95
Picpoul de Pinet 2019,France,Picpoul de Pinet,Domaine de Belle Mare,3.9,43,6.73,2019,6,73
Steinterrassen - Riesling Federspiel 2018,Austria,Wachau,Franz Hirtzberger,3.7,43,19.9,2018,19,9
Corton-Charlemagne Grand Cru Blanc 2016,France,Corton-Charlemagne Grand Cru,Bouchard Père & Fils,4.5,43,178.96,2016,178,96
Steinmühle 2017,Austria,Burgenland,Kollwentz,3.8,43,25.47,2017,25,47
Chablis 2018,France,Chablis,Domaine Philippe Goulley,3.8,43,19.95,2018,19,95
Chardonnay 2017,United States,Long Island,Wölffer Estate,3.6,43,17.9,2017,17,9
Berg Rottland Riesling 2017,Germany,Rheingau,Georg Breuer,4.2,43,38.9,2017,38,9
Chardonnay 2018,United States,Long Island,Wölffer Estate,3.8,43,19.9,2018,19,9
Muscadet-Sèvre et Maine Sur Lie 2019,France,Muscadet-Sevre et Maine,Pépière,3.6,43,9.36,2019,9,36
Riesling Alsace Grand Cru 'Sommerberg' 2016,France,Alsace Grand Cru 'Sommerberg',Albert Boxler,4.0,43,53.22,2016,53,22
Riesling Alsace 2015,France,Alsace,Kuehn,3.6,43,8.48,2015,8,48
Brauneberger Juffer Riesling Kabinett 2018,Germany,Brauneberg,Schloss Lieser,3.9,43,15.9,2018,15,9
Saarburger Rausch Riesling Auslese 2016,Germany,Mosel,Forstmeister Geltz-Zilliken,3.8,43,54.95,2016,54,95
Whitehall Chardonnay 2016,South Africa,Elgin,Neil Ellis,4.0,43,23.79,2016,23,79
Sauvignon Blanc 2019,United States,California,Gallo Family Vineyards,3.5,43,6.05,2019,6,05
Saar Alte Reben Riesling 2015,Germany,Mosel,Markus Molitor,3.9,43,18.95,2015,18,95
Als Wär's ein Stück Von Mir 2016,Germany,Rheinhessen,Weingut Gunderloch,3.6,43,11.4,2016,11,4
Wehlener Sonnenuhr Riesling Kabinett 2017,Germany,Wehlen,Schloss Lieser,3.9,43,14.95,2017,14,95
Fehérburgundi 2015,Hungary,Sopron,Weninger,3.7,43,15.6,2015,15,6
Puligny-Montrachet 2017,France,Puligny-Montrachet,Domaine Henri Boillot,4.3,43,59.9,2017,59,9
Graacher Domprobst Riesling Auslese*** 2003,Germany,Mosel,Markus Molitor,4.1,43,50.0,2003,50
Chardonnay 2019,Australia,South Eastern Australia,Barramundi,3.0,43,6.5,2019,6,5
Chardonnay Bambule! 2015,Austria,Burgenland,Judith Beck,3.9,43,26.9,2015,26,9
Pinot Gris Tradition 2017,France,Alsace,Emile Beyer,3.8,43,13.2,2017,13,2
Burgberg Riesling GG 2015,Germany,Nahe,Diel,4.1,43,42.0,2015,42
Klostersatz Grüner Veltliner 2017,Austria,Wachau,Pichler-Krutzler,3.9,43,15.5,2017,15,5
Circumstance Chenin Blanc 2018,South Africa,Stellenbosch,Waterkloof,3.9,43,19.5,2018,19,5
Hermitage Le Chevalier de Sterimberg 2016,France,Hermitage,Paul Jaboulet Aîné,4.2,43,78.75,2016,78,75
Setzberg - Riesling Smaragd 2017,Austria,Wachau,Franz Hirtzberger,4.2,43,32.0,2017,32
Corton-Charlemagne Grand Cru 2016,France,Corton-Charlemagne Grand Cru,Domaine Henri Boillot,4.5,43,189.0,2016,189
Sancerre Blanc 2018,France,Sancerre,Michel Thomas & Fils,3.7,43,18.08,2018,18,08
Estoras Sauvignon Blanc 2017,Austria,Burgenland,Esterházy,3.6,43,12.25,2017,12,25
Sauvignon Blanc 2019,South Africa,Walker Bay,Southern Right,3.7,43,11.9,2019,11,9
Wachenheimer Goldbächel P.C 2016,Germany,Pfalz,Dr. Bürklin-Wolf,4.0,43,29.0,2016,29
Pechstein GG 2017,Germany,Pfalz,Reichsrat von Buhl,4.1,43,45.0,2017,45
Gelblack Riesling Trocken 2019,Germany,Rheingau,Schloss Johannisberg,4.0,43,15.0,2019,15
Südtiroler Sauvignon Porphyr & Kalk 2018,Italy,Südtirol - Alto Adige,Ignaz Niedrist,4.0,43,20.9,2018,20,9
Steinhaus Riesling Trocken 2016,Germany,Rheingau,Trenz,3.8,43,9.21,2016,9,21
Brauneberger Riesling Trocken 2018,Germany,Brauneberg,Fritz Haag,3.8,43,14.5,2018,14,5
Meursault-Charmes Premier Cru 2016,France,Meursault 1er Cru 'Charmes',Domaine Jean Monnier & Fils,3.8,43,86.62,2016,86,62
Pouilly-Fumé 2016,France,Pouilly-Fumé,Langlois-Chateau,3.7,44,21.66,2016,21,66
Chenin Blanc 2018,Germany,Pfalz,Oliver Zeter,4.0,44,22.0,2018,22
Coronata Integration 2016,South Africa,Durbanville,Nitída,4.3,44,17.5,2016,17,5
Niederberg Helden Riesling GG 2018,Germany,Mosel,Schloss Lieser,3.9,44,29.9,2018,29,9
Mâcon-Villages 2016,France,Mâcon-Villages,Daniel Pollier,3.6,44,9.54,2016,9,54
Lesca Chardonnay 2018,South Africa,Robertson,De Wetshof,3.9,44,13.58,2018,13,58
Weisser Burgunder I 2013,Germany,Pfalz,Von Winning,4.0,44,29.95,2013,29,95
Gavi 2018,Italy,Gavi,Giacosa Fratelli,3.7,44,9.95,2018,9,95
Sauvignon Blanc (Markgräflerland) 2018,Germany,Baden,Martin Waßmer,3.5,44,10.9,2018,10,9
Auxerrois Grand Premier Cru 2017,Luxembourg,Côtes de Grevenmacher,Bernard-Massard,3.8,44,12.7,2017,12,7
Le Creete 2019,Italy,Lugana,Ottella,4.0,44,11.9,2019,11,9
Weissburgunder Steirische Klassik 2017,Austria,Südsteiermark,Tement,3.8,44,14.4,2017,14,4
Wunderwerk Riesling 2016,Germany,Rheinhessen,Dreissigacker,3.9,44,20.96,2016,20,96
Stettener Riesling Schilfsandstein 2016,Germany,Württemberg,Beurer,3.7,44,16.35,2016,16,35
Chablis 2018,France,Chablis,Joseph Drouhin,3.6,44,19.3,2018,19,3
Ried Steinriegl Gelber Muskateller 2018,Austria,Südsteiermark,Wohlmuth,3.8,44,15.65,2018,15,65
Vom Schiefer 2018,Germany,Nahe,Gut Hermannsberg,3.9,44,15.65,2018,15,65
Florence Sauvignon Blanc - Chardonnay 2018,South Africa,Stellenbosch,Aaldering,3.9,44,11.5,2018,11,5
Collectors Reserve The Cableway Chardonnay 2018,South Africa,Western Cape,Durbanville Hills,3.8,44,16.99,2018,16,99
Château-Thébaud 2014,France,Muscadet-Sevre et Maine,Pépière,4.0,44,17.06,2014,17,06
Riesling Alsace Grand Cru 'Kitterlé' 2017,France,Alsace Grand Cru 'Kitterle',Domaines Schlumberger,3.9,44,25.24,2017,25,24
Côte de Rouffach Gewürztraminer 2016,France,Alsace,René Muré,3.9,44,15.5,2016,15,5
Graf Morillon 2013,Austria,Südsteiermark,Sepp & Maria Muster,4.0,44,29.5,2013,29,5
Kiechlinsberger Vulkanfelsen Grauerburgunder Trocken 2018,Germany,Baden,Königschaffhausen-Kiechlinsbergen,4.0,44,10.24,2018,10,24
Platin Riesling 2019,Austria,Kamptal,Jurtschitsch,3.6,44,10.09,2019,10,09
Classic Graves Blanc 2016,France,Graves,Château Brondelle,3.6,44,11.95,2016,11,95
Eden Valley Dry Riesling 2015,Australia,Eden Valley,Langmeil,3.6,44,15.5,2015,15,5
1000-Eimerberg Riesling Federspiel 2018,Austria,Wachau,Gritsch Mauritiushof,3.8,44,12.87,2018,12,87
Vis Uvae 2013,Italy,Friuli-Venezia Giulia,Il Carpino,3.7,44,26.77,2013,26,77
Gelber Muskateller 2017,Austria,Burgenland,Leo Hillinger,3.6,44,8.89,2017,8,89
Vermentino 2019,Italy,Salento,Timo,3.9,44,6.95,2019,6,95
Altenberg Alte Reben 2015,Germany,Mosel,Van Volxem,4.1,44,39.95,2015,39,95
Great Expectations Sauvignon Blanc 2019,South Africa,Robertson,Goedverwacht,3.6,44,6.77,2019,6,77
Les Menétrieres Pouilly-Fuissé (Cuvée Hors-Classe) 2016,France,Pouilly-Fuissé,J.A. Ferret,4.4,44,63.06,2016,63,06
Ermitage de l'Orée 2004,France,Hermitage,M. Chapoutier,4.8,44,189.95,2004,189,95
Eins Zu Eins Gewürztraminer 2018,Germany,Pfalz,Weingut A. Diehl,4.0,44,6.8,2018,6,8
Signature Blanc 2019,France,Côtes de Gascogne,Domaine Saint-Lannes,3.7,44,5.95,2019,5,95
Appius 2015,Italy,Südtirol - Alto Adige,St. Michael-Eppan,4.5,44,101.75,2015,101,75
Steinbuckel Riesling GG 2015,Germany,Pfalz,Knipser,4.0,44,31.19,2015,31,19
Chardonnay 2017,South Africa,Western Cape,Laborie,3.1,44,8.49,2017,8,49
Dürnsteiner Kellerberg Riesling Smaragd 2017,Austria,Wachau,F.X. Pichler,4.4,44,59.73,2017,59,73
Châteauneuf-du-Pape La Bernardine Blanc 2016,France,Châteauneuf-du-Pape,M. Chapoutier,3.6,44,33.46,2016,33,46
Les Vieilles Vignes Meursault 2016,France,Meursault,Vincent Girardin,4.0,44,70.3,2016,70,3
Viognier 2019,South Africa,Breede River Valley,Excelsior,3.6,44,6.95,2019,6,95
Magréd Chardonnay 2018,Italy,Südtirol - Alto Adige,Nals Margreid,3.6,45,14.13,2018,14,13
Grauburgunder Herrenstück 2017,Germany,Baden,Weingut Holger Koch,4.0,45,12.57,2017,12,57
Venezia Giulia Picol 2017,Italy,Venezia Giulia,Lis Neris,4.0,45,25.9,2017,25,9
Gloria 2017,Austria,Burgenland,Kollwentz,4.5,45,79.68,2017,79,68
Sciare di Est Grillo 2017,Italy,Terre Siciliane,Antichi Vinai,3.7,45,7.42,2017,7,42
Gaia White Blend 2016,Argentina,Tupungato,Domaine Bousquet,3.7,45,11.01,2016,11,01
Sauvignon Blanc - Riesling 2018,Germany,Rheinhessen,Nico Espenschied,3.9,45,9.85,2018,9,85
Grecanico - Inzolia 2016,Italy,Terre Siciliane,Corte dei Mori,3.7,45,6.5,2016,6,5
Riesling Abtsberg GG 2018,Germany,Mosel,Maximin Grünhaus,4.0,45,26.66,2018,26,66
Pinot Grigio 2019,Italy,Südtirol - Alto Adige,Tramin,3.5,45,8.9,2019,8,9
Chardonnay vom Kalkmergel 2018,Germany,Pfalz,Philipp Kuhn,3.6,45,14.89,2018,14,89
Chardonnay 2017,United States,Central Coast,Ryder Estate,3.7,45,15.9,2017,15,9
Corton-Charlemagne Grand Cru 2016,France,Corton-Charlemagne Grand Cru,Joseph Drouhin,4.3,45,195.0,2016,195
Just Riesling! 2012,Germany,Nahe,Gut Hermannsberg,3.5,45,9.21,2012,9,21
Gewürztraminer Trentino 2018,Italy,Trentino,Endrizzi,3.8,45,12.2,2018,12,2
Copper Series Wilde Chardonnay 2017,Australia,Hunter Valley,Tempus Two,3.8,45,16.83,2017,16,83
Sauvignon Blanc Bordeaux 2010,France,Bordeaux,Dourthe N°1,3.0,45,8.95,2010,8,95
Sauvignon Blanc - Sémillon 2017,Turkey,Thrace,Suvla,3.2,45,12.0,2017,12
Königsschild Riesling 2016,Germany,Nahe,Martin Tesch,3.5,45,13.9,2016,13,9
Reserva Sauvignon Blanc 2019,Chile,Central Valley,Caliterra,3.7,45,8.32,2019,8,32
Grüner Veltliner Weinviertel 2019,Austria,Weinviertel,Ingrid Groiss,4.2,45,10.95,2019,10,95
Vermentino Toscana 2019,Italy,Toscana,Aia Vecchia,3.5,45,9.95,2019,9,95
Sauvignon Blanc 2019,New Zealand,Marlborough,Mount Nelson,4.1,45,14.99,2019,14,99
Nachschlag 2019,Germany,Franken,Stahl,3.8,45,6.95,2019,6,95
Domaine de Fontenille Pouilly-Fumé 2018,France,Pouilly-Fumé,Patrick Maudry,3.9,45,18.97,2018,18,97
Pinot Grigio delle Venezie 2019,Italy,delle Venezie,Corte Giara,3.6,45,6.43,2019,6,43
Hole In The Water Sauvignon Blanc 2019,New Zealand,Marlborough,Konrad,4.1,45,10.9,2019,10,9
Deidesheimer Kieselberg Riesling Trocken 2018,Germany,Pfalz,Dr. Von Bassermann-Jordan,3.7,45,16.47,2018,16,47
Les Deux Tours Sauvignon Blanc 2018,France,Loire Valley,de Ladoucette,4.0,46,15.3,2018,15,3
Grauer Burgunder Trocken 2019,Germany,Baden,Alexander Laible,4.2,46,11.94,2019,11,94
Castello della Sala San Giovanni della Sala Classico Superiore 2019,Italy,Orvieto,Antinori,3.9,46,14.85,2019,14,85
Penon Pinot Bianco 2018,Italy,Südtirol - Alto Adige,Nals Margreid,3.7,46,12.8,2018,12,8
Classic Riesling 2018,France,Alsace,Hugel,3.7,46,14.75,2018,14,75
Efeso Bianco 2017,Italy,Val di Neto,Librandi,3.9,46,11.4,2017,11,4
Laudàri Chardonnay 2018,Italy,Terre Siciliane,Baglio del Cristo di Campobello,4.1,46,17.23,2018,17,23
Nonnenberg Monopol Riesling 2016,Germany,Rheingau,Georg Breuer,4.2,46,52.0,2016,52
Roero Arneis 2019,Italy,Roero,Bruno Giacosa,3.8,46,19.4,2019,19,4
La Falaise Languedoc Blanc 2016,France,Languedoc,Château la Négly,4.1,46,19.01,2016,19,01
Bordeaux Blanc 2016,France,Bordeaux,Château de Ricaud,3.4,46,7.44,2016,7,44
Grauer Burgunder vom Löss 2018,Germany,Pfalz,Philipp Kuhn,4.0,46,14.89,2018,14,89
The Y Series Unwooded Chardonnay 2019,Australia,South Australia,Yalumba,3.2,46,11.9,2019,11,9
Marienburg GG Fahrlay 2016,Germany,Mosel,Clemens Busch,4.3,46,33.5,2016,33,5
Kleine Rust Chenin Blanc - Sauvignon Blanc 2019,South Africa,Stellenbosch,Stellenrust,3.6,46,5.76,2019,5,76
Friulano 2017,Italy,Colli Orientali del Friuli,Torre Rosazza,4.0,46,13.93,2017,13,93
Kalk & Stein 2018,Germany,Pfalz,Weingut Seckinger,3.7,46,8.8,2018,8,8
Reiterpfad G.C 2014,Germany,Pfalz,Dr. Bürklin-Wolf,4.1,46,54.17,2014,54,17
Riesling Alsace 2016,France,Alsace,Kuehn,3.7,46,8.48,2016,8,48
Sauvignon Blanc Reserve 2017,South Africa,Walker Bay,Bouchard Finlayson,3.6,46,16.95,2017,16,95
Chardonnay 2018,South Africa,Stellenbosch,Edgebaston,4.0,46,12.95,2018,12,95
Unplugged Riesling 2018,Germany,Nahe,Martin Tesch,3.7,46,9.9,2018,9,9
Timpa del Principe 2017,Italy,Calabria,Ferrocinto,3.8,46,7.1,2017,7,1
Corton-Charlemagne Grand Cru 2016,France,Corton-Charlemagne Grand Cru,Domaine des Héritiers Louis Jadot,4.4,47,189.39,2016,189,39
Bertesca Vernaccia di San Gimignano 2017,Italy,Vernaccia di San Gimignano,Castelli del Grevepesa,3.1,47,7.42,2017,7,42
Kirchleiten Sauvignon 2013,Italy,Südtirol - Alto Adige,Tiefenbrunner,3.8,47,15.59,2013,15,59
Chardonnay 2016,United States,Russian River Valley,Gallo Signature Series,4.2,47,32.01,2016,32,01
Sauvignon Blanc Trocken 2019,Germany,Rheinhessen,Hofmann,3.8,47,10.0,2019,10
Three Terraces Waihopai Sauvignon Blanc 2017,New Zealand,Marlborough,Marisco Vineyards,3.8,47,15.95,2017,15,95
Réserve Royale Goruli Mtsvane 2015,Georgia,Kakheti,Mukhrani,4.1,47,29.9,2015,29,9
Chardonnay 2019,South Africa,Coastal Region,Protea,3.3,47,8.95,2019,8,95
Lores Chardonnay 2017,Austria,Thermenregion,Johanneshof Reinisch,3.9,47,24.1,2017,24,1
Nosiola 2018,Italy,Vigneti delle Dolomiti,Madonna delle Vittorie,3.7,47,12.57,2018,12,57
Golden Grüner Veltliner Reserve 2018,Austria,Weinviertel,Weingut R&A Pfaffl,4.0,47,22.5,2018,22,5
Chardonnay 2018,France,Pays d'Oc,Croix d'Or,3.8,47,6.9,2018,6,9
Gelber Muskateller Steirische Klassik 2019,Austria,Südsteiermark,Tement,3.7,47,13.61,2019,13,61
Schieferterrassen Reserve Riesling 2017,Austria,Kremstal,Domane Krems,4.2,47,14.72,2017,14,72
Châteauneuf-du-Pape Vieilles Vignes Blanc 2006,France,Châteauneuf-du-Pape,Tardieu-Laurent,4.2,47,46.95,2006,46,95
Reserva Chardonnay 2018,Chile,Casablanca Valley,Caliterra,3.2,47,6.99,2018,6,99
Wehlener Sonnenuhr Riesling Spätlese 2017,Germany,Wehlen,Joh. Jos. Prüm,4.2,47,30.47,2017,30,47
Zeltinger Schlossberg Riesling Auslese** 2007,Germany,Mosel,Markus Molitor,4.5,47,43.65,2007,43,65
Fiano Salento Roycello 2018,Italy,Salento,Tormaresca,3.5,47,13.25,2018,13,25
Chablis Vieilles Vignes 2017,France,Chablis,Château de Chemilly,4.0,47,16.5,2017,16,5
Talò Chardonnay 2018,Italy,Puglia,San Marzano,3.8,47,6.85,2018,6,85
Manzanile Vermentino di Sardegna 2018,Italy,Vermentino di Sardegna,Gabbas,3.6,47,11.0,2018,11
Rivaner 2018,Germany,Baden,Karl H. Johner,3.3,47,7.72,2018,7,72
de Vite 2019,Italy,Vigneti delle Dolomiti,J. Hofstätter,4.0,47,11.16,2019,11,16
Sauvignon Blanc 2018,Italy,Südtirol - Alto Adige,Alois Lageder,3.6,47,12.9,2018,12,9
Obere Steilterrassen Atzberg Grüner Veltliner 2016,Austria,Wachau,Gritsch Mauritiushof,4.4,47,56.05,2016,56,05
Sauvignon Blanc 2019,South Africa,Stellenbosch,Stellenrust,3.5,47,7.29,2019,7,29
Supperin Grüner Veltliner 2016,Austria,Wachau,Pichler-Krutzler,3.8,47,27.5,2016,27,5
Bourgogne Hautes-Côtes de Beaune Chardonnay 2018,France,Bourgogne Hautes-Côtes de Beaune,Domaine Henri Delagrange et Fils,3.4,47,16.83,2018,16,83
Chassagne-Montrachet 1er Cru 'Cailleret' 2012,France,Chassagne-Montrachet 1er Cru 'Cailleret',Jean-Marc Morey,4.0,47,86.62,2012,86,62
Donnaluce 2019,Italy,Lazio,Poggio le Volpi,4.1,47,12.9,2019,12,9
Frühlingsplätzchen Riesling GG 2014,Germany,Nahe,Emrich-Schönleber,4.2,47,38.95,2014,38,95
Mâcon-Verzé 2018,France,Mâcon-Villages,Domaine Leflaive,4.1,47,31.9,2018,31,9
Deidesheimer Herrgottsacker Riesling Trocken 2018,Germany,Pfalz,Georg Mosbacher,4.0,48,10.84,2018,10,84
Perdaudin Roero Arneis 2018,Italy,Roero,Negro Angelo,3.9,48,15.5,2018,15,5
Anteprima Tonda Trebbiano Spoletino 2017,Italy,Spoleto,Antonelli San Marco,4.1,48,20.9,2017,20,9
Riesling Trocken 2016,Germany,Rheingau,Prinz,3.5,48,8.95,2016,8,95
Sémillon - Chardonnay 2018,Australia,South Australia,Rawson's Retreat,3.3,48,7.9,2018,7,9
La Galopine Condrieu 2017,France,Condrieu,Delas,4.1,48,44.75,2017,44,75
Le G de Guiraud Bordeaux Blanc Sec 2019,France,Bordeaux,Château Guiraud,4.0,48,14.52,2019,14,52
Weissenkirchner Achleithen Grüner Veltliner Smaragd 2015,Austria,Wachau,Rudi Pichler,4.2,48,54.0,2015,54
Reserve Sauvignon Blanc 2017,South Africa,Cape Point,Cape Point Vineyards,4.1,48,21.5,2017,21,5
Escheburg 2011,Germany,Mosel,Immich-Batterieberg,4.0,48,16.47,2011,16,47
Halgans Riesling Trocken 2016,Germany,Nahe,Emrich-Schönleber,3.7,48,20.9,2016,20,9
Riesling Grand Premier Cru 2018,Luxembourg,Côtes de Grevenmacher,Bernard-Massard,3.7,48,14.83,2018,14,83
Grauburgunder 2018,Germany,Pfalz,Rings,3.6,48,9.45,2018,9,45
Wattle Brae Riesling 2017,Australia,Eden Valley,Langmeil,3.7,48,14.13,2017,14,13
Baron Salvadori Chardonnay Riserva 2016,Italy,Südtirol - Alto Adige,Nals Margreid,4.0,48,25.9,2016,25,9
Les Côtes aux Valets Sancerre Blanc 2015,France,Sancerre,Henri Bourgeois,4.2,48,50.69,2015,50,69
Grüner Veltliner Smaragd Classic 2017,Austria,Wachau,Domäne Wachau,3.9,48,14.99,2017,14,99
Pouilly-Fuissé Vielles Vignes 2016,France,Pouilly-Fuissé,Daniel Pollier,3.7,48,16.08,2016,16,08
Terroir Series Torrontes 2019,Argentina,Salta,Kaiken,3.7,48,8.54,2019,8,54
Timeo Grillo 2016,Italy,Terre Siciliane,Baglio di Pianetto,3.8,48,12.58,2016,12,58
Villa Torre Verdicchio dei Castelli di Jesi Classico Superiore 2018,Italy,Verdicchio dei Castelli di Jesi,Tenuta di Tavignano,3.3,48,8.76,2018,8,76
Sauvignon Blanc 2019,New Zealand,Marlborough,Moroki,3.7,48,8.41,2019,8,41
Runcneuv Arneis 2019,Italy,Langhe,Roberto Sarotto,3.8,48,9.26,2019,9,26
Kirchspiel Riesling GG 2018,Germany,Rheinhessen,Wittmann,4.0,48,46.4,2018,46,4
Grand Marrenon Blanc 2018,France,Luberon,Marrenon,3.5,48,11.5,2018,11,5
Ganz Horn Im Sonnenschein GG 2015,Germany,Pfalz,Ökonomierat Rebholz,4.1,48,49.0,2015,49
Therese Sauvignon Blanc 2018,Austria,Südsteiermark,Weingut Erich & Walter Polz,3.7,48,23.8,2018,23,8
Nierstein Riesling Trocken 2016,Germany,Rheinhessen,Kühling-Gillot,3.8,48,19.4,2016,19,4
Sauvignon Blanc 2017,South Africa,Coastal Region,Diemersfontein,3.4,48,7.5,2017,7,5
Le Fornaci Lugana 2019,Italy,Lugana,Tommasi,3.9,48,10.5,2019,10,5
Oberhäuser Brücke Riesling Spätlese 2015,Germany,Nahe,Dönnhoff,4.2,49,25.84,2015,25,84
Sauvignon 2018,France,Bordeaux,Le Petit Baigneur,3.4,49,6.49,2018,6,49
Riesling 2015,France,Alsace,Albert Boxler,4.0,49,25.44,2015,25,44
Inzolia Sicilia 2018,Italy,Terre Siciliane,Caleo,3.2,49,4.9,2018,4,9
Riesling 2016,Germany,Pfalz,Friedrich Becker,3.6,49,10.69,2016,10,69
Meursault 'Les Narvaux' 2017,France,Meursault,David Moret-Nomine,4.2,49,63.9,2017,63,9
Premium Chardonnay 2016,New Zealand,Marlborough,Saint Clair,3.7,49,15.84,2016,15,84
Viognier 2016,Australia,Barossa Valley,Langmeil,3.9,49,11.21,2016,11,21
Chardonnay Dei Sassi Cavi 2015,Italy,Collio,Collavini,3.3,49,9.99,2015,9,99
Loiserberg Grüner Veltliner Reserve 2017,Austria,Kamptal,Loimer,3.8,49,17.55,2017,17,55
Buntsandstein Riesling 2017,Germany,Pfalz,Frank John,3.8,49,17.5,2017,17,5
Oktav Grauburgunder 2014,Germany,Baden,Heger,3.7,49,10.67,2014,10,67
Berg Schlossberg GG 2016,Germany,Rheingau,Weingüter Wegeler,3.9,49,25.0,2016,25
Sauvignon Blanc 2019,South Africa,Stellenbosch,Anura,3.5,49,9.99,2019,9,99
Luberon 2019,France,Luberon,Famille Perrin,3.6,49,5.71,2019,5,71
Branco (Antão Vaz - Viognier - Verdelho) 2018,Portugal,Alentejano,Ciconia,3.5,49,4.92,2018,4,92
Montserre Chablis 2017,France,Chablis,Château de Béru,4.2,49,35.0,2017,35
Wehlener Sonnenuhr Riesling Kabinett 2018,Germany,Wehlen,Schloss Lieser,3.8,49,15.9,2018,15,9
Sauvignon 2019,Italy,Colli Orientali del Friuli,Livio Felluga,3.9,49,18.9,2019,18,9
Sauvignon Blanc Organic 2019,Chile,Casablanca Valley,Veramonte,3.5,49,8.4,2019,8,4
Solaris Chorb Rheinau 2018,Switzerland,Zürich,Staatskellerei Zürich,3.8,49,22.91,2018,22,91
La Froscà Soave Classico 2016,Italy,Soave Classico,Gini,3.8,49,21.45,2016,21,45
Les Grands Calcaires Cotes du Rhône 2017,France,Côtes-du-Rhône,Domaine Santa Duc,3.6,49,9.2,2017,9,2
Chardonnay Puglia 2019,Italy,Puglia,Tormaresca,3.6,49,7.39,2019,7,39
Chardonnay 2018,New Zealand,Marlborough,Nautilus,4.1,49,19.9,2018,19,9
Pittermännchen Riesling GG 2015,Germany,Nahe,Diel,3.8,49,47.76,2015,47,76
Meursault-Charmes Premier Cru 2015,France,Meursault 1er Cru 'Charmes',Domaine Jean Monnier & Fils,4.2,49,90.2,2015,90,2
Chablis Grand Cru 'Les Preuses' 2015,France,Chablis Grand Cru 'Preuses',Domaine William Fèvre,4.1,49,97.81,2015,97,81
Riverbank Riesling 2017,United States,Arroyo Seco,Wente,3.6,49,12.23,2017,12,23
Alte Reben Grüner Veltliner 2016,Austria,Niederösterreich,Kracher & Sohm,4.0,49,14.65,2016,14,65
Chardonnay 2016,New Zealand,Marlborough,Greywacke,3.8,49,29.5,2016,29,5
Bell-Ringer Albariño 2015,New Zealand,Gisborne,Coopers Creek,3.7,49,12.5,2015,12,5
Collio Friulano 2018,Italy,Collio,Schiopetto,3.9,49,17.9,2018,17,9
Riesling 2018,Germany,Rheinhessen,Schätzel,3.6,49,12.1,2018,12,1
Vieilles Vignes Chablis 2013,France,Chablis,Roland Lavantureux,3.9,49,52.0,2013,52
Vigna Runc Friulano 2016,Italy,Friuli-Venezia Giulia,Il Carpino,3.7,49,14.73,2016,14,73
Les Cépages Sauvignon Blanc 2018,France,Pays d'Oc,Baron Philippe de Rothschild,3.1,50,7.75,2018,7,75
Grillo 2018,Italy,Terre Siciliane,Poggio Graffetta,4.0,50,9.5,2018,9,5
Condrieu 2017,France,Condrieu,Tardieu-Laurent,3.8,50,47.2,2017,47,2
Gianni Masciarelli Trebbiano d'Abruzzo 2018,Italy,Trebbiano d'Abruzzo,Masciarelli,3.7,50,7.66,2018,7,66
Castello della Sala Conte della Vipera 2019,Italy,Umbria,Antinori,4.1,50,20.85,2019,20,85
Viré-Clessé 2015,France,Viré-Clessé,Chanson,3.8,50,18.08,2015,18,08
Danger 380 Volts 2019,Czech Republic,Morava,Milan Nestarec,4.1,50,21.9,2019,21,9
Maximin Grünhäuser Herrenberg Riesling Kabinett 2018,Germany,Mosel,Maximin Grünhaus,4.1,50,15.5,2018,15,5
Trebes Ribolla Gialla 2017,Italy,Collio,Attems,3.9,50,18.42,2017,18,42
Gewürztraminer 2019,Italy,Südtirol - Alto Adige,Terlan (Terlano),3.9,50,13.54,2019,13,54
Nicole Vineyard Viognier Réserve 2019,France,Pays d'Oc,Paul Mas,3.7,50,8.32,2019,8,32
Wallufer Walkenberg Riesling Spätlese Trocken 1998,Germany,Rheingau,J.B. Becker,4.1,50,25.0,1998,25
Rosengarten Rüdesheim Monopole GG 2016,Germany,Rheingau,Leitz,4.1,50,38.99,2016,38,99
Langhe Chardonnay 2017,Italy,Langhe,Enzo Boglietti,3.8,50,15.5,2017,15,5
Lahn Sauvignon 2019,Italy,Südtirol - Alto Adige,St. Michael-Eppan,3.9,50,11.54,2019,11,54
Sistina Pecorino Terre di Chieti 2019,Italy,Terre di Chieti,Citra,3.7,50,6.73,2019,6,73
ST23 Weissburgunder Trocken 2016,Germany,Mosel,Weinhaus Gebruder Steffen,3.4,50,5.63,2016,5,63
Weissburgunder Trocken 2017,Germany,Nahe,Dönnhoff,3.6,50,11.9,2017,11,9
Wiener Grüner Veltliner 2017,Austria,Wien,Wieninger,3.3,50,13.69,2017,13,69
Chablis 1er Cru 'Vau Ligneau' 2018,France,Chablis 1er Cru 'Vau Ligneau',Alain Geoffroy,3.6,50,24.18,2018,24,18
Blandine Le Blanc 2018,France,Côtes de Gascogne,Château du Cèdre,3.6,50,5.9,2018,5,9
Chardonnay 2018,Australia,South Australia,Oxford Landing,3.1,50,8.78,2018,8,78
Volz Riesling 2016,Germany,Wiltingen,Van Volxem,4.3,50,31.19,2016,31,19
Cavanera Ripa di Scorciavacca Etna Bianco 2017,Italy,Etna,Firriato,3.8,50,19.99,2017,19,99
Kirchspiel Riesling GG 2017,Germany,Rheinhessen,Wittmann,4.2,50,51.8,2017,51,8
Eight Rows Sauvignon Blanc 2019,South Africa,Durbanville,Diemersdal,4.0,50,18.5,2019,18,5
The Wine Collection Sauvignon 2016,Italy,Südtirol - Alto Adige,St. Michael-Eppan,4.7,50,142.01,2016,142,01
Petit Chablis 2017,France,Petit Chablis,Château de Chemilly,4.0,50,13.9,2017,13,9
Zeltinger Schlossberg Riesling Trockenbeerenauslese 2006,Germany,Mosel,Markus Molitor,4.6,51,95.55,2006,95,55
Vom Stein Pinot Bianco 2018,Italy,Südtirol - Alto Adige,Castelfeder,3.6,51,9.25,2018,9,25
Wolfer Sonnenlay Riesling Kabinett 2017,Germany,Mosel,Weiser-Künstler,3.9,51,13.9,2017,13,9
Tradition Grüner Veltliner 2017,Austria,Weinviertel,Dürnberg,3.8,51,11.5,2017,11,5
Scheurebe Trocken 2018,Germany,Pfalz,Weingut Weegmüller,3.7,51,8.4,2018,8,4
Circle of Life White 2016,South Africa,Stellenbosch,Waterkloof,4.0,51,16.9,2016,16,9
Les Vieilles Vignes Chablis 2017,France,Chablis,Pascal Bouchard,4.1,51,23.5,2017,23,5
Trittenheimer Apotheke Riesling Kabinett 2017,Germany,Mosel,Ansgar Clüsserath,4.0,51,14.26,2017,14,26
Riesling Berg Roseneck Kabinett Trocken 2012,Germany,Rheingau,Künstler,4.0,51,17.29,2012,17,29
Chardonnay 2018,Italy,Terre Siciliane,Feudi Branciforti dei Bordonaro,3.5,51,6.9,2018,6,9
Extra Blanc 2018,France,Languedoc-Roussillon,Gérard Bertrand,3.4,51,10.68,2018,10,68
Viognier 2016,Germany,Pfalz,Oliver Zeter,3.9,51,16.58,2016,16,58
Kranachberg Sauvignon Blanc 2016,Austria,Südsteiermark,Sattlerhof,4.1,51,41.58,2016,41,58
Als Wär's ein Stück Von Mir 2015,Germany,Rheinhessen,Weingut Gunderloch,3.6,51,11.4,2015,11,4
Chardonnay 2017,United States,California,Stone Barn,3.8,51,7.6,2017,7,6
Collezione Lugana 2018,Italy,Lugana,Bertani,3.4,51,11.63,2018,11,63
Loibner Grüner Veltliner Smaragd Vinothekfüllung 2018,Austria,Wachau,Weingut Knoll,4.2,51,45.0,2018,45
Lenz Riesling 2017,Germany,Nahe,Emrich-Schönleber,4.0,51,12.0,2017,12
Scharzhofberger P Riesling 2015,Germany,Wiltingen,Van Volxem,4.1,51,44.95,2015,44,95
Iphöfer Kronsberg Scheurebe Alte Reben 2017,Germany,Franken,Hans Wirsching,4.2,52,20.89,2017,20,89
Vom Schiefer Riesling Trocken 2018,Germany,Mosel,Ansgar Clüsserath,3.7,52,9.26,2018,9,26
Piesporter Goldtröpfchen Riesling Feinherb 2016,Germany,Mosel,Ansgar Clüsserath,3.9,52,15.4,2016,15,4
Sulz Morillon 2013,Austria,Südsteiermark,Tement,4.0,52,34.73,2013,34,73
Custoza 2018,Italy,Bianco di Custoza,Menegotti,3.6,52,7.25,2018,7,25
Petit Salé de Villeneuve 2019,France,Provence,Château de Roquefort,3.7,52,12.9,2019,12,9
Schweigen Chardonnay 2017,Germany,Pfalz,Friedrich Becker,4.1,52,23.06,2017,23,06
Private Selection Vinhas Velhas Branco 2016,Portugal,Alentejo,Paulo Laureano,4.0,52,13.65,2016,13,65
Heugumber 2016,Germany,Baden,Ziereisen,3.4,52,5.5,2016,5,5
L'Elfo Pinot Grigio 2019,Italy,Veneto,Sacchetto,3.7,52,6.19,2019,6,19
Inzolia - Chardonnay 2018,Italy,Terre Siciliane,Roccaperciata,3.4,52,5.68,2018,5,68
Gorges 2015,France,Muscadet-Sevre et Maine,Pépière,3.9,52,17.06,2015,17,06
Juffer Riesling Trocken GG 2018,Germany,Mosel,Fritz Haag,3.9,52,23.9,2018,23,9
Zeltinger Sonnenuhr Riesling Auslese*** 2003,Germany,Mosel,Markus Molitor,4.1,52,49.99,2003,49,99
Steirische Klassik Sauvignon Blanc 2014,Austria,Südsteiermark,Gross,3.7,52,19.39,2014,19,39
Varietal Chardonnay 2019,Chile,Central Valley,Santa Helena,3.1,52,4.89,2019,4,89
Sauvignon Blanc 2018,Argentina,Mendoza,Mariflor,4.3,52,22.42,2018,22,42
Chardonnay Toscana Collezione Privata 2018,Italy,Toscana,Isole e Olena,4.4,52,53.84,2018,53,84
Geheimrat J Riesling Spätlese Trocken 2012,Germany,Rheingau,Weingüter Wegeler,4.1,52,24.9,2012,24,9
Gewürztraminer Alsace Grand Cru Hatschbourg 2017,France,Alsace Grand Cru,Wolfberger,4.0,52,18.42,2017,18,42
Héritage Chardonnay 2018,France,Pays d'Oc,Château Guilhem,3.7,52,6.58,2018,6,58
Chardonnay 2018,Germany,Pfalz,Friedrich Becker,3.6,52,10.72,2018,10,72
Premium Tămâioasă Românească Sec 2018,Romania,Dealu Mare,Budureasca,3.6,52,10.5,2018,10,5
Chardonnay 2017,South Africa,Cape Point,Cape Point Vineyards,3.9,53,19.9,2017,19,9
Isliedh 2018,South Africa,Cape Point,Cape Point Vineyards,4.1,53,31.95,2018,31,95
Pinot Bianco Vial 2018,Italy,Trentino-Alto Adige,Cantina Kaltern,3.7,53,11.6,2018,11,6
Ungstein Scheurebe 2017,Germany,Pfalz,Pfeffingen,3.8,53,12.95,2017,12,95
Mercurey Clos Rochette 2018,France,Mercurey,Faiveley,4.1,53,20.95,2018,20,95
Alleskönner Weiss 2018,Germany,Rheinhessen,Becker Landgraf,3.8,53,7.7,2018,7,7
Pratto Bianco (Pratto Benaco Bresciano) 2018,Italy,Benaco Bresciano,Cà dei Frati,4.1,53,14.52,2018,14,52
Chablis 2018,France,Chablis,Domaine des Héritières,3.6,53,15.06,2018,15,06
Klausen Sauvignon Blanc 2017,Austria,Steiermark,Neumeister,3.9,53,23.52,2017,23,52
Amarela 2018,Italy,Marche,Garofoli,3.3,53,5.9,2018,5,9
Chardonnay 2013,Slovenia,Goriška Brda,Edi Simčič,3.8,53,20.99,2013,20,99
Markus Pfaffmann Grauburgunder Trocken 2019,Germany,Pfalz,Karl Pfaffmann,3.9,53,6.6,2019,6,6
Chardonnay Prestige Cuvée 2018,South Africa,Robertson,Bon Courage,3.8,53,7.79,2018,7,79
Vignes Blanches Pouilly-Fuissé 2016,France,Pouilly-Fuissé,Domaine Saumaize-Michelin,3.9,53,24.95,2016,24,95
Am Schwarzen Herrgott Riesling 2016,Germany,Rheinhessen,Battenfeld Spanier,4.2,53,41.58,2016,41,58
Oppenheim Riesling 2017,Germany,Rheinhessen,Kühling-Gillot,4.0,53,17.45,2017,17,45
L'U Umbria Bianco 2018,Italy,Umbria,Lungarotti,3.8,53,10.71,2018,10,71
Riesling 2018,Hungary,Tolna,Tűzkő,3.4,53,7.66,2018,7,66
Riesling Heiligenstein 2018,Austria,Kamptal,Weingut Bründlmayer,3.9,53,22.91,2018,22,91
Chardonnay 2018,South Africa,Stellenbosch,Vergelegen,3.6,53,13.99,2018,13,99
Sauvignon Blanc Trocken 2019,Germany,Pfalz,Knipser,4.0,53,9.85,2019,9,85
Wehlener Sonnenuhr Riesling Kabinett 2015,Germany,Mosel,Markus Molitor,3.9,53,19.95,2015,19,95
Μαλαγουζιά (Malagouziá) 2017,Greece,Achaia,Tetramythos,3.5,53,9.9,2017,9,9
Müller Thurgau 2018,Italy,Südtirol - Alto Adige,Tiefenbrunner,3.7,53,10.09,2018,10,09
Punggl Pinot Grigio 2018,Italy,Südtirol - Alto Adige,Nals Margreid,3.9,53,14.9,2018,14,9
Chablis 2018,France,Chablis,Chartron et Trébuchet,3.8,53,22.95,2018,22,95
Fabelhaft Riesling 2017,Germany,Mosel,Fio,3.4,53,10.35,2017,10,35
Ferentano Lazio 2016,Italy,Lazio,Falesco,3.9,53,26.18,2016,26,18
Taylors Pass Vineyard Chardonnay 2016,New Zealand,Marlborough,Villa Maria,3.8,53,22.1,2016,22,1
La Fontaine Aux Enfants Cru d'Alsace 2016,France,Alsace,Marc Kreydenweiss,3.7,53,22.0,2016,22
Mandelpfad Riesling GG 2017,Germany,Pfalz,Knipser,3.8,54,27.0,2017,27
Gewurztraminer 2016,France,Alsace,Jean-Rémy Haeffelin,3.6,54,10.71,2016,10,71
La Fontaine Aux Enfants Cru d'Alsace 2015,France,Alsace,Marc Kreydenweiss,3.8,54,22.0,2015,22
Blauschiefer Riesling Trocken 2018,Germany,Mosel,Kerpen,3.6,54,7.9,2018,7,9
Côtes du Rhône Blanc 2018,France,Côtes-du-Rhône,Domaine de la Solitude,4.0,54,8.5,2018,8,5
Circumstance Sauvignon Blanc 2018,South Africa,Stellenbosch,Waterkloof,3.8,54,15.5,2018,15,5
Mountain White 2015,South Africa,Stellenbosch,Thelema,3.6,54,10.9,2015,10,9
Gaisböhl G.C 2016,Germany,Pfalz,Dr. Bürklin-Wolf,4.2,54,54.0,2016,54
Villa Torre Verdicchio dei Castelli di Jesi Classico Superiore 2017,Italy,Verdicchio dei Castelli di Jesi,Tenuta di Tavignano,3.6,54,9.95,2017,9,95
Ried Steinriegl Sauvignon Blanc 2018,Austria,Südsteiermark,Wohlmuth,3.8,54,17.4,2018,17,4
Castel Firmian Chardonnay Trentino 2018,Italy,Trentino,Mezzacorona,3.3,54,6.9,2018,6,9
Riesling Classic 2018,Germany,Rheingau,Prinz von Hessen,3.9,54,9.5,2018,9,5
Malterdingen Weisser Burgunder 2016,Germany,Baden,Bernhard Huber,3.9,54,27.6,2016,27,6
Loibenberg Riesling 2015,Austria,Wachau,Pichler-Krutzler,4.3,54,33.0,2015,33
Cuvée Vauban Pouilly-Vinzelles 2014,France,Pouilly-Vinzelles,Château de Vinzelles,3.8,54,17.54,2014,17,54
Altima Sauvignon Blanc 2018,South Africa,Overberg,Cape of Good Hope,4.3,54,13.99,2018,13,99
Danie de Wet Chardonnay Sur Lie 2019,South Africa,Robertson,De Wetshof,3.7,54,8.72,2019,8,72
Pinot Gris Alsace Grand Cru 'Kitterlé' 2010,France,Alsace Grand Cru,Domaines Schlumberger,3.9,54,35.58,2010,35,58
Danie de Wet Sauvignon Blanc 2019,South Africa,Robertson,De Wetshof,3.4,54,6.15,2019,6,15
Sulz Sauvignon Blanc 2015,Austria,Südsteiermark,Gross,4.0,54,27.9,2015,27,9
Sancerre Grande Cuvée Blanc 2017,France,Sancerre,Comte Lafond,4.2,54,38.9,2017,38,9
Chardonnay 2018,France,Côtes de Thongue,Domaine Montrose,3.7,54,8.39,2018,8,39
Molamatta Collio Bianco 2015,Italy,Collio,Marco Felluga,3.8,54,25.99,2015,25,99
Grauer Burgunder Trocken 2018,Germany,Rheinhessen,Wittmann,3.7,54,11.4,2018,11,4
Wachstum Bodenstein Grüner Veltliner 2016,Austria,Wachau,Prager,4.4,54,38.75,2016,38,75
Dürnstein Grüner Veltliner 2018,Austria,Wachau,Pichler-Krutzler,3.6,54,13.7,2018,13,7
Riesling 2016,France,Alsace,Albert Boxler,3.9,54,26.32,2016,26,32
Chardonnay 2017,Austria,Burgenland,Paul Achs,3.3,54,23.61,2017,23,61
Perlita Chardonnay 2018,Argentina,Uco Valley,DiamAndes,3.7,54,9.99,2018,9,99
Chardonnay 2018,Germany,Rheinhessen,Knewitz,3.6,54,8.9,2018,8,9
Schiste 2018,France,Vins des Allobroges,Domaine des Ardoisieres,4.3,54,44.85,2018,44,85
Muros Antigos Alvarinho 2019,Portugal,Monção e Melgaço,Anselmo Mendes,3.9,54,11.5,2019,11,5
The King's Bastard Chardonnay 2017,New Zealand,Marlborough,The Kings Series,4.1,54,16.95,2017,16,95
Hinter der Burg Grüner Veltliner 2019,Austria,Wachau,Prager,4.1,54,19.95,2019,19,95
Cap Maritime Chardonnay 2017,South Africa,Hemel-en-Aarde Valley,Boekenhoutskloof,4.1,55,50.56,2017,50,56
Westhofen Riesling Trocken 2018,Germany,Rheinhessen,K.Wechsler,3.8,55,12.87,2018,12,87
Königsbacher Ölberg Riesling 2018,Germany,Pfalz,Von Winning,4.2,55,19.45,2018,19,45
Terresinis 2018,Italy,Valle del Tirso,Vernaccia Oristano,3.9,55,7.35,2018,7,35
Riesling Alte Reben 2018,Germany,Mosel,Maximin Grünhaus,3.9,55,15.65,2018,15,65
Mosel Alte Reben Riesling 2018,Germany,Mosel,Markus Molitor,4.0,55,17.8,2018,17,8
Hydra Vernaccia di San Gimignano 2017,Italy,Vernaccia di San Gimignano,Il Palagione,3.7,55,11.2,2017,11,2
Grüner Veltliner 2017,Hungary,Tolna,Tűzkő,3.3,55,7.66,2017,7,66
Grauburgunder Trocken 2018,Germany,Pfalz,Knipser,3.9,55,13.8,2018,13,8
Karthäuser Riesling 2016,Germany,Nahe,Martin Tesch,3.6,55,13.9,2016,13,9
Saint-Véran 2016,France,Saint-Véran,Les Héritiers du Comte Lafon,4.0,55,36.33,2016,36,33
Serruria Chardonnay 2017,South Africa,Overberg,Cape of Good Hope,4.1,55,13.99,2017,13,99
Axpoint Grüner Veltliner 2017,Austria,Wachau,Gritsch Mauritiushof,3.7,55,13.54,2017,13,54
Orvieto Classico Bianco 2019,Italy,Orvieto,Ruffino,3.6,55,6.49,2019,6,49
Riesling 2018,Germany,Mosel,Weiser-Künstler,4.1,55,11.5,2018,11,5
Sauvignon Blanc 2020,South Africa,Robertson,Arabella,4.0,55,5.95,2020,5,95
Sirmian Pinot Bianco 2018,Italy,Südtirol - Alto Adige,Nals Margreid,3.7,55,17.45,2018,17,45
Chablis Premier Cru Fourchaume 2017,France,Chablis Premier Cru,Domaine William Fèvre,4.2,55,49.37,2017,49,37
The King's Favour Sauvignon Blanc 2018,New Zealand,Marlborough,The Kings Series,4.0,55,13.9,2018,13,9
Pinot Bianco 2018,Italy,Südtirol - Alto Adige,Cantina Bolzano / Kellerei Bozen,3.5,55,11.02,2018,11,02
Gavi 2017,Italy,Gavi,Fontanafredda,3.6,55,8.59,2017,8,59
Cellar Selection Bosstok Chenin Blanc 2018,South Africa,Paarl,Rhebokskloof,3.8,55,8.29,2018,8,29
Pettenthal Riesling GG 2016,Germany,Rheinhessen,Kühling-Gillot,4.0,55,46.0,2016,46
Côtes-Du-Rhône Guy Louis Blanc 2017,France,Côtes-du-Rhône,Tardieu-Laurent,3.7,55,19.8,2017,19,8
One Man Band White 2016,South Africa,Elgin,Iona,4.1,55,24.9,2016,24,9
Condrieu 2018,France,Condrieu,E. Guigal,3.9,55,45.0,2018,45
Faß 25 Ayler Riesling 2016,Germany,Mosel,Peter Lauer,3.9,55,15.5,2016,15,5
Pioneer Block 3 43 Degrees Sauvignon Blanc 2019,New Zealand,Marlborough,Saint Clair,4.0,55,18.95,2019,18,95
Pettenthal Riesling GG Trocken 2014,Germany,Rheinhessen,Weingut Gunderloch,3.9,55,26.81,2014,26,81
Two Princes Riesling 2018,Germany,Nahe,Prinz Salm,4.0,55,8.96,2018,8,96
Maximin Grünhäuser Abtsberg Riesling Spätlese 2018,Germany,Mosel,Maximin Grünhaus,4.2,55,18.43,2018,18,43
Aurelia Langhe Arneis 2018,Italy,Langhe,Rivetti Massimo,3.6,55,9.65,2018,9,65
Las Pizarras Chardonnay 2017,Chile,Aconcagua Costa,Errazuriz,4.0,55,75.76,2017,75,76
Mercurey Blanc 2017,France,Mercurey,Château de Chamirey,4.0,55,32.0,2017,32
Kalmuck White 2018,Austria,Wachau,Gritsch Mauritiushof,3.5,55,9.74,2018,9,74
Pouilly-Fuissé Clos Sur la Roche 2017,France,Pouilly-Fuissé,Domaine Saumaize-Michelin,4.2,55,28.07,2017,28,07
Saint-Romain 2017,France,Saint-Romain,David Moret-Nomine,4.3,55,29.9,2017,29,9
Family Vineyards Chardonnay 2016,Brazil,Rio Grande do Sul,Miolo,3.2,55,9.9,2016,9,9
Grüner Veltliner Federspiel Kaiserberg 2018,Austria,Wachau,Domäne Wachau,3.5,56,12.3,2018,12,3
Wachenheimer Altenburg P.C 2016,Germany,Pfalz,Dr. Bürklin-Wolf,3.9,56,28.0,2016,28
Nierstein Riesling Trocken 2017,Germany,Rheinhessen,Weingut Gunderloch,3.8,56,13.64,2017,13,64
Sancerre 'Les Caillottes' 2019,France,Sancerre,Dauny,3.8,56,15.7,2019,15,7
Corton-Charlemagne Grand Cru 2016,France,Corton-Charlemagne Grand Cru,Vincent Girardin,4.5,56,156.7,2016,156,7
Paradies Riesling 2017,Germany,Nahe,Korrell,3.9,56,22.89,2017,22,89
Toscana Bianco 2016,Italy,Toscana,Ornellaia,4.5,56,251.23,2016,251,23
Centenaire Côtes du Roussillon Blanc 2018,France,Côtes du Roussillon,Domaine Lafage,3.7,56,12.1,2018,12,1
Pessac-Léognan Blanc (Grand Cru Classé de Graves) 2005,France,Pessac-Léognan,Domaine de Chevalier,4.2,56,107.95,2005,107,95
Riesling 2018,Germany,Rheinhessen,Dreissigacker,3.8,56,11.21,2018,11,21
Geheimrat J Riesling Spätlese Trocken 2011,Germany,Rheingau,Weingüter Wegeler,4.2,56,24.9,2011,24,9
Müller Thurgau 2018,Italy,Südtirol - Alto Adige,Cantina Kaltern,3.6,56,9.65,2018,9,65
From Black to White Il Bianco 2018,Italy,Veneto,Zýmē,3.9,56,15.04,2018,15,04
Escheburg 2014,Germany,Mosel,Immich-Batterieberg,3.8,56,15.5,2014,15,5
Von den Terrassen Riesling 2018,Germany,Mosel,Reinhard Knebel,4.0,56,14.35,2018,14,35
Corton-Charlemagne Grand Cru 1993,France,Corton-Charlemagne Grand Cru,Bonneau du Martray,4.3,56,249.95,1993,249,95
Villa Grand Cap Blanc 2018,France,Vin de France,Lionel Osmin & Cie,3.4,56,7.3,2018,7,3
Chardonnay 2017,Argentina,Lujan de Cuyo,Sottano,3.5,56,9.7,2017,9,7
Blanc 2011,France,Côtes Catalanes,Domaine de l'Horizon,3.9,56,39.96,2011,39,96
Vom Buntsandstein Riesling Trocken 2016,Germany,Pfalz,Ökonomierat Rebholz,3.8,56,21.5,2016,21,5
Hullabaloo 2019,Germany,Pfalz,Schneider,4.1,56,16.9,2019,16,9
Silvaner VDP.Erste Lage Escherndorfer Lump 2016,Germany,Franken,Rainer Sauer,3.7,56,14.57,2016,14,57
La Soufrandière Climat Les Quarts Pouilly-Vinzelles 2017,France,Pouilly-Vinzelles,Bret Brothers & The Soufrandière,4.0,56,46.5,2017,46,5
Bandol Blanc 2019,France,Bandol,La Suffrene,3.5,56,17.5,2019,17,5
Killka Chardonnay 2017,Argentina,Uco Valley,Salentein,3.5,56,9.25,2017,9,25
Alea Riesling 2018,Australia,Clare Valley,Grosset,4.0,56,25.9,2018,25,9
Riesling Trocken 2018,Germany,Nahe,Emrich-Schönleber,3.9,56,9.9,2018,9,9
Scharzhofberger Riesling Auslese 2017,Germany,Wiltingen,Egon Müller - Scharzhof,4.5,56,450.0,2017,450
Lugana 2019,Italy,Lugana,Bulgarini,4.0,57,8.89,2019,8,89
'Rosso & Bianco' Chardonnay 2017,United States,California,Francis Ford Coppola,3.7,57,13.25,2017,13,25
Colle Sant'Antonio Soave Classico 2014,Italy,Soave Classico,Prà,4.1,57,26.7,2014,26,7
Masseria Surani Arthemis Fiano 2017,Italy,Puglia,Tommasi,4.0,57,8.9,2017,8,9
Pinot Grigio delle Venezie 2019,Italy,delle Venezie,Lenotti,4.0,57,5.95,2019,5,95
The Beautiful Lady Gewürztraminer 2018,South Africa,Stellenbosch,Nederburg,4.2,57,18.52,2018,18,52
Bandol Blanc 2018,France,Bandol,Château de Pibarnon,4.0,57,26.04,2018,26,04
Grande Réserve Muscadet de Sèvre et Maine Sur Lie 2018,France,Muscadet-Sevre et Maine,Dominique Salmon,3.6,57,9.99,2018,9,99
Chardonnay 2018,Chile,Central Valley,Carmen,3.6,57,6.5,2018,6,5
Parallèle 45 Côtes Du Rhône Blanc 2018,France,Côtes-du-Rhône,Paul Jaboulet Aîné,3.6,57,11.47,2018,11,47
Riesling K 2016,France,Alsace,Paul Kubler,3.5,57,13.55,2016,13,55
Kalk & Kreide Sauvignon Blanc 2019,Austria,Südsteiermark,Tement,4.0,57,13.71,2019,13,71
Nahesteiner Riesling Trocken 2017,Germany,Nahe,Diel,3.7,57,15.39,2017,15,39
Les Preuses Chablis Grand Cru 2017,France,Chablis Grand Cru,Domaine Nathalie et Gilles Fevre,4.3,57,65.0,2017,65
Chardonnay 2019,South Africa,Robertson,Arabella,3.7,57,5.95,2019,5,95
Meursault 2016,France,Meursault,Faiveley,4.2,57,46.5,2016,46,5
Chardonnay 2018,United States,California,Crane Lake,3.5,57,9.26,2018,9,26
Riesling Trocken Brauneberger Juffer Sonnenuhr GG 2018,Germany,Brauneberg,Fritz Haag,4.1,57,28.7,2018,28,7
Chenin Blanc (Steen op Hout) 2019,South Africa,Stellenbosch,Mulderbosch,3.3,57,10.49,2019,10,49
Puro Torrontes 2019,Argentina,Mendoza,Dieter Meier,3.8,57,10.89,2019,10,89
M Capriva Del Friuli 2015,Italy,Friuli-Venezia Giulia,Schiopetto,4.3,57,75.9,2015,75,9
Cellar Selection Chardonnay 2019,Chile,Central Valley,Santa Carolina,3.4,57,5.95,2019,5,95
Weissburgunder Trocken 2018,Germany,Saale-Unstrut,Winzervereinigung Freyburg-Unstrut,3.2,57,7.63,2018,7,63
Gavi di Gavi 2019,Italy,Gavi,Fontanafredda,3.8,57,12.25,2019,12,25
Sauvignon Blanc 2019,South Africa,Constantia,Klein Constantia,4.0,57,15.5,2019,15,5
Sauvignon Blanc 2017,New Zealand,Marlborough,Curious Kiwi,3.6,57,7.74,2017,7,74
Treaty Tree Reserve Sauvignon Blanc - Semillon 2017,South Africa,Western Cape,Flagstone,3.7,57,9.95,2017,9,95
Sauvignon 2019,Italy,Colli Orientali del Friuli,La Tunella,4.3,57,13.16,2019,13,16
Weisser Burgunder II 2015,Germany,Pfalz,Von Winning,3.8,58,15.95,2015,15,95
Bechtheimer Riesling 2016,Germany,Rheinhessen,Dreissigacker,3.6,58,18.94,2016,18,94
Zeltinger Sonnenuhr Riesling Spätlese 2016,Germany,Zeltingen,Joh. Jos. Prüm,4.3,58,26.32,2016,26,32
Chardonnay Piemonte Costebianche 2017,Italy,Piemonte,Coppo,3.4,58,18.75,2017,18,75
Gamlitzer Gelber Muskateller 2017,Austria,Südsteiermark,Gross,4.1,58,19.4,2017,19,4
Riesling No 1 Trocken 2018,Germany,Rheingau,Eser,3.7,58,7.79,2018,7,79
Faß 25 Ayler Riesling 2018,Germany,Mosel,Peter Lauer,4.1,58,13.35,2018,13,35
Kranachberg Sauvignon Blanc 2017,Austria,Südsteiermark,Sattlerhof,3.9,58,41.58,2017,41,58
Staforte Soave Classico 2017,Italy,Soave Classico,Prà,4.0,58,15.9,2017,15,9
Pinot Blanc Classic 2017,France,Alsace,Bestheim,3.4,58,7.99,2017,7,99
Fernão Pires 2016,Portugal,Península de Setúbal,Portinho do Covo,3.6,58,5.7,2016,5,7
JT Blanc Costières de Nîmes 2016,France,Costières-de-Nîmes,Château de Nages,4.0,58,18.03,2016,18,03
Santenay Premier Cru 'Gravières' Blanc 2015,France,Santenay 1er Cru 'Les Gravières',Château de la Crée,4.3,58,73.63,2015,73,63
Höhenflug Chardonnay 2018,Germany,Pfalz,Hensel,4.3,58,16.77,2018,16,77
Sancerre Blanc 2018,France,Sancerre,Dominique et Janine Crochet,4.0,58,15.5,2018,15,5
Sauvignon Blanc 2017,Germany,Pfalz,Georg Mosbacher,3.8,58,12.5,2017,12,5
Nuovo Quadro Gavi 2019,Italy,Gavi,La Battistina,3.9,58,14.73,2019,14,73
Achenio Bolgheri Bianco 2015,Italy,Bolgheri,Campo Alla Sughera,3.8,58,15.4,2015,15,4
Musbrugger 2016,Germany,Baden,Ziereisen,4.3,58,18.42,2016,18,42
Vita Bella Côtes de Provence 2016,France,Côtes de Provence,La Mascaronne,3.9,58,16.5,2016,16,5
Scheu... Aber Geil! 2018,Germany,Pfalz,Emil Bauer & Söhne,3.5,58,9.65,2018,9,65
Sauvignon Blanc 2019,Chile,Central Valley,TerraNoble,3.6,58,6.83,2019,6,83
Wehlener Sonnenuhr Riesling Kabinett 2015,Germany,Wehlen,Kerpen,3.7,58,9.5,2015,9,5
Sémillon 2017,South Africa,Franschhoek,Boekenhoutskloof,3.9,58,25.5,2017,25,5
Weissburgunder 2018,Germany,Rheinhessen,Dreissigacker,3.9,58,10.9,2018,10,9
Turmhof Chardonnay 2017,Italy,Südtirol - Alto Adige,Tiefenbrunner,3.4,59,13.5,2017,13,5
Contessa Entellina Chiarandà 2017,Italy,Contessa Entellina,Donnafugata,4.0,59,23.9,2017,23,9
Reserve Chardonnay 2018,Argentina,Tupungato,Domaine Bousquet,3.6,59,8.58,2018,8,58
Halenberg Riesling GG 2017,Germany,Nahe,Emrich-Schönleber,4.2,59,42.0,2017,42
Kerner 2016,Romania,Tarnave,Villa Vinea,3.8,59,9.9,2016,9,9
Chenin Blanc 2018,South Africa,Western Cape,Laborie,3.5,59,7.32,2018,7,32
Ried Renner Grüner Veltliner 2015,Austria,Kamptal,Hirsch,3.8,59,23.01,2015,23,01
Solosole Vermentino 2019,Italy,Bolgheri,Poggio Al Tesoro,4.1,59,14.9,2019,14,9
Viognier 2018,France,Pays d'Oc,Baron Philippe de Rothschild,3.6,59,8.78,2018,8,78
Cà da Bosio Gavi 2016,Italy,Gavi,Vite Colte,3.6,59,8.95,2016,8,95
The Wolftrap White Blend 2019,South Africa,Franschhoek,Boekenhoutskloof,3.5,59,6.3,2019,6,3
Darling Sauvignon Blanc 2018,South Africa,Darling,Fairview,3.6,59,12.96,2018,12,96
Deux Roches Tradition Mâcon-Villages 2017,France,Mâcon-Villages,Collovray & Terrier,3.9,59,10.97,2017,10,97
Chardonnay 2017,South Africa,Stellenbosch,Vergelegen,3.7,59,15.16,2017,15,16
Vom Lehm Gewürztraminer 2017,Italy,Südtirol - Alto Adige,Castelfeder,3.9,59,12.7,2017,12,7
Asia Cuvée 2019,Austria,Wien,Mayer am Pfarrplatz,4.1,59,11.99,2019,11,99
Weissburgunder Trocken 2018,Germany,Pfalz,Weingut Metzger,3.9,59,8.04,2018,8,04
Horizont Grüner Veltliner 2018,Austria,Weinviertel,Herbert Zillinger,3.7,59,11.67,2018,11,67
Vinha Centenária Reserva Branco 2012,Portugal,Douro,Dona Berta,4.2,59,24.27,2012,24,27
Qvinterra Riesling 2017,Germany,Rheinhessen,Kühling-Gillot,3.8,59,13.69,2017,13,69
Riesling Trocken 2018,Germany,Rheinhessen,Bischel,3.7,59,8.2,2018,8,2
Sauvignon Blanc 2019,France,Pays d'Oc,Les Jamelles,3.5,59,5.46,2019,5,46
Pinot Grigio 2019,Italy,Colli Orientali del Friuli,Livio Felluga,4.1,59,18.9,2019,18,9
Chassagne-Montrachet 1er Cru Morgeot Monopole Clos de La Chapelle Blanc 2016,France,Chassagne-Montrachet 1er Cru 'Morgeot',Louis Jadot - Domaine Duc de Magenta,4.3,59,98.15,2016,98,15
Trebbiano - Pinot Grigio 2019,Italy,Puglia,Cielo e Terra,4.0,59,4.25,2019,4,25
Terroir de Saint Alban Blanc Sec 2018,France,Savoie,Mathieu Apffel,3.4,60,16.47,2018,16,47
Nuragus di Cagliari 2018,Italy,Nuragus di Cagliari,Antonella Corda,3.6,60,13.55,2018,13,55
Kallstadter Saumagen Riesling Spätlese Trocken 2016,Germany,Pfalz,Koehler-Ruprecht,4.0,60,17.45,2016,17,45
Chablis 2018,France,Chablis,Domaine des Hâtes,4.0,60,15.5,2018,15,5
1300 Torrontés 2019,Argentina,Tupungato,Andeluna,3.8,60,7.99,2019,7,99
Heerkretz Riesling GG 2017,Germany,Rheinhessen,Wagner-Stempel,3.9,60,46.41,2017,46,41
Weissburgunder Trocken 2018,Germany,Pfalz,Dr. Bürklin-Wolf,3.6,60,8.9,2018,8,9
Touraine Sauvignon 2018,France,Touraine,Domaine Malet,3.6,60,8.57,2018,8,57
Paula Chardonnay 2018,Argentina,Mendoza,Doña Paula,3.5,60,6.73,2018,6,73
Pechstein Riesling GG 2017,Germany,Pfalz,Dr. Von Bassermann-Jordan,4.3,60,37.04,2017,37,04
Chassagne-Montrachet 1er Cru 'Cailleret' 2013,France,Chassagne-Montrachet 1er Cru 'Cailleret',Jean-Marc Morey,4.1,60,72.0,2013,72
Grauburgunder 2018,Germany,Baden,Salwey,3.7,60,11.5,2018,11,5
Steinporz Smaragd Grüner Veltliner 2015,Austria,Wachau,Gritsch Mauritiushof,4.1,60,20.95,2015,20,95
Select Chardonnay 2017,Austria,Wien,Wieninger,4.1,60,20.28,2017,20,28
Ratscher Sauvignon Blanc 2016,Austria,Südsteiermark,Gross,3.8,60,19.4,2016,19,4
Le Margherite 2018,Italy,Langhe,Brandini,4.0,60,14.65,2018,14,65
Lugana 2019,Italy,Lugana,Zonin,3.3,60,8.94,2019,8,94
Chenin Blanc 2019,South Africa,Stellenbosch,Kaapzicht,3.5,60,8.5,2019,8,5
Valle Escondido Torrontes 2016,Argentina,Mendoza,Gouguenheim,3.4,60,7.9,2016,7,9
Frühlingsplätzchen Riesling GG 2016,Germany,Nahe,Emrich-Schönleber,4.1,60,38.9,2016,38,9
Terre di Tufi Toscana Bianco 2017,Italy,Toscana,Teruzzi & Puthod,3.6,60,16.0,2017,16
Floreado Sauvignon Blanc 2019,Italy,Südtirol - Alto Adige,Andrian,4.1,60,12.95,2019,12,95
Zeltinger Himmelreich Riesling Kabinett 2018,Germany,Mosel,Markus Molitor,4.1,60,14.25,2018,14,25
Oktav Grauburgunder 2018,Germany,Baden,Heger,3.9,60,10.7,2018,10,7
Leithaberg Chardonnay 2017,Austria,Neusiedlersee-Hügelland,Esterházy,3.5,60,14.63,2017,14,63
Reserva 347 Vineyards Sauvignon Blanc 2017,Chile,Casablanca Valley,De Martino,3.7,60,8.8,2017,8,8
Pessac-Léognan Blanc 2016,France,Pessac-Léognan,Château de Fieuzal,3.9,61,58.29,2016,58,29
Weissburgunder 2018,Germany,Rheinhessen,Pfannebecker,3.6,61,7.25,2018,7,25
Chardonnay Salento Charà 2018,Italy,Salento,Castello Monaci,3.8,61,8.5,2018,8,5
Cool-Climate Chenin Blanc 2018,South Africa,Walker Bay,Creation,3.6,61,16.99,2018,16,99
Grüner Veltliner Federspiel Himmelstiege 2019,Austria,Wachau,Domäne Wachau,3.7,61,10.3,2019,10,3
Éo Blanc 2018,Switzerland,Zürich,Staatskellerei Zürich,3.9,61,27.29,2018,27,29
Página Sauvignon Blanc 2017,Portugal,Lisboa,Romana Vini,4.0,61,16.57,2017,16,57
Weissburgunder 2018,Germany,Rheinhessen,Stefan Winter,3.8,61,8.74,2018,8,74
Ermitage de l'Orée 2003,France,Hermitage,M. Chapoutier,4.0,61,181.5,2003,181,5
Riesling Stein Gaisberg Reserve 2018,Austria,Kremstal,Petra Unger,3.9,61,14.57,2018,14,57
Eins Zu Eins Grauer Burgunder 2019,Germany,Pfalz,Weingut A. Diehl,3.9,61,7.24,2019,7,24
Rachel's Chenin Blanc 2019,South Africa,Coastal Region,Boschendal,3.7,61,8.41,2019,8,41
Chardonnay 2018,Chile,Casablanca Valley,Montes Alpha,3.8,61,16.4,2018,16,4
Little Yering Chardonnay 2017,Australia,Yarra Valley,Yering Station,3.3,61,11.95,2017,11,95
Chenin Blanc 2016,South Africa,Citrusdal Mountain,Botanica,4.0,61,27.95,2016,27,95
Pinot Grigio 2018,Italy,Friuli Isonzo,I Feudi di Romans,3.8,61,14.53,2018,14,53
Villa Solais Vermentino di Sardegna 2019,Italy,Vermentino di Sardegna,Santadi,3.6,61,7.87,2019,7,87
Fabelhaft Riesling 2018,Germany,Mosel,Fio,3.5,61,10.42,2018,10,42
Chablis 2017,France,Chablis,Domaine Jean Dauvissat,3.9,61,22.0,2017,22
Pessac-Léognan Blanc 2005,France,Pessac-Léognan,Château de Fieuzal,4.0,61,44.95,2005,44,95
Riesling SONNE 2017,Austria,Niederösterreich,Weingut R&A Pfaffl,3.9,61,16.59,2017,16,59
Tannenberg Sauvignon Blanc 2018,Italy,Südtirol - Alto Adige,Manincor,3.9,61,23.06,2018,23,06
Arneis Roero 2019,Italy,Roero,Vietti,3.8,61,14.9,2019,14,9
Langenlois Spiegel 1.ÖTW Reserve 2011,Austria,Kamptal,Loimer,3.9,61,28.0,2011,28
T.N. 06 Abendrot 2015,Italy,Trentino-Alto Adige,Thomas Niedermayr,3.9,62,29.9,2015,29,9
Schüttenberg Chardonnay 2018,Austria,Niederösterreich,Markowitsch,4.0,62,16.58,2018,16,58
Von Den Grossen Lagen 2018,Germany,Nahe,Korrell,4.0,62,19.44,2018,19,44
Pessac-Léognan Blanc (Grand Cru Classé de Graves) 2005,France,Pessac-Léognan,Château Latour-Martillac,3.9,62,48.95,2005,48,95
Sancerre Blanc 2018,France,Sancerre,Domaine Salmon,3.9,62,14.9,2018,14,9
Contrada Salvarenza Vecchie Vigne Soave Classico 2016,Italy,Soave Classico,Gini,3.9,62,28.18,2016,28,18
Pettenthal Riesling GG Trocken 2016,Germany,Rheinhessen,Weingut Gunderloch,3.9,62,32.5,2016,32,5
Pošip 2016,Croatia,Dalmatian Coast,Kunjas,3.9,62,15.9,2016,15,9
Grauburgunder Herrenstück 2016,Germany,Baden,Weingut Holger Koch,3.8,62,12.95,2016,12,95
Riesling Graacher Domprobst Kabinett 2015,Germany,Mosel,Markus Molitor,3.9,62,17.29,2015,17,29
Torrontes 2017,Argentina,Mendoza,Argento,3.9,62,9.99,2017,9,99
Beaune 1er Cru 'Clos des Mouches' Blanc 2017,France,Beaune 1er Cru 'Le Clos des Mouches',Joseph Drouhin,4.4,62,121.85,2017,121,85
Vouvray 2018,France,Vouvray,Famille Bougrier,3.8,62,6.95,2018,6,95
Côtes de Gascogne Les 4 Réserve 2017,France,Côtes de Gascogne,Domaine du Tariquet,3.5,62,8.5,2017,8,5
La Ripe Bianchello del Metauro 2017,Italy,Bianchello del Metauro,Roberto Lucarelli,3.4,62,9.5,2017,9,5
Fendant 2017,Switzerland,Valais,Domaines Rouvinez,3.5,62,17.4,2017,17,4
Sauvignon Blanc 2016,South Africa,Cape Agulhas,Lomond,3.5,62,9.65,2016,9,65
Berg Roseneck Riesling 2014,Germany,Rüdesheim,Georg Breuer,4.2,62,39.0,2014,39
Le Saline Vermentino di Gallura Superiore 2017,Italy,Vermentino di Gallura,Vigneti Zanatta,4.2,62,17.9,2017,17,9
Albizzia Chardonnay 2019,Italy,Toscana,Frescobaldi,3.7,62,8.73,2019,8,73
Muskat Freyheit 2017,Austria,Niederösterreich,Heinrich,3.6,63,29.0,2017,29
Elbling Trocken 2018,Germany,Sachsen,Weingut Schloss Proschwitz,3.8,63,11.9,2018,11,9
Riesling 2018,Germany,Rheinhessen,Weingut Baeder,3.6,63,11.25,2018,11,25
Esprit de Crès Ricards Viognier 2016,France,Pays d'Oc,Domaine des Crès Ricards,3.7,63,7.28,2016,7,28
Chardonnay - Weissburgunder 2018,Germany,Pfalz,Rings,3.9,63,8.9,2018,8,9
Wehlener Sonnenuhr Riesling Kabinett 2016,Germany,Wehlen,Schloss Lieser,4.1,63,16.95,2016,16,95
Collio Sauvignon 2017,Italy,Collio,Schiopetto,3.8,63,16.9,2017,16,9
Chardonnay Vigneti delle Dolomiti 2019,Italy,Vigneti delle Dolomiti,Santa Margherita,3.3,63,8.49,2019,8,49
Falerio 2018,Italy,Falerio,Velenosi,3.5,63,5.9,2018,5,9
Jesuitengarten Riesling GG 2014,Germany,Pfalz,Dr. Von Bassermann-Jordan,4.1,63,39.95,2014,39,95
Turmhof Gewürztraminer 2017,Italy,Südtirol - Alto Adige,Tiefenbrunner,4.2,63,18.15,2017,18,15
Ungeheuer GG 2016,Germany,Pfalz,Georg Mosbacher,4.0,63,32.27,2016,32,27
The King's Thorn Pinot Gris 2016,New Zealand,Marlborough,The Kings Series,3.4,63,31.9,2016,31,9
Riesling Sonnenberg GG 2011,Germany,Pfalz,Friedrich Becker,3.7,63,22.69,2011,22,69
Cellar Selection Sauvignon Blanc 2019,Chile,Central Valley,Santa Carolina,3.1,63,5.95,2019,5,95
Pinot Grigio 2019,Italy,Südtirol - Alto Adige,St. Michael-Eppan,3.8,63,9.31,2019,9,31
Goldriesling Trocken 2018,Germany,Sachsen,Weingut Schloss Proschwitz,3.8,63,12.5,2018,12,5
Obere Steigen Grüner Veltliner 2019,Austria,Traisental,Markus Huber,3.7,63,8.89,2019,8,89
Le Merle Blanc de Château Clarke Bordeaux Blanc 2018,France,Bordeaux,Château Clarke,4.1,63,27.27,2018,27,27
Volx Riesling 2017,Germany,Mosel,Van Volxem,3.9,63,13.5,2017,13,5
Laurens Campher 2017,South Africa,Stellenbosch,Muratie,3.9,63,13.68,2017,13,68
Wehlener Sonnenuhr Riesling Kabinett 2014,Germany,Mosel,Markus Molitor,3.9,64,14.43,2014,14,43
Le Cornillard Anjou 2015,France,Anjou,Domaine Patrick Baudouin,4.1,64,33.83,2015,33,83
Sauvignon Blanc 2017,New Zealand,Marlborough,Leefield Station,3.7,64,14.9,2017,14,9
Müller-Thurgau Trocken 2018,Germany,Saale-Unstrut,Winzervereinigung Freyburg-Unstrut,3.3,64,6.26,2018,6,26
Stein Sauvignon 2018,Italy,Südtirol - Alto Adige,Nals Margreid,4.0,64,11.95,2018,11,95
Pinot Grigio 2018,Italy,Veneto,Gorgo,3.7,64,7.9,2018,7,9
Alteni di Brassica Langhe 2017,Italy,Langhe,Gaja,4.1,64,109.0,2017,109
Ungeheuer GG 2017,Germany,Pfalz,Reichsrat von Buhl,4.0,64,29.9,2017,29,9
Bianco N.V.,Italy,Vino d'Italia,Apericena,3.8,64,5.7,N.V.,5,7
Fiano Di Avellino 2019,Italy,Fiano de Avellino,Feudi di San Gregorio,4.0,64,11.5,2019,11,5
Lenchen Riesling Kabinett 2018,Germany,Rheingau,Peter Jakob Kühn,4.0,64,18.9,2018,18,9
Sonett Grauburgunder 2018,Germany,Baden,Heger,3.8,64,9.48,2018,9,48
Aulerde Riesling GG 2017,Germany,Rheinhessen,Wittmann,4.2,64,34.73,2017,34,73
Riesling Alsace Signature 2017,France,Alsace,Wolfberger,3.5,64,8.28,2017,8,28
Vignes de Nicole Chardonnay - Viognier Pays d'Oc 2019,France,Pays d'Oc,Paul Mas,3.8,64,7.37,2019,7,37
Rüdesheimer Berg Rottland Hinterhaus Riesling 2016,Germany,Rheingau,Leitz,3.9,64,37.04,2016,37,04
Weissburgunder 2019,Germany,Pfalz,Schneider,3.9,64,12.5,2019,12,5
Estates Douro Branco 2018,Portugal,Douro,Churchill's,3.7,64,14.73,2018,14,73
Kinheimer Hubertuslay Riesling Auslese 2015,Germany,Mosel,Markus Molitor,4.5,64,115.95,2015,115,95
The Long Walk Chardonnay 2019,South Africa,Western Cape,Footprint,3.6,64,6.5,2019,6,5
Chardonnay 2018,United States,Washington,Two Vines,3.4,64,9.7,2018,9,7
Branu Vermentino di Gallura 2019,Italy,Vermentino di Gallura,Surrau,4.0,64,9.65,2019,9,65
Vieilles Vignes Entre-deux-Mers 2019,France,Entre-deux-Mers,Château Sainte-Marie,3.8,64,10.49,2019,10,49
Muros Antigos Escolha 2019,Portugal,Vinho Verde,Anselmo Mendes,3.6,64,6.32,2019,6,32
Viognier 2018,France,Vin de France,Maison de La Villette,3.6,64,6.41,2018,6,41
Riesling Trocken 2019,Germany,Rheinhessen,Keller,3.9,64,12.9,2019,12,9
White Blend 2017,South Africa,Swartland,Badenhorst,4.2,64,24.49,2017,24,49
Sauvignon Blanc 2016,Romania,Tarnave,Villa Vinea,3.8,64,10.5,2016,10,5
Sauvignon Blanc 2018,New Zealand,Marlborough,Te Whare Ra,3.9,64,17.9,2018,17,9
Sauvignon Blanc 2019,Germany,Pfalz,Dr. Von Bassermann-Jordan,4.1,65,11.95,2019,11,95
Grauburgunder 2019,Germany,Pfalz,Ellermann-Spiegel,4.0,65,6.8,2019,6,8
Effusion Anjou 2018,France,Anjou,Domaine Patrick Baudouin,3.9,65,19.88,2018,19,88
Dame Nature Petit Chablis 2018,France,Petit Chablis,La Chablisienne,3.8,65,13.58,2018,13,58
Grauburgunder 2017,Germany,Baden,Salwey,3.4,65,9.54,2017,9,54
Grüner Veltliner 2019,Austria,Kremstal,Domane Krems,3.8,65,7.26,2019,7,26
Langhe Sauvignon Rovella 2016,Italy,Langhe,Parusso,4.0,65,24.2,2016,24,2
Riesling Reserve Zöbinger Heiligenstein Lyra 2015,Austria,Kamptal,Weingut Bründlmayer,4.2,65,49.47,2015,49,47
Riesling 2018,Germany,Rheingau,Schloss Vollrads,3.8,65,10.53,2018,10,53
Maximin Grünhäuser Abtsberg Riesling Kabinett 2018,Germany,Mosel,Maximin Grünhaus,4.1,65,15.65,2018,15,65
Bourgogne Blanc 2016,France,Bourgogne,Domaine Henri Boillot,4.1,65,26.5,2016,26,5
Festival Sauvignon 2018,Italy,Südtirol - Alto Adige,Kellerei Meran,3.7,65,9.65,2018,9,65
Chassagne-Montrachet Premier Cru Morgeot Marquis de Laguiche 2016,France,Chassagne-Montrachet Premier Cru,Joseph Drouhin,4.4,65,112.94,2016,112,94
Chablis 2018,France,Chablis,Ropiteau Freres,3.5,65,16.34,2018,16,34
Ehrenhausen Muschelkalk 2017,Austria,Südsteiermark,Tement,3.7,65,16.85,2017,16,85
Sauvignon Blanc Trocken 2019,Germany,Pfalz,Frederik Janus,3.9,65,7.6,2019,7,6
Rüdesheimer Berg Roseneck Katerloch Riesling 2016,Germany,Rheingau,Leitz,4.1,65,34.12,2016,34,12
Gönnheimer Riesling Trocken 2018,Germany,Pfalz,Eymann,3.6,65,8.9,2018,8,9
Riesling Tradition 2015,Austria,Kamptal,Schloss Gobelsburg,4.0,65,31.1,2015,31,1
Chenin Blanc Wild Ferment 2018,South Africa,Stellenbosch,Delheim,3.8,65,12.49,2018,12,49
Whitehall Chardonnay 2017,South Africa,Elgin,Neil Ellis,3.8,65,17.95,2017,17,95
Chablis Grand Cru 'Les Clos' 2016,France,Chablis Grand Cru,Louis Michel & Fils,4.3,65,80.57,2016,80,57
Côtes De Gascogne Chardonnay 2018,France,Côtes de Gascogne,Domaine du Tariquet,3.5,65,7.0,2018,7
Königsbach Riesling 2017,Germany,Pfalz,A. Christmann,4.0,65,18.42,2017,18,42
The Young Airhawk 2017,South Africa,Coastal Region,Nederburg,3.8,65,18.84,2017,18,84
Aristargos 2018,South Africa,Swartland,David & Nadia,4.2,65,34.15,2018,34,15
Condrieu Les Cassines 2016,France,Condrieu,Paul Jaboulet Aîné,3.9,66,47.52,2016,47,52
T.N. 99 Sonnrain 2016,Italy,Südtirol - Alto Adige,Thomas Niedermayr,3.9,66,18.9,2016,18,9
Langenlois Käferberg 2011,Austria,Kamptal,Loimer,3.9,66,29.5,2011,29,5
Sauvignon Blanc 2016,Portugal,Bairrada,Quinta do Ortigao,3.6,66,9.75,2016,9,75
Fourchaume Chablis Premier Cru 2018,France,Chablis Premier Cru,Domaine Nathalie et Gilles Fevre,4.0,66,27.9,2018,27,9
Kirchenstück GG 2015,Germany,Pfalz,Von Winning,4.3,66,59.0,2015,59
Schulthauser Weissburgunder (Pinot Bianco) 2019,Italy,Südtirol - Alto Adige,St. Michael-Eppan,3.8,66,12.6,2019,12,6
Riesling Trocken 2017,Germany,Rheinhessen,Weingut Gunderloch,3.4,66,8.7,2017,8,7
Sauvignon Blanc 2019,South Africa,Stellenbosch,Lanzerac,3.7,66,10.9,2019,10,9
Alta Colección Pinot Gris 2019,Argentina,Uco Valley,Bodega Piedra Negra,3.7,66,8.72,2019,8,72
Yattarna Chardonnay (BIN 144) 2016,Australia,Adelaide Hills,Penfolds,4.2,66,221.95,2016,221,95
Organic Chardonnay 2018,Australia,South Australia,Farm Hand,3.7,66,7.69,2018,7,69
Sauvignon Blanc 2018,United States,Sonoma Coast,Schug,4.0,66,25.04,2018,25,04
Straw 2018,South Africa,Stellenbosch,Rustenberg,4.0,66,14.43,2018,14,43
Hard 2016,Germany,Baden,Ziereisen,4.1,66,26.0,2016,26
Méthode Ancienne Chardonnay 2017,South Africa,Robertson,Springfield Estate,4.2,66,33.95,2017,33,95
Rausch Kabinett 2018,Germany,Mosel,Forstmeister Geltz-Zilliken,4.1,66,18.9,2018,18,9
Sauvignon Blanc 2018,New Zealand,Marlborough,Salomon & Andrew,3.6,66,14.9,2018,14,9
Ried Klostersatz Grüner Veltliner Federspiel 2016,Austria,Wachau,F.X. Pichler,3.8,66,25.5,2016,25,5
Small Hill White 2016,Austria,Burgenland,Leo Hillinger,3.3,66,11.19,2016,11,19
Riesling 2018,France,Alsace,Boeckel,3.6,66,9.5,2018,9,5
Bechtheimer Riesling 2013,Germany,Rheinhessen,Dreissigacker,3.8,66,42.01,2013,42,01
Riesling Trocken 2018,Germany,Pfalz,Krebs,3.7,66,10.01,2018,10,01
Savennières Bellevue 2016,France,Savennières,Domaine Patrick Baudouin,4.1,67,36.84,2016,36,84
Blutsbruder für Immer Vereint Weiss 2017,Germany,Rheinhessen,Karl May,3.7,67,10.67,2017,10,67
Hill Pinot Grigio 2018,Italy,Südtirol - Alto Adige,Nals Margreid,3.7,67,10.4,2018,10,4
Chablis 'Champ des Ducs' 2018,France,Chablis,Alain Geoffroy,3.8,67,18.03,2018,18,03
Nuwedam Old Vine Chenin Blanc 2017,South Africa,Swartland,Huis Van Chevallerie,4.2,67,35.0,2017,35
Suavis Vernaccia de San Gimignano 2018,Italy,San Gimignano,Mormoraia,3.9,67,11.6,2018,11,6
Pfaffenberg Riesling 2017,Austria,Kremstal,Pichler-Krutzler,3.8,67,22.0,2017,22
Le Merle Blanc de Château Clarke Bordeaux Blanc 2017,France,Bordeaux,Château Clarke,4.3,67,27.06,2017,27,06
Les Menétrieres Pouilly-Fuissé (Cuvée Hors-Classe) 2015,France,Pouilly-Fuissé,J.A. Ferret,4.2,67,55.24,2015,55,24
Lieben Aich 2015,Italy,Südtirol - Alto Adige,Manincor,4.1,67,40.84,2015,40,84
Grauburgunder Trocken 2019,Germany,Pfalz,Frederik Janus,3.7,67,7.6,2019,7,6
Meursault 'Les Grands Charrons' 2017,France,Meursault,Michel Bouzereau,4.2,67,53.61,2017,53,61
Chardonnay 2015,United States,Monterey County,Ranch 32,3.5,67,21.57,2015,21,57
Châteauneuf-du-Pape Clos La Roquète Blanc 2017,France,Châteauneuf-du-Pape,Domaine La Roquète,4.2,67,49.76,2017,49,76
Karthäuser Riesling 2018,Germany,Nahe,Martin Tesch,3.9,67,13.75,2018,13,75
Sauvignon Blanc Tradition 2018,Germany,Pfalz,Philipp Kuhn,3.7,67,11.6,2018,11,6
Brauneberger Juffer Riesling Spätlese 2018,Germany,Brauneberg,Fritz Haag,4.2,67,15.95,2018,15,95
Capsula Viola Chardonnay 2019,Italy,Toscana,Antinori,3.8,68,6.95,2019,6,95
Kalkmergel Riesling 2018,Germany,Pfalz,Rings,3.6,68,9.25,2018,9,25
Wiltinger Riesling 2017,Germany,Wiltingen,Van Volxem,4.0,68,14.7,2017,14,7
Sauvignon Blanc 2020,South Africa,Durbanville,Diemersdal,3.8,68,8.9,2020,8,9
Deidesheimer Kalkofen GG 2017,Germany,Pfalz,Von Winning,4.1,68,32.12,2017,32,12
Umbria Bianco 2019,Italy,Umbria,Santa Cristina,3.5,68,9.5,2019,9,5
Las Pizarras Chardonnay 2014,Chile,Aconcagua Costa,Errazuriz,4.1,68,75.76,2014,75,76
Chardonnay 2013,United States,Anderson Valley,Domaine Anderson,3.9,68,48.26,2013,48,26
Bairrada Vinha Formal Branco 2011,Portugal,Bairrada,Luis Pato,3.9,68,32.17,2011,32,17
Siefersheim Porphyr Riesling 2018,Germany,Rheinhessen,Wagner-Stempel,3.9,68,16.57,2018,16,57
Chardonnay Leithaberg 2016,Austria,Neusiedlersee-Hügelland,Heinrich,3.8,68,13.98,2016,13,98
Côte de Rouffach Riesling 2016,France,Alsace,René Muré,3.7,68,15.5,2016,15,5
Scharzhofberger Riesling Auslese 2014,Germany,Wiltingen,Egon Müller - Scharzhof,4.5,68,554.1,2014,554,1
Sauvignon Blanc 2019,South Africa,Stellenbosch,Delheim,3.4,68,7.69,2019,7,69
Riesling Trocken 2018,Germany,Nahe,Schäfer-Fröhlich,3.9,68,14.63,2018,14,63
Friulano 2017,Italy,Friuli-Venezia Giulia,Borgo Magredo,3.5,68,8.78,2017,8,78
Riesling Stielweg Alte Reben 2018,Germany,Rheingau,Künstler,3.9,68,16.9,2018,16,9
Reserve Chardonnay 2017,Argentina,Tupungato,Domaine Bousquet,3.9,68,12.18,2017,12,18
Wallufer Walkenberg Riesling Kabinett Trocken 2013,Germany,Rheingau,J.B. Becker,3.6,68,12.0,2013,12
Chardonnay 2018,South Africa,Stellenbosch,Anura,3.7,69,10.6,2018,10,6
Darscho 2017,Austria,Weinland,Velich,4.2,69,29.54,2017,29,54
Wehlener Klosterberg Pinot Blanc 2016,Germany,Mosel,Markus Molitor,3.9,69,44.89,2016,44,89
Chassagne-Montrachet Premier Cru Morgeot Marquis de Laguiche 2017,France,Chassagne-Montrachet Premier Cru,Joseph Drouhin,4.5,69,120.56,2017,120,56
Dittelsheim Riesling 2016,Germany,Rheinhessen,Stefan Winter,3.9,69,13.68,2016,13,68
Penon Pinot Bianco 2016,Italy,Südtirol - Alto Adige,Nals Margreid,3.7,69,10.9,2016,10,9
Pettenthal Riesling GG 2015,Germany,Rheinhessen,Kühling-Gillot,4.3,69,48.64,2015,48,64
Sauvignon Blanc 2018,South Africa,Stellenbosch,Vergelegen,3.6,69,13.4,2018,13,4
Chardonnay 2019,Italy,Südtirol - Alto Adige,Alois Lageder,3.6,69,9.9,2019,9,9
Forster Ungeheuer Ziegler 2017,Germany,Rheinhessen,Dr. Von Bassermann-Jordan,3.9,69,23.79,2017,23,79
Castel Firmian Pinot Grigio Trentino 2019,Italy,Trentino,Mezzacorona,3.5,69,6.75,2019,6,75
Villata Roero Arneis 2019,Italy,Roero,Vite Colte,3.5,69,8.45,2019,8,45
Domaine Ciringa Fosilni Breg Sauvignon Blanc 2018,Slovenia,Štajerska,Tement,3.6,69,13.43,2018,13,43
Weissburgunder Trocken 2018,Germany,Nahe,Dönnhoff,3.6,69,12.19,2018,12,19
Branco 2018,Portugal,Algarve,João Clara,3.5,69,11.7,2018,11,7
Les Tourelles de la Crée Montagny Premier Cru 2014,France,Montagny Premier Cru,Château de la Crée,3.9,69,46.64,2014,46,64
Milia 2018,France,Provence,Clos de l'Ours,3.7,69,21.9,2018,21,9
Collezione di Famiglia Viognier 2018,Italy,Terre Siciliane,Barone Montalto,3.7,69,8.29,2018,8,29
Loibner Burgstall Riesling Smaragd 2015,Austria,Wachau,F.X. Pichler,4.0,69,27.0,2015,27
Pinot Grigio 2018,Italy,Friuli Grave,Bidoli,3.8,69,8.0,2018,8
Saint Joseph Fruit d'Avilleran 2017,France,Saint-Joseph,Francois Villard,4.0,70,22.0,2017,22
Reserve Sauvignon Blanc 2018,New Zealand,Marlborough,Villa Maria,4.0,70,20.5,2018,20,5
Bianco di Custoza Superiore Cà del Magro 2018,Italy,Bianco di Custoza,Monte del Frá,3.9,70,9.6,2018,9,6
Grüner Veltliner ZEISEN Weinviertel DAC 2019,Austria,Weinviertel,Weingut R&A Pfaffl,3.8,70,8.9,2019,8,9
Riesling Auslese Westhofen Morstein 2015,Germany,Rheinhessen,Keller,4.3,70,35.0,2015,35
Sauvignon Blanc - Sémillon 2018,Turkey,Thrace,Suvla,3.5,70,12.0,2018,12
Pouilly-Fuissé Vielles Vignes 2017,France,Pouilly-Fuissé,Daniel Pollier,3.9,70,15.98,2017,15,98
Kalkmergel Grauburgunder 2018,Germany,Pfalz,Friedrich Becker,4.2,70,17.0,2018,17
Petit Bourgeois Sauvignon Blanc 2019,France,Val de Loire,Henri Bourgeois,3.6,70,9.95,2019,9,95
Röttgen 2017,Germany,Mosel,Heymann-Löwenstein,4.0,70,31.0,2017,31
Chardonnay Bourgogne 2017,France,Bourgogne,Paul Pillot,3.6,70,29.45,2017,29,45
Idig GG 2016,Germany,Pfalz,A. Christmann,4.1,70,67.26,2016,67,26
Sancerre Sauvage Blanc 2016,France,Sancerre,Pascal Jolivet,4.0,70,44.11,2016,44,11
Chardonnay 2018,South Africa,Walker Bay,Creation,3.7,70,16.79,2018,16,79
Pinot Grigio 2019,Italy,Sicilia,Stemmari,3.8,70,5.2,2019,5,2
Oranžista 2017,Slovakia,Slovakia,Slobodné Vinárstvo,3.7,70,19.9,2017,19,9
Aurora Gavi 2017,Italy,Gavi,Roberto Sarotto,3.7,70,9.9,2017,9,9
Classic Collection Chardonnay 2019,South Africa,Western Cape,KWV,3.3,70,6.84,2019,6,84
Puligny-Montrachet 2017,France,Puligny-Montrachet,Jacques Carillon,4.1,70,59.9,2017,59,9
Kies Grüner Veltliner 2018,Austria,Kamptal,Kurt Angerer,3.9,70,10.9,2018,10,9
Arthur Chardonnay 2017,United States,Dundee Hills,Domaine Drouhin,3.9,70,36.95,2017,36,95
Sancerre Blanc 2019,France,Sancerre,Michel Thomas & Fils,4.0,70,14.54,2019,14,54
Chablis Grand Cru 'Les Preuses' 2016,France,Chablis Grand Cru 'Preuses',Domaine William Fèvre,4.3,70,95.0,2016,95
Kleine Rust Chenin Blanc - Sauvignon Blanc 2017,South Africa,Stellenbosch,Stellenrust,3.3,70,5.8,2017,5,8
Steinbuckel Riesling GG 2017,Germany,Pfalz,Knipser,4.0,70,26.9,2017,26,9
Réserve Chardonnay 2018,France,Limoux,Domaines Astruc,3.9,70,8.45,2018,8,45
Bianchi Grilli Per la Testa Trebbiano d'Abruzzo 2016,Italy,Trebbiano d'Abruzzo,Torre dei Beati,3.7,70,21.39,2016,21,39
Wachtberg Grüner Veltliner 2015,Austria,Kremstal,Salomon Undhof,3.7,70,17.35,2015,17,35
Verdeca 2017,Italy,Puglia,Terrecarsiche 1939,3.5,71,7.42,2017,7,42
Riesling 2017,Germany,Pfalz,Oliver Zeter,3.6,71,8.5,2017,8,5
Forster U 500 Riesling 2013,Germany,Pfalz,Von Winning,4.2,71,45.95,2013,45,95
Ungeheuer GG 2017,Germany,Pfalz,Georg Mosbacher,4.3,71,28.59,2017,28,59
Vernaccia di San Gimignano 2018,Italy,San Gimignano,Rocca delle Macìe,3.2,71,8.9,2018,8,9
Riesling 2018,New Zealand,Nelson,Seifried Estate,4.0,71,12.69,2018,12,69
Le Bouquet 2019,South Africa,Western Cape,Boschendal,3.8,71,6.94,2019,6,94
Sauvage Sauvignon Blanc - Semillon 2015,Australia,Margaret River,Domaine Naturaliste,4.0,71,18.95,2015,18,95
Torrontés 2019,Argentina,Calchaqui Valley,Colomé,4.1,71,8.24,2019,8,24
Pinot Gris 2017,New Zealand,Marlborough,Leefield Station,3.5,71,14.9,2017,14,9
Vaudésir Chablis Grand Cru 2016,France,Chablis Grand Cru,Roland Lavantureux,4.3,71,122.0,2016,122
Silvaner Trocken 2014,Germany,Rheinhessen,Wittmann,3.5,71,9.16,2014,9,16
Guardiani di Aralto 2017,Italy,Sciacca,Baglio Oro,3.9,71,12.9,2017,12,9
Chardonnay 2018,United States,California,Gnarly Head,3.5,71,9.65,2018,9,65
Nespolino Trebbiano - Chardonnay 2017,Italy,Emilia-Romagna,Poderi dal Nespoli,3.2,71,5.76,2017,5,76
Chardonnay - Fiano Puglia 2018,Italy,Puglia,Montecore,3.9,71,5.5,2018,5,5
Wehlener Klosterberg Riesling Spätlese 2016,Germany,Mosel,Markus Molitor,3.6,71,18.9,2016,18,9
Bisamberg Wiener Gemischter Satz 2018,Austria,Wiener Gemischter Satz,Wieninger,3.8,71,15.5,2018,15,5
Geheimrat J Riesling Spätlese Trocken 2013,Germany,Rheingau,Weingüter Wegeler,4.3,72,24.9,2013,24,9
Wehlener Sonnenuhr Riesling Auslese 2015,Germany,Mosel,Markus Molitor,4.6,72,99.95,2015,99,95
Mrs. English 2017,South Africa,Stellenbosch,Lanzerac,4.4,72,27.1,2017,27,1
Berg 2017,Italy,Trentino-Alto Adige,Colterenzio (Schreckbichl),3.7,72,14.57,2017,14,57
Le Petiot Touraine 2016,France,Touraine,Domaine Ricard,3.7,72,9.5,2016,9,5
Vulcanico Falanghina 2017,Italy,Basilicata,Paternoster,3.7,72,10.9,2017,10,9
Riesling Deidesheimer Herrgottsacker 2017,Germany,Pfalz,Reichsrat von Buhl,4.0,72,18.0,2017,18
Santenay Premier Cru 'Gravières' Blanc 2014,France,Santenay 1er Cru 'Les Gravières',Château de la Crée,4.1,72,69.26,2014,69,26
Oberbergener Bassgeige Grauburgunder 2018,Germany,Baden,Franz Keller,3.7,72,12.5,2018,12,5
Clos des Criots Pouilly-Fumé 2017,France,Pouilly-Fumé,Domaine Salmon,3.9,72,14.13,2017,14,13
Riesling Forster 2018,Germany,Pfalz,Reichsrat von Buhl,3.6,72,12.9,2018,12,9
Verdicchio dei Castelli di Jesi Classico 2018,Italy,Verdicchio dei Castelli di Jesi,Vignedileo,3.7,72,9.26,2018,9,26
Collection Secrète White 2014,Georgia,Kakheti,Mukhrani,4.0,72,17.5,2014,17,5
Patatsblanc N Versnit Wit 2018,South Africa,Montagu,Boschkloof,3.6,72,19.3,2018,19,3
Riesling Alsace Grand Cru Steingrubler 2016,France,Alsace Grand Cru,Wolfberger,3.9,72,19.49,2016,19,49
Chardonnay Gran Reserva 2016,Chile,Casablanca Valley,Casas del Bosque,3.9,72,13.95,2016,13,95
Langenmorgen GG 2015,Germany,Pfalz,Von Winning,4.3,72,34.95,2015,34,95
Timeo Grillo 2018,Italy,Terre Siciliane,Baglio di Pianetto,3.6,72,12.99,2018,12,99
Falanghina del Sannio 2019,Italy,Sannio,Mastroberardino,3.5,72,9.9,2019,9,9
Chardonnay Trocken 2014,Germany,Pfalz,Knipser,4.3,72,28.24,2014,28,24
Chardonnay 2017,Australia,Murray Darling,Deakin Estate,3.2,72,9.23,2017,9,23
Riesling Reserve Zöbinger Heiligenstein Alte Reben 2011,Austria,Kamptal,Weingut Bründlmayer,4.1,72,45.28,2011,45,28
Puligny-Montrachet 2015,France,Puligny-Montrachet,Domaine Henri Boillot,4.0,72,65.0,2015,65
Hole In The Water Sauvignon Blanc 2018,New Zealand,Marlborough,Konrad,3.9,73,12.96,2018,12,96
Pinot Blanc 2016,France,Alsace,Hugel,3.8,73,13.71,2016,13,71
Insolia - Chardonnay Calanica 2018,Italy,Terre Siciliane,Duca di Salaparuta,3.6,73,6.89,2018,6,89
Masianco 2019,Italy,Venezia,Masi,3.6,73,10.99,2019,10,99
Corbières Blanc 2018,France,Corbières,Domaine des Deux Cles,3.9,73,16.9,2018,16,9
Sancerre La Côte Des Monts Damnés 2018,France,Sancerre,Henri Bourgeois,4.0,73,27.5,2018,27,5
Estate Rauenthal Riesling 2018,Germany,Rheingau,Georg Breuer,3.8,73,15.0,2018,15
50 HL Riesling Spätlese Trocken 2015,Germany,Pfalz,Heinrich Vollmer,3.8,73,20.86,2015,20,86
Chardonnay 2018,Italy,Friuli-Venezia Giulia,Attems,3.9,73,10.66,2018,10,66
Gavi 2018,Italy,Gavi,Il Poggio di Gavi,3.9,73,9.42,2018,9,42
Oropasso 2019,Italy,Veneto,Biscardo,3.9,73,7.69,2019,7,69
Sauvignon Blanc 2019,South Africa,Western Cape,Du Toitskloof,3.3,73,7.5,2019,7,5
Glimmerschiefer Riesling Feinherb 2018,Germany,Mosel,Weingut Loersch,4.2,73,10.3,2018,10,3
Zelen 2015,Slovenia,Vipava,Guerila,3.6,73,13.9,2015,13,9
Ribet Blanc Chardonnay - Viognier 2019,France,Pays d'Oc,Arrogant Frog,3.4,73,5.8,2019,5,8
Jesuitengarten Riesling GG 2018,Germany,Pfalz,Dr. Von Bassermann-Jordan,4.4,73,48.64,2018,48,64
Goruli Mtsvane 2018,Georgia,Kakheti,Mukhrani,4.1,73,17.74,2018,17,74
Branco 2015,Portugal,Douro,Poeira,4.1,73,27.29,2015,27,29
Rotschiefer Riesling Kabinett 2018,Germany,Mosel,Van Volxem,4.0,73,12.6,2018,12,6
Passofino Pecorino 2018,Italy,Terre di Chieti,Feudi Bizantini,3.8,73,9.5,2018,9,5
Riesling 2017,Germany,Rheinhessen,Dreissigacker,3.8,74,6.58,2017,6,58
Berg Rottland Riesling 2016,Germany,Rheingau,Georg Breuer,4.0,74,43.87,2016,43,87
Chenin Blanc 2018,South Africa,Western Cape,Holden Manz,3.6,74,10.5,2018,10,5
Sauvignon Blanc 2018,South Africa,Western Cape,Du Toitskloof,3.4,74,7.3,2018,7,3
Bolina 2018,Italy,Salento,Cantina Rosa del Golfo,3.6,74,11.82,2018,11,82
TO 2017,Austria,Burgenland,Velich,4.0,74,14.72,2017,14,72
Belvento Viognier (I Vini Del Mare) 2018,Italy,Toscana,Petra,3.5,74,11.92,2018,11,92
Olli 2018,Italy,Sicilia,Feudo Maccari,3.7,74,9.17,2018,9,17
Eichhorn Pinot Bianco 2018,Italy,Südtirol - Alto Adige,Manincor,4.2,74,24.27,2018,24,27
Vernaccia di San Gimignano 2018,Italy,Vernaccia di San Gimignano,Abbazia Monte Oliveto,3.8,74,8.5,2018,8,5
Somereto Chardonnay 2018,Italy,Südtirol - Alto Adige,Andrian,3.4,74,9.9,2018,9,9
Rotschiefer Riesling 2018,Germany,Rheinhessen,St. Antony,3.9,74,10.4,2018,10,4
Private Collection Chardonnay 2017,South Africa,Stellenbosch,Saxenburg,3.9,74,17.5,2017,17,5
Liebfraumilch 2018,Germany,Pfalz,Hammel & Cie,3.7,74,7.63,2018,7,63
Châteauneuf-du-Pape Blanc 2017,France,Châteauneuf-du-Pape,Domaine des Sénéchaux,4.1,74,34.73,2017,34,73
GG Henkenberg Weissburgunder 2015,Germany,Baden,Salwey,4.2,74,29.08,2015,29,08
K 2016,Austria,Burgenland,Kracher,4.1,74,24.99,2016,24,99
Vermentino di Sardegna 2018,Italy,Vermentino di Sardegna,Su'entu,3.7,74,12.49,2018,12,49
Kammern Grüner Veltliner 2017,Austria,Kamptal,Hirsch,3.8,74,12.87,2017,12,87
Moscatel 2016,Chile,Itata Valley,Viña La Causa,3.6,74,12.81,2016,12,81
Soave Classico 2017,Italy,Soave Classico,Lenotti,3.7,74,4.83,2017,4,83
Riesling Alte Reben 2017,Germany,Mosel,Maximin Grünhaus,3.8,75,15.3,2017,15,3
Unwooded Chardonnay 2018,South Africa,Stellenbosch,Neethlingshof Estate,3.5,75,8.95,2018,8,95
Riesling Trocken 2017,Germany,Pfalz,Ökonomierat Rebholz,3.6,75,11.9,2017,11,9
Kastelberg Grand Cru 2016,France,Alsace Grand Cru 'Kastelberg',Marc Kreydenweiss,4.2,75,49.5,2016,49,5
Vulkangestein Riesling Trocken 2018,Germany,Nahe,Schäfer-Fröhlich,4.0,75,15.1,2018,15,1
Grande Réserve Chardonnay 2018,France,Languedoc,Paul Mas,4.1,75,13.58,2018,13,58
Dornleiten Riesling 2017,Austria,Kremstal,Nigl,3.5,75,14.95,2017,14,95
Grüner Veltliner Frauengrund 2018,Austria,Kremstal,Josef Dockner,3.6,75,8.7,2018,8,7
Sauvignon 2019,Italy,Südtirol - Alto Adige,Tramin,3.8,75,9.45,2019,9,45
Riesling Alsace Signature 2018,France,Alsace,Wolfberger,3.7,75,8.28,2018,8,28
Kiedrich Gräfenberg Riesling Trocken GG 2017,Germany,Rheingau,Robert Weil,4.0,75,41.4,2017,41,4
Sauvignon Blanc 2017,South Africa,Coastal Region,Fleur du Cap,3.2,75,9.3,2017,9,3
Chardonnay Sonoma Coast 2017,United States,Sonoma Coast,Schug,3.6,75,29.37,2017,29,37
Spring Fever Chardonnay 2016,Australia,Eden Valley,Langmeil,3.6,75,8.68,2016,8,68
Silvaner Trocken 2015,Germany,Rheinhessen,Wittmann,3.5,75,9.36,2015,9,36
Graacher Himmelreich Riesling Auslese 2006,Germany,Graach,Joh. Jos. Prüm,4.1,75,62.0,2006,62
Venezia Giulia Sauvignon Blanc 2018,Italy,Venezia Giulia,Lis Neris,3.8,75,18.9,2018,18,9
Berg Pinot Bianco 2018,Italy,Südtirol - Alto Adige,Nals Margreid,3.5,75,9.9,2018,9,9
Batteriberg Detonation Riesling 2017,Germany,Mosel,Immich-Batterieberg,3.8,76,13.5,2017,13,5
Alma Terra 2018,Italy,Franciacorta,Bellavista,3.7,76,23.12,2018,23,12
Puligny-Montrachet 2016,France,Puligny-Montrachet,Domaine Henri Boillot,4.0,76,59.9,2016,59,9
Serra Lupini Roero Arneis 2019,Italy,Roero,Negro Angelo,3.9,76,10.5,2019,10,5
Saar Alte Reben Riesling 2016,Germany,Mosel,Markus Molitor,4.0,76,17.35,2016,17,35
Würzburger Stein Riesling Trocken 2018,Germany,Würzburg,Bürgerspital,3.7,76,14.57,2018,14,57
Zellertal Riesling 2018,Germany,Pfalz,Schwedhelm Zellertal,3.8,76,9.94,2018,9,94
Riserva Nova Domus Terlaner 2017,Italy,Südtirol - Alto Adige,Terlan (Terlano),4.3,76,35.85,2017,35,85
Pinot Grigio 2019,Italy,Südtirol - Alto Adige,Peter Zemmer,3.9,76,9.26,2019,9,26
Côte des Roses Sauvignon Blanc 2019,France,Pays d'Oc,Gérard Bertrand,3.8,76,10.8,2019,10,8
Vernaccia di San Gimignano 2018,Italy,Vernaccia di San Gimignano,Teruzzi & Puthod,3.5,76,10.57,2018,10,57
Sandstein Riesling Trocken 2019,Germany,Rheinhessen,Gysler,4.0,76,10.21,2019,10,21
Castel Firmian Sauvignon Trentino 2018,Italy,Trentino,Mezzacorona,3.6,76,6.75,2018,6,75
Santenay Premier Cru 'Gravières' Blanc 2013,France,Santenay 1er Cru 'Les Gravières',Château de la Crée,4.3,76,65.9,2013,65,9
Chardonnay Unwooded 2018,South Africa,Paarl,Glen Carlou,3.4,76,8.95,2018,8,95
Loibner Federspiel Grüner Veltliner 2018,Austria,Wachau,F.X. Pichler,4.1,76,26.77,2018,26,77
Bourgogne Blanc 2017,France,Bourgogne,Domaine Henri Boillot,3.9,77,32.55,2017,32,55
Wairau Reserve Sauvignon Blanc 2019,New Zealand,Marlborough,Saint Clair,4.4,77,26.95,2019,26,95
Director's Cut Chardonnay 2018,United States,Russian River Valley,Francis Ford Coppola,4.1,77,26.5,2018,26,5
Chardonnay 2018,South Africa,Western Cape,Cathedral,3.5,77,10.42,2018,10,42
Riesling Trocken 2016,Germany,Nahe,Kruger-Rumpf,3.8,77,16.95,2016,16,95
Zeltinger Sonnenuhr Riesling Auslese*** 2014,Germany,Mosel,Markus Molitor,4.2,77,79.93,2014,79,93
Estate Rauenthal Riesling 2017,Germany,Rheingau,Georg Breuer,3.7,77,17.0,2017,17
Riesling Trocken 2018,Germany,Rheingau,Prinz von Hessen,3.8,77,8.9,2018,8,9
Petit Chablis 2018,France,Petit Chablis,Domaine du Chardonnay,3.7,77,16.5,2018,16,5
Greca Terra Retsina N.V.,Greece,Peloponnesos,Tsantali,2.2,77,5.35,N.V.,5,35
Höllenpfad Riesling Trocken 2018,Germany,Nahe,Dönnhoff,4.1,77,20.5,2018,20,5
Reméage Blanc 2018,France,Vin de France,Les Vins de Vienne - Cuilleron-Gaillard-Villard,3.8,77,9.5,2018,9,5
Well Done Riesling Trocken 2018,Germany,Pfalz,Weingut Metzger,3.6,77,6.77,2018,6,77
Nostre Païs Blanc 2017,France,Costières-de-Nîmes,Michel Gassier,3.9,77,13.58,2017,13,58
Fendant 2018,Switzerland,Valais,Domaines Rouvinez,3.8,77,18.9,2018,18,9
IL Bianco 2018,Italy,Toscana,Brancaia,3.7,77,10.9,2018,10,9
Riesling Trocken 2018,Germany,Pfalz,Ökonomierat Rebholz,3.6,77,14.42,2018,14,42
Riesling Feinherb 2017,Germany,Kanzem,Von Othegraven,3.5,77,10.67,2017,10,67
Chardonnay Dolomiti 2018,Italy,Vigneti delle Dolomiti,Terre del Noce,3.4,78,5.2,2018,5,2
Grauburgunder Trocken 2019,Germany,Pfalz,Weingut Metzger,3.8,78,8.28,2019,8,28
Weissburgunder Trocken 2018,Germany,Rheinhessen,Battenfeld Spanier,3.8,78,10.09,2018,10,09
Gelber Muskateller Steirische Klassik 2017,Austria,Südoststeiermark,Neumeister,3.6,78,14.5,2017,14,5
Chardonnay - Terret 2018,France,Pays d'Oc,Josselin,3.3,78,8.67,2018,8,67
Erdener Treppchen Riesling Kabinett 2015,Germany,Mosel,Markus Molitor,3.9,78,13.46,2015,13,46
Kellermeister Privat Kremser Goldberg Grüner Veltliner 2018,Austria,Kremstal,Winzer Krems,3.6,78,9.55,2018,9,55
Black Label Nik Weis Bockstein Kabinett 2018,Germany,Mosel,St. Urbans-Hof,4.1,78,15.99,2018,15,99
Schloss Reichartshausen Riesling Kabinett 2016,Germany,Rheingau,Balthasar Ress,3.8,78,14.5,2016,14,5
Grauer Burgunder 2019,Germany,Pfalz,Weingut A. Diehl,3.9,78,6.49,2019,6,49
Marlborough Sauvignon Blanc 2019,New Zealand,Marlborough,Waipara Hills,3.8,78,12.9,2019,12,9
Yattarna Chardonnay (BIN 144) 2015,Australia,Adelaide Hills,Penfolds,4.2,78,221.95,2015,221,95
Chablis Montmains 1er Cru 2015,France,Chablis 1er Cru 'Montmains',Domaine des Marronniers,4.1,78,19.9,2015,19,9
Gemischter Satz 2018,Austria,Wien,Zahel,3.4,78,9.9,2018,9,9
Solosole Pagus Camilla 2015,Italy,Bolgheri,Poggio Al Tesoro,4.1,78,44.9,2015,44,9
Strassertal Grüner Veltliner 2018,Austria,Kamptal,Johann Topf,3.5,78,12.41,2018,12,41
Bourgogne Le Chardonnay de Chardonnay 2017,France,Bourgogne,Bouchard Père & Fils,3.7,78,44.59,2017,44,59
Rotes Tor - Grüner Veltliner Smaragd 2018,Austria,Wachau,Franz Hirtzberger,4.1,79,42.5,2018,42,5
Le Petit Cheval Bordeaux Blanc 2016,France,Bordeaux,Château Cheval Blanc,4.4,79,138.6,2016,138,6
Belleruche Côtes-du-Rhône Blanc 2019,France,Côtes-du-Rhône,M. Chapoutier,3.7,79,10.47,2019,10,47
Chardonnay 2018,South Africa,Elgin,Iona,4.1,79,23.5,2018,23,5
Weißer Burgunder 2018,Germany,Nahe,Gut Hermannsberg,3.8,79,9.9,2018,9,9
Riesling Suez 2016,Germany,Pfalz,Reichsrat von Buhl,3.8,79,17.9,2016,17,9
Douro Fabelhaft Branco 2017,Portugal,Douro,Niepoort,3.7,79,10.35,2017,10,35
Grauburgunder Vom Löss 2018,Germany,Baden,Franz Keller,3.4,79,8.5,2018,8,5
Sauvignon 2017,Italy,Friuli Grave,Borgo Magredo,3.7,79,8.78,2017,8,78
Norheimer Kirschheck Riesling Spätlese 2017,Germany,Nahe,Dönnhoff,4.1,79,23.49,2017,23,49
Vom Vulkan 2018,Germany,Nahe,Gut Hermannsberg,4.0,79,15.65,2018,15,65
Meursault-Blagny 1er Cru 'La Pièce sous le Bois' 2015,France,Blagny 1er Cru 'La Pièce sous le Bois',Domaine Sylvain Langoureau,4.3,79,85.0,2015,85
Côtes de Tablas Blanc 2015,United States,Paso Robles,Tablas Creek Vineyard,3.9,79,32.0,2015,32
Chenin Blanc 2018,South Africa,Swartland,David & Nadia,3.9,79,34.15,2018,34,15
Chardonnay 2018,South Africa,Western Cape,Obikwa,3.6,79,5.62,2018,5,62
Eins Zu Eins Blanc de Noirs 2019,Germany,Pfalz,Weingut A. Diehl,4.3,79,6.75,2019,6,75
Les Cépages Sauvignon Blanc 2012,France,Pays d'Oc,Baron Philippe de Rothschild,3.2,79,8.69,2012,8,69
Blanc Secret Côtes de Provence 2016,France,Côtes de Provence,Château des Sarrins,4.1,80,16.52,2016,16,52
Sauvignon 2017,Italy,Südtirol - Alto Adige,Franz Haas,4.1,80,35.44,2017,35,44
Volratz Riesling Trocken 2018,Germany,Rheingau,Schloss Vollrads,3.7,80,9.5,2018,9,5
Deidesheimer Kieselberg Riesling Trocken 2017,Germany,Pfalz,Dr. Von Bassermann-Jordan,3.8,80,19.99,2017,19,99
Bussiador 2016,Italy,Langhe,Aldo Conterno,4.1,80,48.4,2016,48,4
Reméage Blanc 2017,France,Vin de France,Les Vins de Vienne - Cuilleron-Gaillard-Villard,3.8,80,9.5,2017,9,5
Sobaja Sauvignon 2018,Italy,Friuli Grave,Pradio,3.8,80,10.51,2018,10,51
Lion Grüner Veltliner 2018,Austria,Niederösterreich,Kracher & Sohm,3.8,80,12.49,2018,12,49
Alte Reben Riesling 2018,Germany,Mosel,Van Volxem,4.0,80,17.69,2018,17,69
Semillón 2017,Argentina,Mendoza,El Enemigo,3.9,80,19.01,2017,19,01
Alpi Retiche 2018,Italy,Vino d'Italia,Nino Negri,3.7,80,13.26,2018,13,26
Tributo Chardonnay 2016,Chile,Casablanca Valley,Caliterra,3.5,80,10.23,2016,10,23
Pouilly-Fumé La Chantereine 2018,France,Pouilly-Fumé,Henri Bourgeois,3.6,80,22.42,2018,22,42
Condrieu Le Grand Vallon 2017,France,Condrieu,Francois Villard,4.2,80,40.9,2017,40,9
Sauvignon Blanc 2019,Chile,Leyda Valley,Amaral,3.7,80,8.99,2019,8,99
L'Abeille de Fieuzal Pessac-Léognan Blanc 2015,France,Pessac-Léognan,Château de Fieuzal,3.9,80,27.78,2015,27,78
The Whip White Blend 2017,United States,Livermore Valley,Murrieta's Well,3.8,80,26.31,2017,26,31
Federspiel Grüner Veltliner 2018,Austria,Wachau,Domäne Wachau,3.6,80,10.49,2018,10,49
Langenlois Grüner Veltliner 2018,Austria,Kamptal,Loimer,3.7,80,8.87,2018,8,87
Sauvignon Blanc 2016,New Zealand,Marlborough,Leefield Station,3.9,81,13.9,2016,13,9
GT-V Viognier 2018,France,Rhone Valley,LePlan-Vermeersch,3.9,81,15.37,2018,15,37
Gaudium Fiano di Avellino 2016,Italy,Fiano de Avellino,I Capitani,4.1,81,12.53,2016,12,53
Chiaramonte Inzolia Sicilia 2018,Italy,Terre Siciliane,Firriato,3.6,81,7.9,2018,7,9
Chardonnay 2017,New Zealand,Marlborough,Nautilus,4.0,81,22.22,2017,22,22
Langhe Chardonnay 2018,Italy,Langhe,Fontanafredda,3.4,81,7.51,2018,7,51
Vouvray Sec 2017,France,Vouvray,Clos de Nouys,3.8,81,10.92,2017,10,92
Gewürztraminer 2016,France,Alsace,Hugel,3.8,81,16.47,2016,16,47
Chenin Blanc 2019,South Africa,Citrusdal Mountain,Cederberg,3.6,81,13.15,2019,13,15
Hattenheim Engelmannsberg Riesling Trocken 2018,Germany,Rheingau,Balthasar Ress,4.1,81,17.9,2018,17,9
Corton-Charlemagne Grand Cru 2013,France,Corton-Charlemagne Grand Cru,Joseph Drouhin,4.5,82,193.99,2013,193,99
Ried Schütt Dürnsteiner Riesling Smaragd 2017,Austria,Wachau,Weingut Knoll,4.3,82,42.0,2017,42
Cassis Blanc 2017,France,Cassis,Ferme Blanche,3.6,82,15.9,2017,15,9
Merol Chardonnay 2017,Italy,Südtirol - Alto Adige,St. Michael-Eppan,3.7,82,12.6,2017,12,6
Selida Gewürztraminer 2019,Italy,Südtirol - Alto Adige,Tramin,3.9,82,13.5,2019,13,5
Doosberg Riesling Trocken 2016,Germany,Rheingau,Peter Jakob Kühn,4.4,82,42.89,2016,42,89
Riesling Trocken 2018,Germany,Rheinhessen,P. J. Valckenberg,3.8,82,6.2,2018,6,2
Benchmark Chardonnay 2014,Australia,Barossa,Grant Burge,3.2,82,6.95,2014,6,95
Chardonnay Bourgogne 2016,France,Bourgogne,Ropiteau Freres,3.6,82,12.08,2016,12,08
Moonlite Toscana 2018,Italy,Toscana,Rocca delle Macìe,3.7,82,9.99,2018,9,99
Gris 2009,Italy,Friuli Isonzo,Lis Neris,4.0,82,44.28,2009,44,28
Grüner Veltliner Loiser Berg 2016,Austria,Kamptal,Weingut Bründlmayer,3.6,82,18.5,2016,18,5
Grüner Sylvaner Trocken 2016,Germany,Rheinhessen,Battenfeld Spanier,3.9,82,12.19,2016,12,19
Hallgartener Hendelberg Riesling Trocken 2017,Germany,Rheingau,Peter Jakob Kühn,4.0,82,24.0,2017,24
Gavi Riserva 2016,Italy,Gavi,La Raia,4.0,82,18.5,2016,18,5
Sauvignon Blanc 2017,Italy,Friuli Isonzo,I Feudi di Romans,3.8,83,14.53,2017,14,53
Villa Blanche Chardonnay 2019,France,Pays d'Oc,Calmel & Joseph,3.8,83,6.77,2019,6,77
Chassagne-Montrachet Blanc 2017,France,Chassagne-Montrachet,Joseph Drouhin,4.2,83,58.39,2017,58,39
Jesuitengarten GG 2012,Germany,Pfalz,Reichsrat von Buhl,4.3,83,42.0,2012,42
Modello Pinot Grigio 2019,Italy,Veneto,Masi,3.8,83,8.99,2019,8,99
Terroir Series Sauvignon Blanc 2019,New Zealand,Marlborough,Brancott Estate,4.0,83,12.1,2019,12,1
Scharzhofberger Riesling Kabinett 2011,Germany,Mosel,Bischöfliche Weingüter Trier,3.8,83,9.64,2011,9,64
Riesling Federspiel Terrassen 2019,Austria,Wachau,Domäne Wachau,3.7,83,9.49,2019,9,49
Graacher Himmelreich Riesling Kabinett 2018,Germany,Mosel,Willi Schaefer,3.9,83,17.9,2018,17,9
Terre d'Argence Gard 2016,France,Coteaux du Pont du Gard,Château Mourgues du Grès,3.8,83,12.9,2016,12,9
L'Elfo Pinot Grigio 2018,Italy,Veneto,Sacchetto,3.6,83,5.9,2018,5,9
Terlaner Classico 2019,Italy,Südtirol - Alto Adige,Terlan (Terlano),4.0,83,12.89,2019,12,89
Piano dei Daini Etna Bianco 2017,Italy,Etna,Tenute Bosco,3.8,83,24.73,2017,24,73
Johannisberger Riesling Trocken 2017,Germany,Rheingau,Prinz von Hessen,3.8,83,11.31,2017,11,31
Spätburgunder Blanc de Noir 2018,Germany,Ahr,Jean Stodden,3.6,83,12.4,2018,12,4
Seven Flags Chardonnay 2017,South Africa,Elgin,Paul Cluver,4.4,83,53.35,2017,53,35
Chardonnay (Barrel Fermented) 2018,South Africa,Breede River Valley,Bergsig Estate,3.7,83,9.25,2018,9,25
Corton-Charlemagne Grand Cru 2015,France,Corton-Charlemagne Grand Cru,Domaine des Héritiers Louis Jadot,4.6,84,221.95,2015,221,95
Saint-Joseph Blanc 2016,France,Saint-Joseph,E. Guigal,3.7,84,25.92,2016,25,92
Lugana 2019,Italy,Lugana,Ottella,3.8,84,9.3,2019,9,3
Podium Verdicchio dei Castelli di Jesi Classico Superiore 2017,Italy,Verdicchio dei Castelli di Jesi,Garofoli,3.7,84,14.9,2017,14,9
Kalkmergel Riesling Trocken 2017,Germany,Pfalz,Knipser,3.9,84,15.38,2017,15,38
Pessac-Léognan Blanc 2005,France,Pessac-Léognan,Château Smith Haut-Lafitte,4.2,84,119.95,2005,119,95
Bourgogne Chardonnay 2017,France,Bourgogne,Olivier Leflaive,3.8,84,19.99,2017,19,99
Château-Thébaud 2015,France,Muscadet-Sevre et Maine,Pépière,3.9,84,18.9,2015,18,9
Gavi 2018,Italy,Gavi,Cascina la Doria,3.4,84,8.93,2018,8,93
Appius 2014,Italy,Südtirol - Alto Adige,St. Michael-Eppan,4.4,84,110.0,2014,110
Val dei Molini Custoza 2018,Italy,Bianco di Custoza,Cantina di Custoza,3.4,84,7.3,2018,7,3
Villa Cordevigo Bianco 2016,Italy,Rosso Veronese,Villabella,4.3,84,19.07,2016,19,07
Les Princes Abbés Pinot Gris Alsace 2017,France,Alsace,Domaines Schlumberger,3.8,84,11.6,2017,11,6
Chardonnay - Weissburgunder Trocken 2018,Germany,Pfalz,Knipser,3.6,84,13.15,2018,13,15
Pinot Gris Alsace Signature 2018,France,Alsace,Wolfberger,3.9,85,7.66,2018,7,66
Viognier 2018,France,Côtes de Thongue,Domaine Montrose,3.6,85,8.68,2018,8,68
Grüner Veltliner vom Haus 2019,Austria,Niederösterreich,Weingut R&A Pfaffl,3.8,85,7.5,2019,7,5
Vineyard Selection Chardonnay (Barrel Fermented) 2019,South Africa,Western Cape,Kleine Zalze,3.9,85,11.5,2019,11,5
Appius 2013,Italy,Südtirol - Alto Adige,St. Michael-Eppan,4.5,85,100.99,2013,100,99
Pinot Grigio 2018,Italy,Colli Orientali del Friuli,Torre Rosazza,3.8,85,13.93,2018,13,93
Chardonnay 2016,United States,Washington,Red Diamond,3.6,85,14.13,2016,14,13
Barrel Fermented Chardonnay 2017,South Africa,Franschhoek,Holden Manz,4.1,85,23.95,2017,23,95
Agneau Bordeaux Blanc 2018,France,Bordeaux,Baron Philippe de Rothschild,3.2,85,6.05,2018,6,05
Gewürztraminer 2019,Italy,Südtirol - Alto Adige,Wilhelm Walch,3.8,85,11.0,2019,11
Viognier 2015,Australia,South Australia,Oxford Landing,3.2,85,8.78,2015,8,78
Sauvignon Blanc 2019,South Africa,Paarl,Niel Joubert,3.7,85,5.56,2019,5,56
Kinheimer Rosenberg Riesling Kabinett 2015,Germany,Mosel,Markus Molitor,3.9,85,15.95,2015,15,95
Schlossberg 2016,Germany,Rheingau,Schloss Vollrads,3.9,86,27.78,2016,27,78
Cà del Lago Lugana 2018,Italy,Lugana,Villabella,3.8,86,11.9,2018,11,9
Leiwener Riesling Trocken 2018,Germany,Mosel,Josef Rosch,3.9,86,8.69,2018,8,69
Perlato del Bosco Toscana Vermentino 2018,Italy,Toscana,Tua Rita,3.7,86,14.43,2018,14,43
Cellar Selection Unoaked Chardonnay 2019,South Africa,Stellenbosch,Kleine Zalze,3.3,86,8.7,2019,8,7
Il Mandorlo Gavi 2016,Italy,Gavi,Tenuta San Pietro,4.2,86,16.95,2016,16,95
SL Riesling Kabinett 2016,Germany,Mosel,Schloss Lieser,3.7,86,12.95,2016,12,95
Le Phant Blanc 2014,New Zealand,Hawke's Bay,Elephant Hill,3.5,86,19.9,2014,19,9
Wehlener Sonnenuhr Riesling Spätlese 2015,Germany,Mosel,Markus Molitor,4.0,86,22.95,2015,22,95
Il Forte Gavi 2018,Italy,Gavi,Produttori del Gavi,3.8,86,10.57,2018,10,57
Grillo 2018,Italy,Terre Siciliane,Feudi Branciforti dei Bordonaro,3.5,86,8.44,2018,8,44
Grauburgunder 2018,Germany,Pfalz,Friedrich Becker,3.9,86,9.26,2018,9,26
Chardonnay 2019,South Africa,Paarl,Glen Carlou,4.2,86,14.5,2019,14,5
Chardonnay (Monovitigno) 2018,Italy,Venezia Giulia,di Lenardo,3.6,87,10.59,2018,10,59
Le Vaglie Verdicchio dei Castelli di Jesi Classico 2019,Italy,Verdicchio dei Castelli di Jesi,Azienda Santa Barbara - Stefano Antonucci,4.1,87,11.3,2019,11,3
Wehlener Sonnenuhr Riesling Auslese 2016,Germany,Wehlen,Joh. Jos. Prüm,4.4,87,36.58,2016,36,58
Viognier de Rosine 2018,France,Collines Rhodaniennes,Michel & Stéphane Ogier,3.8,87,22.9,2018,22,9
Sulz Morillon 2015,Austria,Südsteiermark,Tement,3.9,87,24.9,2015,24,9
Ciari Sauvignon Blanc 2018,Italy,Venezia,Borgo Molino,3.9,87,10.8,2018,10,8
Pessac-Léognan Blanc (Grand Cru Classé de Graves) 2011,France,Pessac-Léognan,Domaine de Chevalier,4.2,87,146.95,2011,146,95
Pouilly-Fuissé 2018,France,Pouilly-Fuissé,Louis Latour,3.9,87,23.69,2018,23,69
Zeltinger Himmelreich Riesling Kabinett 2017,Germany,Mosel,Markus Molitor,3.9,87,17.18,2017,17,18
Branco 2017,Portugal,Alentejano,Cortes de Cima,3.9,87,13.6,2017,13,6
Weissburgunder 2018,Germany,Mosel,Van Volxem,4.0,87,12.69,2018,12,69
Villa Blanche Viognier 2018,France,Pays d'Oc,Calmel & Joseph,3.8,87,6.77,2018,6,77
Raif Sauvignon 2018,Italy,Vigneti delle Dolomiti,Castelfeder,3.8,87,12.48,2018,12,48
Montmains Chablis Premier Cru 2016,France,Chablis Premier Cru,Domaine du Chardonnay,3.8,87,27.5,2016,27,5
Sancerre Blanc 2018,France,Sancerre,Domaine la Barbotaine,4.0,87,13.78,2018,13,78
Capitel Foscarino 2018,Italy,Veneto,Anselmi,3.9,87,13.9,2018,13,9
Sauvignon Blanc 2018,New Zealand,Nelson,Seifried Estate,4.1,87,12.9,2018,12,9
Silvaner Trocken 2018,Germany,Rheinhessen,Wittmann,3.6,87,9.09,2018,9,09
Rüdesheimer Berg Schlossberg Ehrenfels Riesling 2016,Germany,Rheingau,Leitz,4.1,88,38.99,2016,38,99
Quarzit Riesling Trocken 2018,Germany,Rheingau,Peter Jakob Kühn,4.0,88,17.5,2018,17,5
Scheurebe Trocken 2018,Germany,Rheinhessen,K.Wechsler,3.6,88,8.89,2018,8,89
Logan Chardonnay (Sleepy Hollow Vineyard) 2015,United States,Santa Lucia Highlands,Talbott,3.8,88,14.25,2015,14,25
Fausto Chardonnay 2013,Brazil,Serra Gaúcha,Pizzato,3.2,88,11.5,2013,11,5
Masseria dei Carmelitani Gavi 2019,Italy,Gavi,Vite Colte,4.1,88,9.11,2019,9,11
Grüner Veltliner Smaragd Achleiten 2018,Austria,Wachau,Domäne Wachau,4.2,88,26.0,2018,26
Grüner Veltliner Berg Vogelsang 2018,Austria,Kamptal,Weingut Bründlmayer,3.8,88,14.7,2018,14,7
Riesling Abtsberg GG 2017,Germany,Mosel,Maximin Grünhaus,4.1,88,29.15,2017,29,15
Two Blanc 2015,South Africa,Constantia,Constantia Glen,4.1,88,16.47,2015,16,47
Satellite Sancerre 2012,France,Sancerre,Alphonse Mellot,4.1,88,35.0,2012,35
Réserve Graves Blanc 2016,France,Graves,Mouton Cadet,3.6,88,12.6,2016,12,6
Les Moulins de Turquant Blanc 2015,France,Saumur,Couly-Dutheil,3.9,89,13.69,2015,13,69
Wehlener Klosterberg Riesling Kabinett 2016,Germany,Mosel,Markus Molitor,3.5,89,17.95,2016,17,95
Verdeca Salento Petraluce 2018,Italy,Salento,Castello Monaci,3.9,89,7.2,2018,7,2
Saar Riesling Fuder 13 2017,Germany,Mosel,Van Volxem,3.8,89,36.56,2017,36,56
La Galopine Condrieu 2016,France,Condrieu,Delas,3.9,89,52.57,2016,52,57
Vom Schiefer Riesling Trocken 2017,Germany,Mosel,Ansgar Clüsserath,3.6,89,9.65,2017,9,65
Sauvignon Blanc 2019,South Africa,Durbanville,Durbanville Hills,3.7,89,7.6,2019,7,6
Sauvignon Blanc 2018,New Zealand,Marlborough,Tower Rock,3.8,89,7.77,2018,7,77
Porcupine Ridge Chenin Blanc 2016,South Africa,Franschhoek,Boekenhoutskloof,3.3,89,8.33,2016,8,33
Sauvignon Blanc 2018,South Africa,Stellenbosch,Reyneke,3.8,89,17.6,2018,17,6
Grauburgunder - Weissburgunder 2018,Germany,Pfalz,Weingut A. Diehl,3.5,89,6.59,2018,6,59
Mitzi Gelber Muskateller 2018,Austria,Südsteiermark,Gross,3.8,89,12.18,2018,12,18
Prachtstück Weiss 2018,Germany,Pfalz,Weingut Metzger,3.9,89,8.24,2018,8,24
Sauvignon Blanc Reserve 2017,United States,California,Dancing Bull,3.3,90,10.26,2017,10,26
Rotschiefer Riesling 2015,Germany,Mosel,Sorentberg,3.9,90,14.7,2015,14,7
Eric's Unoaked Chardonnay (Small Lot) 2017,United States,Livermore Valley,Wente,4.1,90,27.13,2017,27,13
White 2018,United States,Napa Valley,689 - Six Eight Nine,3.6,90,18.42,2018,18,42
Ockfener Bockstein Riesling Kabinett 2015,Germany,Mosel,Markus Molitor,4.0,90,17.29,2015,17,29
Sauvignon Blanc 2018,South Africa,Stellenbosch,Mulderbosch,3.7,90,12.48,2018,12,48
Crozes-Hermitage Blanc 2017,France,Crozes-Hermitage,E. Guigal,3.7,90,22.33,2017,22,33
Viognier 2019,South Africa,Walker Bay,Creation,3.9,91,12.99,2019,12,99
The King's Favour Sauvignon Blanc 2012,New Zealand,Marlborough,The Kings Series,3.6,91,13.9,2012,13,9
Gavi 2017,Italy,Monferrato,Ricossa,3.4,91,9.5,2017,9,5
Langhe Arneis 2018,Italy,Langhe,Fontanabianca,3.3,91,11.64,2018,11,64
Chablis 2016,France,Chablis,Château de Chemilly,4.0,91,15.5,2016,15,5
Vernaccia di San Gimignano 2018,Italy,Vernaccia di San Gimignano,Castello Montaùto,3.6,91,10.96,2018,10,96
Trebì Trebbiano d'Abruzzo 2018,Italy,Trebbiano d'Abruzzo,Talamonti,3.5,91,7.55,2018,7,55
Villa Di Chiesa Valli di Porto Pino 2017,Italy,Valli di Porto Pino,Santadi,4.2,91,18.9,2017,18,9
Steinterrassen 2016,Germany,Nahe,Gut Hermannsberg,4.0,91,23.5,2016,23,5
Lisboa Arinto 2019,Portugal,Lisboa,Paxis,3.5,91,4.8,2019,4,8
White Label Nik Weis Schiefer Riesling 2018,Germany,Mosel,St. Urbans-Hof,4.0,91,11.9,2018,11,9
Sancerre Les Romains 2017,France,Sancerre,Domaine Vacheron,4.1,91,42.9,2017,42,9
Clos du Four Mâcon-Milly-Lamartine 2014,France,Mâcon-Milly-Lamartine,Les Héritiers du Comte Lafon,3.8,92,34.54,2014,34,54
Les Caillardières Savennières 2016,France,Savennières,Domaine du Closel - Château des Vaults,4.0,92,34.8,2016,34,8
Bourgogne Cuvée Saint-Vincent Blanc 2016,France,Bourgogne,Vincent Girardin,3.7,92,16.9,2016,16,9
Gavi 2019,Italy,Gavi,Villa Sparina,3.9,92,13.5,2019,13,5
Grüner Veltliner Federspiel 2018,Austria,Wachau,Rudi Pichler,3.7,92,13.5,2018,13,5
Deidesheimer Kalkofen GG 2015,Germany,Pfalz,Von Winning,4.2,92,35.95,2015,35,95
Ribolla Gialla 2017,Italy,Colli Orientali del Friuli,Torre Rosazza,3.7,92,13.93,2017,13,93
Limited Selection Sauvignon Blanc 2019,Chile,Leyda Valley,Montes,3.6,92,7.94,2019,7,94
Vulkangestein Riesling Trocken 2016,Germany,Nahe,Schäfer-Fröhlich,3.8,92,15.1,2016,15,1
Aimery Chardonnay 2018,France,Pays d'Oc,Sieur d'Arques,3.3,92,5.75,2018,5,75
12 e Mezzo Malvasia del Salento 2019,Italy,Salento,Varvaglione,4.0,92,7.4,2019,7,4
Terra Montosa Riesling 2018,Germany,Rheingau,Georg Breuer,3.9,93,18.9,2018,18,9
Felugan 2019,Italy,Lugana,Feliciana,4.0,93,9.95,2019,9,95
Clos du Rocher Terroir d'Exception Grand Cru Blanc 2018,Switzerland,Yvorne,Obrist,4.1,93,27.75,2018,27,75
Figure Libre Freestyle Blanc 2017,France,Pays d'Oc,Gayda,3.8,93,11.45,2017,11,45
Von Unserm Riesling Trocken 2018,Germany,Rheingau,Balthasar Ress,3.6,93,10.9,2018,10,9
Kirchspiel Riesling GG 2013,Germany,Rheinhessen,Keller,4.4,93,249.0,2013,249
Etna Santo Spirito Bianco 2018,Italy,Etna,Tenuta delle Terre Nere,3.9,93,25.9,2018,25,9
Rotes Tor - Grüner Veltliner Federspiel 2019,Austria,Wachau,Franz Hirtzberger,4.0,93,19.9,2019,19,9
Zeltinger Himmelreich Riesling Kabinett 2017,Germany,Mosel,Selbach-Oster,3.9,93,14.35,2017,14,35
Glicine Bianco 2019,Italy,Terre Siciliane,Corvo,3.6,93,6.95,2019,6,95
Kirchspiel Riesling GG 2015,Germany,Rheinhessen,Keller,4.6,93,179.0,2015,179
Chenin Blanc (Free-Run Steen) 2019,South Africa,Coastal Region,MAN,3.5,93,5.74,2019,5,74
Vermentino di Sardegna 2018,Italy,Vermentino di Sardegna,Antichi Poderi Jerzu,3.5,93,7.9,2018,7,9
Gewürztraminer Alsace Signature 2018,France,Alsace,Wolfberger,3.9,94,9.13,2018,9,13
Noordhoek Sauvignon Blanc 2018,South Africa,Cape Town,Cape Point Vineyards,3.6,94,16.75,2018,16,75
Turmhof Sauvignon Blanc 2017,Italy,Südtirol - Alto Adige,Tiefenbrunner,3.9,94,14.99,2017,14,99
Hohenmorgen GG 2012,Germany,Pfalz,Dr. Von Bassermann-Jordan,4.0,94,42.89,2012,42,89
Fantini Chardonnay 2018,Italy,Terre di Chieti,Farnese,3.4,94,5.25,2018,5,25
Straden Sauvignon Blanc 2018,Austria,Steiermark,Neumeister,3.8,94,14.45,2018,14,45
Pinot Grigio 2018,United States,California,Canyon Road,3.4,94,6.35,2018,6,35
Sauvignon Blanc 2019,New Zealand,Marlborough,Saint Clair,3.9,94,13.99,2019,13,99
Prestige Blanc 2019,France,Côtes de Provence,Minuty,4.0,94,18.79,2019,18,79
Riesling Trocken 2019,Germany,Rheingau,Leitz,3.7,94,8.94,2019,8,94
Laumersheimer Kapellenberg Trocken Riesling 2017,Germany,Pfalz,Knipser,3.7,94,11.65,2017,11,65
Catulliano Lugana 2019,Italy,Lugana,Pratello,3.7,95,8.2,2019,8,2
Old Vines Chenin Blanc 2017,South Africa,Paarl,Lievland Vineyards,3.9,95,12.99,2017,12,99
Grauer Burgunder Trocken 2015,Germany,Rheinhessen,Wittmann,3.4,95,11.21,2015,11,21
Hohen-Sülzen Riesling 2017,Germany,Rheinhessen,Battenfeld Spanier,3.9,95,16.9,2017,16,9
Adrianna Vineyard White Stones Chardonnay 2012,Argentina,Mendoza,Catena Zapata,4.2,95,79.68,2012,79,68
Prail Sauvignon 2015,Italy,Trentino-Alto Adige,Colterenzio (Schreckbichl),3.8,95,13.6,2015,13,6
Afix Riesling 2015,Italy,delle Venezie,Jermann,3.7,95,18.38,2015,18,38
Gris 2008,Italy,Friuli Isonzo,Lis Neris,4.1,95,44.28,2008,44,28
Water Bend Chardonnay 2014,United States,Sonoma County,Geyser Peak,4.0,95,21.0,2014,21
La Griffe Bernard Chéreau Muscadet Sévre et Maine Sur Lie 2018,France,Muscadet-Sevre et Maine,Chéreau-Carré,3.7,95,7.52,2018,7,52
Haven Chardonnay 2016,South Africa,Coastal Region,Glen Carlou,3.6,96,8.9,2016,8,9
Prestige Lugana 2019,Italy,Lugana,Cà Maiol,3.8,96,10.6,2019,10,6
Meursault 1er Cru 'Blagny' Blanc 2016,France,Meursault 1er Cru 'Blagny',Faiveley,4.4,96,63.9,2016,63,9
M Capriva Del Friuli 2016,Italy,Friuli-Venezia Giulia,Schiopetto,4.2,96,75.9,2016,75,9
RS Weissburgunder 2016,Germany,Baden,Salwey,3.8,96,17.16,2016,17,16
Pinot Grigio 2018,Italy,delle Venezie,Danzante,3.6,96,9.16,2018,9,16
Silvaner Trocken 2017,Germany,Rheinhessen,Wittmann,3.7,96,7.75,2017,7,75
La Segreta Il Bianco 2019,Italy,Sicilia,Planeta,3.5,96,7.66,2019,7,66
Pinot Bianco 2017,Italy,Südtirol - Alto Adige,Alois Lageder,3.4,96,14.89,2017,14,89
Grüner Veltliner 2018,Austria,Carnuntum,Markowitsch,3.4,96,9.39,2018,9,39
Reserva Sauvignon Blanc (Classic) 2019,Chile,Curico Valley,Montes,3.8,96,6.34,2019,6,34
Reserve Bin A Chardonnay 2018,Australia,Adelaide Hills,Penfolds,3.9,97,99.0,2018,99
The Field Blend 2018,South Africa,Coastal Region,Stark-Condé,4.0,97,16.99,2018,16,99
Trittenheimer Apotheke Riesling Kabinett 2016,Germany,Mosel,Ansgar Clüsserath,3.7,97,11.65,2016,11,65
Zieregg Sauvignon Blanc 2017,Austria,Südsteiermark,Tement,4.1,97,48.06,2017,48,06
Alb de Petro Vaselo 2018,Romania,Recas,Petro Vaselo,3.7,97,9.5,2018,9,5
Merus Sauvignon Blanc 2017,Italy,Trentino,Tiefenbrunner,3.8,97,11.2,2017,11,2
Bin 311 Chardonnay 2018,Australia,Tumbarumba,Penfolds,3.8,97,42.45,2018,42,45
Lighea 2019,Italy,Terre Siciliane,Donnafugata,3.9,97,11.9,2019,11,9
Gewürztraminer 2018,Italy,Südtirol - Alto Adige,Ritterhof,3.7,97,14.54,2018,14,54
Angimbé (Tenuta Ficuzza) 2019,Italy,Terre Siciliane,Cusumano,3.8,97,8.25,2019,8,25
Viviri Grillo 2018,Italy,Sicilia,Tenuta Rapitalà,3.7,97,7.9,2018,7,9
Arneis Roero 2018,Italy,Roero,Marchesi di Barolo,3.8,97,11.99,2018,11,99
Akkurat Weiss 2018,Switzerland,Zürich,Staatskellerei Zürich,4.1,97,14.52,2018,14,52
Don Miguel Vineyard Acero Unoaked Chardonnay 2017,United States,Russian River Valley,Marimar Estate,4.2,97,38.99,2017,38,99
Fannia Falanghina del Molise 2018,Italy,Molise,Campi Valerio,3.9,98,10.72,2018,10,72
Burgenland Weiss 2018,Austria,Burgenland,Meinklang,3.8,98,7.9,2018,7,9
Riesling 2014,Luxembourg,Luxembourg,Château de Schengen,3.8,98,20.65,2014,20,65
Alentejano Reserva Branco 2018,Portugal,Alentejano,Herdade dos Grous,4.0,98,19.8,2018,19,8
Unoaked Viognier 2018,United States,Lodi,Gnarly Head,3.3,98,12.11,2018,12,11
Greco - Fiano Basilicata Pipoli 2019,Italy,Basilicata,Vigneti del Vulture,3.9,98,5.54,2019,5,54
Chardonnay (Unoaked) (Our Town Hall) 2018,South Africa,Franschhoek,Franschhoek Cellar,3.5,98,6.95,2018,6,95
15 Pinot Grigio 2017,Italy,Südtirol - Alto Adige,Castelfeder,3.6,98,10.8,2017,10,8
Sauvignon Blanc 2019,Germany,Pfalz,Oliver Zeter,4.0,98,11.16,2019,11,16
Maìa 2016,Italy,Sardegna,Siddura,3.9,98,22.37,2016,22,37
GG Henkenberg Grauburgunder 2015,Germany,Baden,Salwey,3.8,98,31.16,2015,31,16
Rotlack Riesling Kabinett Feinherb 2018,Germany,Rheingau,Schloss Johannisberg,4.3,99,22.36,2018,22,36
Weissburgunder Trocken 2018,Germany,Pfalz,Heinrich Vollmer,3.4,99,5.33,2018,5,33
The Boy Riesling 2018,Australia,Eden Valley,Two Hands,3.6,99,19.95,2018,19,95
Pouilly-Fuissé 2017,France,Pouilly-Fuissé,Chartron et Trébuchet,4.1,99,17.5,2017,17,5
Pierneef Collection Sauvignon Blanc 2019,South Africa,Franschhoek,La Motte Wine Estate,3.8,99,14.9,2019,14,9
Aigle les Murailles Blanc 2019,Switzerland,Aigle,Henri Badoux,3.8,99,23.17,2019,23,17
Scharzhofberger Riesling Kabinett 2018,Germany,Wiltingen,Egon Müller - Scharzhof,4.4,99,72.0,2018,72
1300 Chardonnay 2019,Argentina,Uco Valley,Andeluna,3.4,99,7.99,2019,7,99
Château Lichten Petite Arvine 2016,Switzerland,Valais,Domaines Rouvinez,3.6,99,29.5,2016,29,5
Zieregg Sauvignon Blanc 2016,Austria,Südsteiermark,Tement,4.0,99,48.43,2016,48,43
La Rocca Soave Classico 2018,Italy,Soave Classico,Pieropan,3.9,99,31.39,2018,31,39
Ruppertsberger Reiterpfad Riesling 2018,Germany,Pfalz,Von Winning,4.1,100,16.02,2018,16,02
T.N. 04 Bronner 2016,Italy,Trentino-Alto Adige,Thomas Niedermayr,3.8,100,20.5,2016,20,5
Winkel Riesling Kabinett 2018,Germany,Rheingau,Schloss Vollrads,3.9,100,12.29,2018,12,29
Catarratto Sicilia Antisa Regaleali 2018,Italy,Terre Siciliane,Tasca d'Almerita,3.7,100,10.9,2018,10,9
Clos des Prouges Pouilly-Fuissé 2017,France,Pouilly-Fuissé,J.A. Ferret,4.3,100,43.65,2017,43,65
Koreaa 2019,Austria,Burgenland,Judith Beck,4.0,100,14.9,2019,14,9
Mineral Riesling Trocken 2017,Germany,Nahe,Emrich-Schönleber,3.7,101,15.95,2017,15,95
Branco 2015,Portugal,Dão,Julia Kemper,3.7,101,17.55,2015,17,55
Sauvignon Blanc 2017,Romania,d Minis,Balla Geza,3.7,101,8.2,2017,8,2
Vom Haus Riesling 2019,Germany,Mosel,Schmitges,3.7,101,8.72,2019,8,72
SL Riesling Trocken 2017,Germany,Mosel,Schloss Lieser,3.8,101,11.8,2017,11,8
Silvaner Trocken 2018,Germany,Franken,Juliusspital,3.6,101,10.59,2018,10,59
Sauvignon Blanc 2018,Israel,Galilee,Gamla,3.7,101,12.1,2018,12,1
Uccellanda Curtefranca 2012,Italy,Curtefranca,Bellavista,4.1,101,39.9,2012,39,9
Deep Blue 2017,Germany,Nahe,Martin Tesch,3.5,101,12.5,2017,12,5
Sancerre Les Baronnes Blanc 2019,France,Sancerre,Henri Bourgeois,4.0,101,18.95,2019,18,95
Dogheria Pinot Bianco Rubicone 2018,Italy,Rubicone,Poderi dal Nespoli,3.8,101,9.37,2018,9,37
Schiefergestein Bockenauer Riesling Trocken 2017,Germany,Nahe,Schäfer-Fröhlich,3.8,101,18.42,2017,18,42
Maximin Grünhäuser Herrenberg Riesling 2017,Germany,Mosel,Maximin Grünhaus,4.0,101,29.9,2017,29,9
Dão Rótulo Branco 2017,Portugal,Dão,Niepoort,3.6,102,10.51,2017,10,51
Catarratto 2017,Italy,Sicilia,Barone Montalto,3.3,102,5.1,2017,5,1
Sauvignon Blanc 2017,South Africa,Stellenbosch,Zevenwacht,3.4,102,11.92,2017,11,92
Stoan 2018,Italy,Südtirol - Alto Adige,Tramin,4.0,102,20.27,2018,20,27
Douro Tiara Branco 2017,Portugal,Douro,Niepoort,4.2,102,26.88,2017,26,88
Twin Oaks Chardonnay 2018,United States,California,Robert Mondavi,3.4,102,7.69,2018,7,69
Cabi Sehr Nett Riesling 2016,Germany,Mosel,Fio,4.0,102,34.59,2016,34,59
Alte Reben Riesling Trocken 2017,Germany,Baden,Alexander Laible,4.1,102,17.2,2017,17,2
Sauvignon Blanc 2015,New Zealand,Marlborough,Mission Estate Winery,3.8,103,14.95,2015,14,95
Quarz Sauvignon 2018,Italy,Trentino-Alto Adige,Terlan (Terlano),4.4,103,69.95,2018,69,95
Clos du Four Mâcon-Milly-Lamartine 2016,France,Mâcon-Milly-Lamartine,Les Héritiers du Comte Lafon,4.0,103,28.9,2016,28,9
Les Princes Abbés Pinot Blanc Alsace 2017,France,Alsace,Domaines Schlumberger,3.5,103,11.92,2017,11,92
Cuvée Les Caillottes Sancerre 2018,France,Sancerre,Jean-Max Roger,4.1,103,16.5,2018,16,5
Compleo Cuvée Blanc 2018,Switzerland,Zürich,Staatskellerei Zürich,3.8,103,16.08,2018,16,08
Clos Sainte Hune Riesling Alsace 2013,France,Alsace,Trimbach,4.5,103,210.45,2013,210,45
Senftenberger Piri Grüner Veltliner 2018,Austria,Kremstal,Nigl,3.9,103,15.99,2018,15,99
Chardonnay 2016,United States,Russian River Valley,Paul Hobbs,4.1,103,68.32,2016,68,32
Sauvignon Blanc 2018,France,Loire Valley,Domaine Gibault - Danielle de L'Ansee,3.5,103,7.7,2018,7,7
Saint-Aubin 2017,France,Saint-Aubin,Domaine Sylvain Langoureau,3.9,104,21.0,2017,21
Pinot Grigio 2019,South Africa,Coastal Region,Protea,3.3,104,8.95,2019,8,95
Franciscus Grüner Veltliner 2018,Austria,Kremstal,Salomon Undhof,3.7,104,12.4,2018,12,4
Pinot Blanc Alsace Signature 2018,France,Alsace,Wolfberger,3.6,104,6.69,2018,6,69
Ürziger Würzgarten Riesling Spätlese 2017,Germany,Mosel,Markus Molitor,4.2,104,19.5,2017,19,5
Ribolla Gialla Collio 2017,Italy,Collio,Gradis'Ciutta,3.9,104,12.9,2017,12,9
Just Riesling! 2016,Germany,Nahe,Gut Hermannsberg,3.7,104,9.5,2016,9,5
Dellchen Riesling GG 2016,Germany,Nahe,Dönnhoff,4.3,104,49.0,2016,49
Forst Riesling Trocken 2017,Germany,Pfalz,Dr. Von Bassermann-Jordan,3.7,104,16.09,2017,16,09
Am Berg 2019,Austria,Wagram,Bernhard Ott,3.9,104,10.9,2019,10,9
Gewürztraminer '1840' 2015,Italy,Südtirol - Alto Adige,H. Lun,3.7,104,18.95,2015,18,95
Rêve Pecorino Offida 2017,Italy,Offida,Velenosi,4.0,104,14.85,2017,14,85
Bourgogne Chardonnay (Vieilles Vignes) 2018,France,Bourgogne,Albert Bichot,3.9,105,13.8,2018,13,8
Estate Rüdesheim Riesling 2018,Germany,Rüdesheim,Georg Breuer,3.8,105,13.8,2018,13,8
Haardt Riesling 2017,Germany,Pfalz,Müller-Catoir,3.9,105,13.84,2017,13,84
Curioso Bianco 2018,Italy,Toscana,Ponte Lungo,3.7,105,8.72,2018,8,72
Gärtling Grüner Veltliner 2018,Austria,Kremstal,Nigl,3.8,105,9.95,2018,9,95
Terroir Littoral Sauvignon Blanc 2018,France,Pays d'Oc,Fortant,3.4,105,6.59,2018,6,59
Bourgogne Chardonnay (La Vignée) 2018,France,Bourgogne,Bouchard Père & Fils,3.8,105,16.39,2018,16,39
Reserve Chardonnay 2017,South Africa,Walker Bay,Creation,4.1,105,33.0,2017,33
Kiedrich Turmberg Riesling Trocken 2018,Germany,Rheingau,Robert Weil,4.1,105,25.3,2018,25,3
Riesling Alsace 2018,France,Alsace,Trimbach,3.6,105,14.5,2018,14,5
Max Riesling Trocken 2017,Germany,Kanzem,Von Othegraven,3.2,105,15.69,2017,15,69
Leone d'Almerita (Tenuta Regaleali) 2019,Italy,Terre Siciliane,Tasca d'Almerita,4.0,106,9.65,2019,9,65
Elgin Sauvignon Blanc 2016,South Africa,Elgin,Boschendal,3.8,106,31.99,2016,31,99
Pouilly-Fumé Indigene 2018,France,Pouilly-Fumé,Pascal Jolivet,4.0,106,43.65,2018,43,65
Reserva Torrontés 2018,Argentina,Salta,Terrazas de los Andes,3.7,106,18.95,2018,18,95
Kirchspiel Riesling GG 2014,Germany,Rheinhessen,Wittmann,4.2,106,42.8,2014,42,8
The King's Bastard Chardonnay 2016,New Zealand,Marlborough,The Kings Series,3.8,106,16.95,2016,16,95
Sofia Riesling 2016,United States,Monterey County,Francis Ford Coppola,3.4,106,23.46,2016,23,46
Venezia Giulia Pinot Grigio 2018,Italy,Venezia Giulia,Lis Neris,4.0,106,18.9,2018,18,9
Gewürztraminer Campaner 2018,Italy,Südtirol - Alto Adige,Cantina Kaltern,3.9,106,14.72,2018,14,72
Tellus Chardonnay 2018,Italy,Umbria,Falesco,3.5,106,9.9,2018,9,9
Clos de la Bergerie 2014,France,Savennières-Roche-aux-Moines,Nicolas Joly,4.0,106,47.9,2014,47,9
Aufwind Grauer Burgunder 2018,Germany,Pfalz,Hensel,3.9,106,12.48,2018,12,48
Capo Martino 2016,Italy,Venezia Giulia,Jermann,4.0,106,49.9,2016,49,9
Forster Ungeheuer Riesling 2015,Germany,Pfalz,Von Winning,4.2,106,37.95,2015,37,95
Viognier - Sauvignon 2019,France,Pays d'Oc,Paul Mas,3.9,106,5.79,2019,5,79
Sauvignon Blanc 2019,South Africa,Paarl,Backsberg,3.5,107,8.95,2019,8,95
Pessac-Léognan Blanc 2006,France,Pessac-Léognan,Château Haut-Bergey,3.8,107,18.5,2006,18,5
Lepus 2018,Italy,Südtirol - Alto Adige,Franz Haas,3.8,107,16.4,2018,16,4
Sessantenario Malvasia 2014,Italy,Salento,Cantina Sampietrana,4.0,107,6.93,2014,6,93
Chardonnay 2017,United States,California,Crane Lake,3.3,107,7.9,2017,7,9
La Rocca Gavi 2018,Italy,Gavi,Coppo,3.7,107,12.99,2018,12,99
Grillo Sur Sur 2019,Italy,Terre Siciliane,Donnafugata,4.0,107,9.15,2019,9,15
Sauvignon Blanc 2019,South Africa,Constantia,Constantia Glen,3.7,108,12.9,2019,12,9
Val de Montferrand Grande Cuvée Blanc 2016,France,Vin de Pays,Domaine de l'Hortus,3.9,108,17.95,2016,17,95
Uncaged Sauvignon Blanc 2017,United States,North Coast,Z.Alexander Brown,3.4,108,16.33,2017,16,33
Silberlack Riesling Trocken GG 2018,Germany,Rheingau,Schloss Johannisberg,4.4,108,40.73,2018,40,73
Essence du Cap Chardonnay 2018,South Africa,Western Cape,Fleur du Cap,3.6,108,8.75,2018,8,75
Regaleali Bianco Sicilia 2019,Italy,Terre Siciliane,Tasca d'Almerita,3.7,108,7.42,2019,7,42
Kalkmergel Riesling 2017,Germany,Pfalz,Rings,3.6,108,9.26,2017,9,26
Steingrüble 2016,Germany,Baden,Ziereisen,3.8,108,13.95,2016,13,95
Grassnitzberg Sauvignon Blanc 2017,Austria,Südsteiermark,Tement,3.8,108,27.0,2017,27
Chardonnay 2018,South Africa,Stellenbosch,Mulderbosch,3.4,109,14.49,2018,14,49
Ciari Chardonnay 2018,Italy,Venezia,Borgo Molino,3.9,109,10.24,2018,10,24
Finado Pinot Bianco 2018,Italy,Südtirol - Alto Adige,Andrian,3.9,109,10.9,2018,10,9
Leiten Gewürztraminer 2018,Italy,Südtirol - Alto Adige,Nals Margreid,4.0,109,11.21,2018,11,21
Sauvignon Blanc 2018,South Africa,Walker Bay,Creation,3.9,109,12.81,2018,12,81
Bon Vallon Chardonnay 2018,South Africa,Robertson,De Wetshof,3.8,109,12.79,2018,12,79
Riesling Tradition 2018,France,Alsace,Emile Beyer,3.8,109,13.29,2018,13,29
Qvevri 2016,Georgia,Kakheti,Mukhrani,3.8,109,25.9,2016,25,9
Faß 12 Ayler Kupp Unterstenberg Riesling 2017,Germany,Mosel,Peter Lauer,4.3,109,21.94,2017,21,94
Grüner Veltliner Smaragd Axpoint 2018,Austria,Wachau,Domäne Wachau,4.1,109,21.89,2018,21,89
R de Rieussec 2017,France,Bordeaux,Château Rieussec,3.7,110,30.62,2017,30,62
Santa Digna Reserva Chardonnay 2019,Chile,Central Valley,Miguel Torres,3.6,110,7.45,2019,7,45
Felseneck Riesling GG 2016,Germany,Nahe,Schäfer-Fröhlich,4.3,110,53.5,2016,53,5
The Stump Jump Lightly Wooded Chardonnay 2018,Australia,McLaren Vale,d'Arenberg,3.4,110,8.75,2018,8,75
Puiten Pinot Grigio 2015,Italy,Südtirol - Alto Adige,Colterenzio (Schreckbichl),3.8,110,12.62,2015,12,62
Steinterrassen 2015,Germany,Nahe,Gut Hermannsberg,4.2,110,21.9,2015,21,9
Meruge Branco 2015,Portugal,Douro,Lavradores de Feitoria,4.2,110,18.52,2015,18,52
Jonty's Ducks Pekin White 2017,South Africa,Paarl,Avondale,3.7,110,14.13,2017,14,13
Pošip 2017,Croatia,Dalmatian Coast,Stina,4.1,110,22.0,2017,22
Quincy Haute Victoire 2018,France,Quincy,Henri Bourgeois,3.8,110,15.7,2018,15,7
Wehlener Klosterberg Riesling Spätlese 2015,Germany,Mosel,Markus Molitor,4.0,110,21.95,2015,21,95
Chablis Premier Cru 'Vau de Vey' 2018,France,Chablis 1er Cru 'Vau de Vey',Domaine des Malandes,4.0,110,27.78,2018,27,78
Pinot Gris Trocken 2017,Austria,Burgenland,Kracher,3.6,110,11.69,2017,11,69
Baron de L Pouilly-Fumé 2016,France,Pouilly-Fumé,de Ladoucette,4.4,110,76.43,2016,76,43
RS Grauburgunder 2014,Germany,Baden,Salwey,3.8,111,29.95,2014,29,95
Custoza 2019,Italy,Bianco di Custoza,Cavalchina,3.8,111,8.72,2019,8,72
15 Pinot Grigio 2018,Italy,Südtirol - Alto Adige,Castelfeder,3.8,111,11.82,2018,11,82
Adrianna Vineyard White Stones Chardonnay 2017,Argentina,Mendoza,Catena Zapata,4.4,111,57.51,2017,57,51
Altitud Chardonnay 2016,Argentina,Tupungato,Andeluna,3.4,111,13.26,2016,13,26
Soave Classico 2018,Italy,Soave Classico,Lenotti,3.8,111,4.83,2018,4,83
Puligny-Montrachet 'Les Corvées des Vignes' 2015,France,Puligny-Montrachet,Philippe Chavy,4.3,111,69.99,2015,69,99
Sauvignon Blanc 2018,South Africa,Western Cape,Delaire Graff,3.6,111,12.57,2018,12,57
Chardonnay 2018,United States,Monterey,Hess Select,3.5,111,11.9,2018,11,9
Kirchspiel Riesling GG 2016,Germany,Rheinhessen,Wittmann,4.1,111,47.95,2016,47,95
Grauburgunder Trocken vom Kalkstein 2018,Germany,Pfalz,Neiss,3.9,111,8.95,2018,8,95
Colección Torrontés 2019,Argentina,Calchaqui Valley,Michel Torino,3.9,112,9.89,2019,9,89
Bandol Blanc 2015,France,Bandol,La Bastide Blanche,3.5,112,18.9,2015,18,9
Portal da Calçada Reserva Vinho Verde 2019,Portugal,Vinho Verde,Salvador,3.7,112,6.54,2019,6,54
Rüdesheimer Berg Kaisersteinfels Terrassen Riesling 2015,Germany,Rheingau,Leitz,4.0,112,25.0,2015,25
Cecu d'la Biunda Roero Arneis 2018,Italy,Roero,Monchiero Carbone,3.8,112,11.88,2018,11,88
Pinot Grigio 2019,Italy,Veneto,Torresella,3.9,112,6.77,2019,6,77
Pinot Gris Alsace Réserve Personnelle 2015,France,Alsace,Trimbach,4.0,112,33.59,2015,33,59
The Rhine House Collection Chardonnay 2016,United States,California,Beringer,3.6,112,16.9,2016,16,9
Riesling Trocken 2019,Germany,Rheinhessen,Wittmann,3.7,112,11.02,2019,11,02
Pessac-Léognan Blanc (Grand Cru Classé de Graves) 2014,France,Pessac-Léognan,Château Malartic-Lagravière,4.0,112,66.0,2014,66
Riesling 2018,Germany,Mosel,Reinhard Knebel,3.9,112,10.09,2018,10,09
Beaujolais Blanc 2018,France,Beaujolais,Terres Dorées,3.7,112,12.9,2018,12,9
Sauvignon Blanc 2019,South Africa,Elgin,Paul Cluver,4.1,113,9.89,2019,9,89
Jaraman Chardonnay 2016,Australia,South Australia,Taylors / Wakefield,3.8,113,16.77,2016,16,77
Nik Weis Selection Urban Riesling 2019,Germany,Mosel,St. Urbans-Hof,4.1,113,9.26,2019,9,26
Grillo 2018,Italy,Sicilia,Stemmari,3.3,113,5.02,2018,5,02
Grand Vin La Clape Blanc 2018,France,La Clape,Château l'Hospitalet,3.7,113,36.85,2018,36,85
Aulerde Riesling GG 2016,Germany,Rheinhessen,Wittmann,4.1,113,37.9,2016,37,9
Wehlener Sonnenuhr Riesling Spätlese 2016,Germany,Wehlen,Joh. Jos. Prüm,4.3,113,30.47,2016,30,47
Alte Reben Riesling 2018,Germany,Pfalz,Schneider,3.9,113,13.0,2018,13
Chablis 2018,France,Chablis,Louis Michel & Fils,4.0,113,23.5,2018,23,5
Via Colțul Pietrei Sauvignon Blanc 2018,Romania,Dealu Mare,Vitis Metamorfosis,3.9,113,11.5,2018,11,5
Quartz Stone Chardonnay 2018,South Africa,Paarl,Glen Carlou,4.1,114,23.5,2018,23,5
Mäushöhle Riesling 2016,Germany,Pfalz,Von Winning,3.7,114,14.57,2016,14,57
Petit Chablis 2017,France,Petit Chablis,Domaine des Marronniers,3.9,114,13.3,2017,13,3
Baccaro Grillo 2018,Italy,Sicilia,Farnese,3.3,114,4.86,2018,4,86
Vulkangestein Riesling Trocken 2017,Germany,Nahe,Schäfer-Fröhlich,3.8,114,15.1,2017,15,1
Varidor Riesling Trocken 2018,Germany,Mosel,Carl Loewen,3.8,114,8.9,2018,8,9
Weisser Burgunder 2017,Germany,Pfalz,Dr. Von Bassermann-Jordan,3.7,114,7.95,2017,7,95
Vineyard Selection Chenin Blanc (Barrel Fermented) 2019,South Africa,Stellenbosch,Kleine Zalze,3.8,114,11.25,2019,11,25
Vigna Santa Margherita Vernaccia di San Gimignano 2016,Italy,Vernaccia di San Gimignano,Panizzi,3.9,114,20.32,2016,20,32
Chenin Blanc 2019,South Africa,Stellenbosch,Neethlingshof Estate,3.7,114,10.91,2019,10,91
Schaapenberg Vineyard Reserve Sauvignon Blanc 2017,South Africa,Stellenbosch,Vergelegen,3.8,115,19.95,2017,19,95
Réserve Languedoc Blanc 2018,France,Languedoc,Paul Mas,3.8,115,8.76,2018,8,76
The Young Airhawk 2016,South Africa,Coastal Region,Nederburg,3.7,115,18.42,2016,18,42
Thauvenay Sancerre Blanc 2014,France,Sancerre,Domaine Masson-Blondelet,3.9,115,15.5,2014,15,5
Drouhin - Vaudon Chablis 2018,France,Chablis,Joseph Drouhin,3.7,115,17.07,2018,17,07
Springvale Riesling 2018,Australia,Clare Valley,Grosset,3.9,115,29.9,2018,29,9
Deidesheimer Kalkofen GG 2016,Germany,Pfalz,Von Winning,4.2,115,32.12,2016,32,12
Sauvignon Blanc 2017,Italy,Südtirol - Alto Adige,Alois Lageder,3.7,116,11.9,2017,11,9
Sauvignon Blanc 2019,Chile,Central Valley,Valdivieso,3.5,116,7.75,2019,7,75
Metis Pascal Jolivet Sauvignon Blanc 2017,South Africa,Constantia,Klein Constantia,3.9,116,21.0,2017,21
Chablis 2018,France,Chablis,Gerard Tremblay,3.6,116,13.91,2018,13,91
Anas-Cëtta Langhe Nascetta di Novello 2018,Italy,Langhe,Elvio Cogno,3.7,116,18.9,2018,18,9
Villa Angela Falerio Pecorino 2018,Italy,Falerio Pecorino,Velenosi,3.5,116,8.24,2018,8,24
Chablis 1er Cru 'Côte de Lechet' 2018,France,Chablis 1er Cru 'Côte de Lechet',Bernard Defaix,4.1,116,24.9,2018,24,9
Chardonnay 2017,United States,California,Redwood Creek,3.4,116,7.65,2017,7,65
Riesling 2017,Germany,Pfalz,Schneider,3.8,116,24.5,2017,24,5
Chardonnay 2016,New Zealand,Hawke's Bay,Elephant Hill,3.7,116,19.5,2016,19,5
Riesling Terrassen 2018,Austria,Kamptal,Weingut Bründlmayer,3.8,116,15.25,2018,15,25
Cortese Piemonte 2018,Italy,Piemonte,Araldica,3.4,116,6.3,2018,6,3
Sauvignon Gris 2018,New Zealand,Marlborough,Brancott Estate,4.0,117,9.28,2018,9,28
Tannenberg Sauvignon Blanc 2016,Italy,Südtirol - Alto Adige,Manincor,3.9,117,23.4,2016,23,4
Sauvignon 2019,Italy,Südtirol - Alto Adige,Cantina Bolzano / Kellerei Bozen,3.8,117,9.9,2019,9,9
Rohstoff Chardonnay 2017,Austria,Burgenland,Hannes Reeh,4.1,117,15.2,2017,15,2
The First Lady Sauvignon Blanc 2019,South Africa,Stellenbosch,Warwick,3.6,117,8.49,2019,8,49
Pinot Grigio 2017,Italy,Südtirol - Alto Adige,Kettmeir,3.9,117,12.99,2017,12,99
Serego Alighieri Possessioni Bianco Veneto 2018,Italy,Veneto,Masi,3.6,117,11.92,2018,11,92
Grüner Veltliner HAID Weinviertel DAC 2018,Austria,Weinviertel,Weingut R&A Pfaffl,3.9,117,10.93,2018,10,93
Graacher Himmelreich Riesling Spätlese 2015,Germany,Graach,Joh. Jos. Prüm,4.2,117,25.84,2015,25,84
Fass 4 2019,Austria,Wagram,Bernhard Ott,4.1,117,15.8,2019,15,8
Laurens Campher 2014,South Africa,Stellenbosch,Muratie,3.9,117,15.95,2014,15,95
Riesling Trocken 2017,Germany,Nahe,Emrich-Schönleber,3.8,118,9.95,2017,9,95
Riesling (Petracine) Langhe 2018,Italy,Langhe,G.D. Vajra,3.9,118,37.9,2018,37,9
Otto Soave 2019,Italy,Soave,Prà,4.0,118,9.45,2019,9,45
Private Bin Chardonnay 2018,New Zealand,North Island,Villa Maria,3.3,118,11.04,2018,11,04
Wildcard Chardonnay (Unoaked) 2017,Australia,South Australia,Peter Lehmann,3.2,118,7.5,2017,7,5
Barrel Fermented Chardonnay 2018,South Africa,Franschhoek,Holden Manz,4.2,119,27.5,2018,27,5
Il Fiore 2015,Italy,Langhe,Braida,3.6,119,11.43,2015,11,43
Contea di Sclafani Nozze d'Oro Regaleali 2017,Italy,Contea di Sclafani,Tasca d'Almerita,4.0,119,15.42,2017,15,42
Rotschiefer Riesling Kabinett 2017,Germany,Mosel,Van Volxem,3.9,119,12.5,2017,12,5
Esprit de Tablas Blanc 2014,United States,Paso Robles,Tablas Creek Vineyard,4.1,119,49.0,2014,49
Grüner Veltliner Smaragd Axpoint 2017,Austria,Wachau,Domäne Wachau,4.1,119,21.9,2017,21,9
Vire-Clessé 2017,France,Viré-Clessé,Les Héritiers du Comte Lafon,4.0,119,29.9,2017,29,9
Gavi 2017,Italy,Gavi,Scanavino,3.3,119,9.49,2017,9,49
The Glass Collection Unwooded Chardonnay 2019,South Africa,Stellenbosch,Glenelly,3.4,119,11.65,2019,11,65
Villa Margon Chardonnay 2017,Italy,Trentino,Tenuta Margon,3.9,119,17.79,2017,17,79
Sauvignon Blanc 2018,South Africa,Walker Bay,Bouchard Finlayson,3.7,119,13.5,2018,13,5
Single Vineyard Sauvignon Blanc 2017,Chile,Casablanca Valley,Errazuriz,3.5,119,13.5,2017,13,5
Sauvignon Blanc 2018,United States,California,Bogle,3.6,119,14.52,2018,14,52
Pievecroce 2018,Italy,Lugana,Costaripa,3.8,119,11.9,2018,11,9
Trebbiano Spoletino Trebium 2018,Italy,Umbria,Antonelli San Marco,3.8,119,14.5,2018,14,5
Vinha Dos Amores Encruzado Dão Branco 2016,Portugal,Dão,Casa de Santar,4.4,120,29.99,2016,29,99
Morillon Muschelkalk 2017,Austria,Südsteiermark,Tement,3.9,120,14.49,2017,14,49
Pinot Grigio Alto Adige 2018,Italy,Südtirol - Alto Adige,Franz Haas,3.9,120,15.9,2018,15,9
Chardonnay Le Bourgogne 2016,France,Bourgogne,Chanson,3.6,120,12.6,2016,12,6
Rkatsiteli 2014,Georgia,Kakheti,Mukhrani,3.7,120,8.95,2014,8,95
Riesling Heiligenstein 2014,Austria,Kamptal,Weingut Bründlmayer,4.0,120,22.7,2014,22,7
Urban.GV Grüner Veltliner 2018,Austria,Kremstal,Stagård,3.7,120,8.9,2018,8,9
Sauvignon Blanc 2019,South Africa,Stellenbosch,Neethlingshof Estate,3.5,121,8.4,2019,8,4
Arinto - Bical 2016,Portugal,Bairrada,Quinta do Ortigao,3.7,121,9.1,2016,9,1
Gaia & Rey Langhe 2017,Italy,Langhe,Gaja,4.5,121,184.2,2017,184,2
Gewurztraminer Classic 2018,France,Alsace,Bestheim,3.8,121,9.5,2018,9,5
Mäushöhle Riesling 2017,Germany,Pfalz,Von Winning,3.7,121,14.57,2017,14,57
Las Pizarras Chardonnay 2016,Chile,Aconcagua Costa,Errazuriz,4.2,121,64.0,2016,64
Mi Pueblo Chardonnay 2019,Chile,Central Valley,Viña Maipo,3.2,121,6.5,2019,6,5
Mâcon-Bussières Les Clos 2018,France,Mâcon-Bussières,Joseph Drouhin,3.8,121,13.55,2018,13,55
Enkircher Steffensberg Riesling Kabinett Feinherb 2018,Germany,Mosel,Villa Huesgen,4.2,122,17.35,2018,17,35
Grande g 2018,Italy,Lugana,Malavasi,4.1,122,21.87,2018,21,87
Rheinschiefer Hallgarten Riesling Trocken 2018,Germany,Rheingau,Peter Jakob Kühn,3.9,122,15.11,2018,15,11
Greco di Tufo 2018,Italy,Greco di Tufo,Nativ,3.8,122,8.99,2018,8,99
Lafóa Sauvignon 2010,Italy,Südtirol - Alto Adige,Colterenzio (Schreckbichl),4.0,122,26.27,2010,26,27
Reserve Spéciale Chardonnay 2018,France,Pays d'Oc,Philibert du Charme,3.9,122,6.9,2018,6,9
Mash Pitt 2015,Austria,Neusiedlersee,Pittnauer,3.7,123,24.99,2015,24,99
Vieilles Vignes Côtes Catalanes Blanc 2017,France,Côtes Catalanes,Domaine du Clos des Fées,3.8,123,23.99,2017,23,99
Loibner Grüner Veltliner Smaragd Vinothekfüllung 2017,Austria,Wachau,Weingut Knoll,4.2,123,45.0,2017,45
Steinriegl Riesling 2017,Austria,Wachau,Prager,4.0,123,18.42,2017,18,42
GB Sauvage Riesling 2019,Germany,Rheingau,Georg Breuer,3.7,123,9.76,2019,9,76
Laumersheimer Kapellenberg Trocken Riesling 2018,Germany,Pfalz,Knipser,3.7,123,11.65,2018,11,65
The Dry Land Collection Courageous Barrel Fermented Chenin Blanc 2018,South Africa,Paarl,Perdeberg,4.1,123,11.9,2018,11,9
Toscana Bugia 2015,Italy,Toscana,Bibi Graetz,3.8,123,38.89,2015,38,89
Chardonnay Kreuth 2018,Italy,Südtirol - Alto Adige,Terlan (Terlano),4.0,123,16.39,2018,16,39
Ürziger Würzgarten Riesling Spätlese 2015,Germany,Mosel,Markus Molitor,4.0,123,20.95,2015,20,95
Kiedricher Riesling Trocken 2017,Germany,Rheingau,Robert Weil,3.9,123,17.9,2017,17,9
Chardonnay 2017,Chile,Central Valley,Viña Maipo,3.3,123,9.9,2017,9,9
Mineral Riesling Trocken 2016,Germany,Nahe,Emrich-Schönleber,3.9,123,15.95,2016,15,95
Catarratto 2018,Italy,Terre Siciliane,Baglio di Pianetto,3.7,124,8.45,2018,8,45
Allnatt Vieilles Vignes Chardonnay 2018,France,Pays d'Oc,Paul Mas,4.1,124,11.25,2018,11,25
Chenin Blanc (Steen op Hout) 2018,South Africa,Stellenbosch,Mulderbosch,3.5,124,10.5,2018,10,5
Johannishof Riesling Trocken 2016,Germany,Pfalz,Knipser,3.7,124,9.39,2016,9,39
Molino a Vento Grillo 2018,Italy,Terre Siciliane,Tenute Orestiadi,3.6,124,5.74,2018,5,74
Pinot Grigio 2019,Italy,delle Venezie,Zenato,3.6,124,5.35,2019,5,35
Sauvignon Blanc 2018,Australia,South Australia,Oxford Landing,3.2,124,7.9,2018,7,9
L'Esprit de l'Horizon Blanc 2015,France,Côtes Catalanes,Domaine de l'Horizon,3.9,125,17.45,2015,17,45
Chenin Blanc 2018,South Africa,Western Cape,Oude Kaap,3.2,125,3.74,2018,3,74
Villa Gemma Colline Teatine Bianco 2018,Italy,Colline Teatine,Masciarelli,3.6,125,10.09,2018,10,09
Brauneberger Juffer Riesling Kabinett 2016,Germany,Brauneberg,Schloss Lieser,3.8,125,14.5,2016,14,5
Ficiligno Viognier - Inzolia 2018,Italy,Terre Siciliane,Baglio di Pianetto,4.0,125,10.63,2018,10,63
Chardonnay (Padstal) 2017,South Africa,Coastal Region,MAN,3.4,125,7.19,2017,7,19
Santagostino Baglio Sorìa White 2018,Italy,Terre Siciliane,Firriato,3.7,125,12.4,2018,12,4
Chardonnay Toscana Il Marzocco 2018,Italy,Toscana,Avignonesi,3.9,126,28.18,2018,28,18
Pinot Bianco 2018,Italy,Südtirol - Alto Adige,Alois Lageder,3.7,126,9.7,2018,9,7
Scharzhofberger Riesling Auslese 2015,Germany,Wiltingen,Egon Müller - Scharzhof,4.5,126,355.8,2015,355,8
Villa Angela Passerina Marche 2018,Italy,Marche,Velenosi,3.6,126,7.49,2018,7,49
Gewürztraminer 2016,France,Alsace,Cleebourg,3.9,126,11.89,2016,11,89
Halenberg Riesling GG 2016,Germany,Nahe,Emrich-Schönleber,4.3,127,44.0,2016,44
Königsbacher Ölberg Riesling 2017,Germany,Pfalz,Von Winning,4.0,127,19.45,2017,19,45
Puiten Pinot Grigio 2017,Italy,Südtirol - Alto Adige,Colterenzio (Schreckbichl),3.6,127,12.62,2017,12,62
Ried Steinriegl Sauvignon Blanc 2017,Austria,Südsteiermark,Wohlmuth,3.9,127,22.22,2017,22,22
'Rosso & Bianco' Chardonnay 2016,United States,California,Francis Ford Coppola,3.7,127,17.5,2016,17,5
Douro Fabelhaft Branco 2018,Portugal,Douro,Niepoort,3.2,127,8.59,2018,8,59
Iselis Bianco 2018,Italy,Isola dei Nuraghi,Argiolas,3.9,127,11.25,2018,11,25
The Site Chardonnay 2015,South Africa,Robertson,De Wetshof,4.1,127,24.24,2015,24,24
Les Maranches Mâcon-Uchizy 2015,France,Mâcon-Uchizy,Les Héritiers du Comte Lafon,3.9,127,25.9,2015,25,9
Meio Queijo Douro Branco 2018,Portugal,Douro,Churchill's,3.6,127,8.32,2018,8,32
Kirchspiel Riesling GG 2012,Germany,Rheinhessen,Keller,4.6,127,179.0,2012,179
Big Easy White 2018,South Africa,Western Cape,Ernie Els,3.6,127,9.98,2018,9,98
Reserva Sauvignon Blanc 2018,Chile,Central Valley,Caliterra,3.5,128,6.03,2018,6,03
Wehlener Klosterberg Riesling Kabinett 2015,Germany,Mosel,Markus Molitor,3.8,128,15.95,2015,15,95
Nosiola Fontanasanta 2018,Italy,Vigneti delle Dolomiti,Foradori,3.7,128,28.07,2018,28,07
Tenuta Regaleali Chardonnay Vigna San Francesco 2017,Italy,Contea di Sclafani,Tasca d'Almerita,4.2,128,29.0,2017,29
Sauvignon Blanc 2019,South Africa,Western Cape,Golden Kaan,3.5,128,5.79,2019,5,79
Sauvignon Blanc 2017,New Zealand,Marlborough,Clos Henri Vineyard,3.7,128,22.7,2017,22,7
Riesling Trocken 2016,Germany,Nahe,Emrich-Schönleber,3.8,128,12.95,2016,12,95
Koonunga Hill Chardonnay 2019,Australia,South Australia,Penfolds,3.3,128,9.49,2019,9,49
Riesling Federspiel Himmelstiege 2018,Austria,Wachau,Domäne Wachau,3.4,128,11.13,2018,11,13
Henry Greuzard Mâcon la Roche Vineuse 2018,France,Mâcon-La Roche-Vineuse,Château de la Greffière,4.0,129,8.72,2018,8,72
Chardonnay 2018,South Africa,Stellenbosch,Zonnebloem,3.3,129,7.63,2018,7,63
Sancerre Les Caillottes Blanc 2018,France,Sancerre,Pascal Jolivet,4.0,129,27.11,2018,27,11
Chenin Blanc 2019,South Africa,Western Cape,Leopard’s Leap,3.5,129,7.49,2019,7,49
Is Argiolas Vermentino di Sardegna 2019,Italy,Vermentino di Sardegna,Argiolas,3.9,129,10.7,2019,10,7
Danie de Wet Chardonnay 2019,South Africa,Robertson,De Wetshof,3.7,129,5.4,2019,5,4
1791 Sauvignon Blanc 2019,South Africa,Western Cape,Nederburg,3.7,129,6.97,2019,6,97
Chenin Blanc 2019,South Africa,Western Cape,Oude Kaap,3.4,129,4.5,2019,4,5
Riesling Classic 2018,France,Alsace,Bestheim,3.6,129,8.65,2018,8,65
Torricella 2017,Italy,Toscana,Ricasoli,3.8,130,14.95,2017,14,95
The River Garden Sauvignon Blanc 2018,South Africa,Western Cape,Lourensford,3.6,130,7.94,2018,7,94
Chablis 2017,France,Chablis,Domaine des Genèves,3.8,130,12.43,2017,12,43
Les Princes Abbés Gewürztraminer Alsace 2017,France,Alsace,Domaines Schlumberger,3.9,130,15.5,2017,15,5
Riesling Trocken 2017,Germany,Rheinhessen,Knewitz,3.6,130,9.99,2017,9,99
Riesling Hochheimer Hölle Kabinett Trocken 2017,Germany,Rheingau,Künstler,3.9,130,12.89,2017,12,89
Siefersheim Porphyr Riesling 2017,Germany,Rheinhessen,Wagner-Stempel,3.8,131,19.89,2017,19,89
Sauvignon Blanc 2019,South Africa,Western Cape,Leopard’s Leap,3.5,131,7.23,2019,7,23
Riesling 2018,Germany,Pfalz,Schneider,3.8,131,12.0,2018,12
Ribolla Gialla 2016,Italy,Colli Orientali del Friuli,Torre Rosazza,3.7,131,14.2,2016,14,2
La Cala Vermentino di Sardegna 2019,Italy,Vermentino di Sardegna,Sella & Mosca,3.5,131,7.49,2019,7,49
Hidden Treasures NR3 Riesling - Furmint 2017,Hungary,Balaton,Moric,3.7,131,16.0,2017,16
Pur Müller-Thurgau 2018,Germany,Baden,Enderle & Moll,4.1,131,13.15,2018,13,15
Bourgogne Chardonnay 2017,France,Bourgogne,Laroche,3.7,132,13.58,2017,13,58
Novas Gran Reserva Sauvignon Blanc 2017,Chile,San Antonio Valley,Emiliana,3.5,132,10.5,2017,10,5
Riesling Trocken 2017,Germany,Nahe,Schäfer-Fröhlich,3.8,132,10.63,2017,10,63
Loibner Burgstall Riesling Federspiel 2016,Austria,Wachau,F.X. Pichler,3.8,132,25.0,2016,25
Treu Federspiel Grüner Veltliner 2018,Austria,Wachau,Weinhofmeisterei Mathias Hirtzberger,3.9,132,19.01,2018,19,01
Manna Schweizer 2018,Italy,Südtirol - Alto Adige,Franz Haas,4.2,132,23.9,2018,23,9
Vernaccia di San Gimignano 2017,Italy,Vernaccia di San Gimignano,Castello Montaùto,3.7,132,10.93,2017,10,93
Single Estate Selected White 2014,Portugal,Alentejo,Azamor,3.9,132,12.48,2014,12,48
Fumé Sauvignon Blanc 2018,Germany,Pfalz,Oliver Zeter,4.2,132,16.52,2018,16,52
Westhofener Riesling Trocken 2017,Germany,Rheinhessen,Wittmann,3.9,132,19.9,2017,19,9
Les Tourelles de la Crée Montagny Premier Cru 2015,France,Montagny Premier Cru,Château de la Crée,3.9,132,43.28,2015,43,28
Platin Riesling 2018,Austria,Kamptal,Jurtschitsch,3.7,133,10.63,2018,10,63
La Manina 2018,Italy,Südtirol - Alto Adige,Manincor,3.7,133,11.02,2018,11,02
Pinot Gris 2016,United States,Russian River Valley,MacMurray,3.8,133,17.42,2016,17,42
The Wine Cuvée Weiss 2017,Austria,Burgenland,Scheiblhofer,3.7,133,12.19,2017,12,19
Sharis 2019,Italy,delle Venezie,Livio Felluga,3.9,133,12.5,2019,12,5
Sauvignon Blanc 2019,Chile,Central Valley,Frontera,3.3,133,5.65,2019,5,65
Edmond Sancerre 2016,France,Sancerre,Alphonse Mellot,4.2,133,43.82,2016,43,82
Chardonnay delle Venezie 2018,Italy,delle Venezie,Corte Giara,3.6,133,5.85,2018,5,85
Aulerde Riesling GG 2015,Germany,Rheinhessen,Wittmann,4.2,134,36.95,2015,36,95
Charta Riesling 2018,Germany,Rheingau,Johannishof,3.9,134,11.48,2018,11,48
Saint Peray Version 2016,France,Saint-Péray,Francois Villard,3.9,134,20.0,2016,20
Mantele Sauvignon 2017,Italy,Südtirol - Alto Adige,Nals Margreid,4.0,134,17.7,2017,17,7
Arneis Langhe Blangé 2019,Italy,Langhe,Ceretto,4.1,134,16.47,2019,16,47
Riesling Alsace Grand Cru 'Saering' 2017,France,Alsace Grand Cru,Domaines Schlumberger,3.9,134,19.4,2017,19,4
Primo Bianco 2019,Italy,Vermentino di Sardegna,Mesa,3.5,134,8.49,2019,8,49
Hirschvergnügen Grüner Veltliner 2018,Austria,Kamptal,Hirsch,3.7,134,9.44,2018,9,44
Ürziger Würzgarten Riesling Kabinett 2016,Germany,Mosel,Karl Erbes,3.9,135,9.0,2016,9
Vignealte Soave Classico 2018,Italy,Soave Classico,Zeni,3.8,135,6.7,2018,6,7
Rovereto Gavi 2018,Italy,Gavi,Picollo Ernesto,4.0,135,9.99,2018,9,99
Balbino Vermentino di Maremma Toscana 2018,Italy,Maremma Toscana,Terenzi,3.8,135,10.5,2018,10,5
Vermentino di Sardegna 2019,Italy,Vermentino di Sardegna,Sella & Mosca,3.4,135,6.78,2019,6,78
Riesling Trocken 2018,Germany,Rheingau,Schloss Vollrads,3.8,135,10.18,2018,10,18
Chardonnay 2018,Australia,Riverina,Richland,3.2,135,9.96,2018,9,96
Tutti Frutti Blanc 2018,France,Pays d'Oc,Arrogant Frog,3.9,135,5.36,2018,5,36
Silvaner Trocken 2016,Germany,Rheinhessen,Wittmann,3.6,136,9.09,2016,9,09
Vom Vulkan 2016,Germany,Nahe,Gut Hermannsberg,3.8,136,12.9,2016,12,9
Chardonnay 2018,Italy,Südtirol - Alto Adige,Cantina Kaltern,3.6,136,9.9,2018,9,9
White Label Nik Weis Saarfeilser GG 2016,Germany,Leiwen,St. Urbans-Hof,4.3,136,27.5,2016,27,5
Steinriesler 2004,Austria,Wachau,Nikolaihof,4.0,136,49.0,2004,49
Geheimrat J Riesling Trocken 2015,Germany,Rheingau,Weingüter Wegeler,4.0,136,26.89,2015,26,89
Bon Vallon Chardonnay 2019,South Africa,Robertson,De Wetshof,3.8,136,11.2,2019,11,2
Suade Sauvignon Blanc 2018,Italy,delle Venezie,Astoria,4.1,136,9.99,2018,9,99
Classic White Blend 2018,South Africa,Western Cape,Roodeberg,3.5,136,8.32,2018,8,32
Fonte da Serrana Branco 2018,Portugal,Alentejano,Monte da Ravasqueira,3.6,137,5.98,2018,5,98
Chardonnay Bourgogne 2015,France,Bourgogne,Ropiteau Freres,3.8,137,15.95,2015,15,95
Viognier 2016,Israel,Galilee,Yarden,3.9,137,10.5,2016,10,5
Nussberg Wiener Gemischter Satz 2018,Austria,Wiener Gemischter Satz,Wieninger,3.9,137,21.2,2018,21,2
Venezia Giulia Confini 2015,Italy,Venezia Giulia,Lis Neris,4.2,138,37.9,2015,37,9
White Lady 2018,South Africa,Stellenbosch,Warwick,4.2,138,26.9,2018,26,9
Fiano 2018,Italy,Puglia,Epicuro,3.5,138,10.99,2018,10,99
Chremisa Edition Grüner Veltliner 2018,Austria,Kremstal,Winzer Krems,3.8,138,13.5,2018,13,5
Wachenheimer Riesling 2018,Germany,Pfalz,Dr. Bürklin-Wolf,3.9,138,14.9,2018,14,9
Sauvignon Blanc 500 2011,Germany,Pfalz,Von Winning,4.3,139,59.0,2011,59
Single Vineyard Chardonnay 2017,South Africa,Stellenbosch,Waterford Estate,3.9,139,19.95,2017,19,95
Grande Réserve Sancerre Blanc 2019,France,Sancerre,Henri Bourgeois,3.9,139,29.05,2019,29,05
Domaine de Saint-Pierre Sancerre Blanc 2018,France,Sancerre,Domaine Pierre Prieur & Fils,3.9,139,16.0,2018,16
Petite Arvine 2017,Italy,Valle d'Aosta,Ottin - Viticulteur Encaveur,4.0,139,18.9,2017,18,9
Ampelio Chardonnay Langhe 2016,Italy,Langhe,Fontanafredda,3.9,139,12.08,2016,12,08
Wiener Gemischter Satz 2014,Austria,Wiener Gemischter Satz,Wieninger,3.4,139,10.3,2014,10,3
Promised Land Unwooded Chardonnay 2017,Australia,South Australia,Taylors / Wakefield,3.5,140,8.83,2017,8,83
Zeltinger Himmelreich Riesling Kabinett 2015,Germany,Mosel,Markus Molitor,3.9,140,16.95,2015,16,95
Branco 2018,Portugal,Lisboa,Quinta da Espiga,3.4,140,4.95,2018,4,95
Le Classique Chablis 2016,France,Chablis,Pascal Bouchard,3.7,140,17.9,2016,17,9
Chardonnay Reserva 2018,Chile,Casablanca Valley,Casas del Bosque,3.9,140,9.95,2018,9,95
Marsanne 2017,France,Languedoc-Roussillon,Paul Mas,3.6,141,5.74,2017,5,74
21 Gables Chenin Blanc 2018,South Africa,Stellenbosch,Spier,4.3,141,19.5,2018,19,5
Sauvignon Blanc II 2019,Germany,Pfalz,Von Winning,3.9,141,10.5,2019,10,5
Emilio Primo Bianco 2018,Italy,Toscana,Terre del Marchesato,3.7,141,13.5,2018,13,5
Gewürztraminer 2018,Italy,Südtirol - Alto Adige,Peter Zemmer,3.9,141,12.9,2018,12,9
Chardonnay (Barrel Fermented) 2017,South Africa,Breede River Valley,Bergsig Estate,3.8,142,13.75,2017,13,75
Douro Branco 2017,Portugal,Douro,Lavradores de Feitoria,3.5,142,4.95,2017,4,95
Rully Blanc 2018,France,Rully,Joseph Drouhin,3.9,143,19.02,2018,19,02
Chardonnay (Unwooded) 2019,South Africa,Western Cape,Leopard’s Leap,3.8,143,7.2,2019,7,2
Pinot Grigio 2018,United States,California,Gallo Family Vineyards,3.2,143,6.3,2018,6,3
Kiedricher Riesling Trocken 2018,Germany,Rheingau,Robert Weil,4.0,143,17.5,2018,17,5
Chardonnay Bourgogne 2018,France,Bourgogne,Labouré-Roi,3.6,143,12.99,2018,12,99
Alteni di Brassica Langhe 2016,Italy,Langhe,Gaja,4.2,143,109.0,2016,109
Castello della Sala Bramìto Chardonnay 2019,Italy,Umbria,Antinori,3.9,143,18.85,2019,18,85
Sauvignon Blanc 2017,Israel,Galilee,Gamla,3.7,143,12.81,2017,12,81
Les Maranches Mâcon-Uchizy 2014,France,Mâcon-Uchizy,Les Héritiers du Comte Lafon,3.7,143,31.18,2014,31,18
Sauvignon Blanc 2015,Italy,Venezia Giulia,di Lenardo,3.7,143,9.69,2015,9,69
Brezza Umbria Bianco 2019,Italy,Umbria,Lungarotti,4.1,143,6.13,2019,6,13
Riesling Smaragd Achleiten 2018,Austria,Wachau,Domäne Wachau,4.2,144,26.18,2018,26,18
Vernaccia di San Gimignano Riserva 2012,Italy,Vernaccia di San Gimignano,Panizzi,4.0,144,19.4,2012,19,4
Riesling Trocken 2018,Germany,Pfalz,Heinrich Vollmer,3.4,144,5.52,2018,5,52
Abbazia di Rosazzo 2013,Italy,Friuli-Venezia Giulia,Livio Felluga,4.1,144,38.92,2013,38,92
Riesling Trocken 2018,Germany,Mosel,Dr. Loosen,3.8,144,8.5,2018,8,5
Schiefergestein Bockenauer Riesling Trocken 2016,Germany,Nahe,Schäfer-Fröhlich,3.9,145,19.11,2016,19,11
Essence du Cap Chardonnay 2017,South Africa,Western Cape,Fleur du Cap,3.3,145,11.02,2017,11,02
Pievecroce 2017,Italy,Lugana,Costaripa,3.7,145,11.9,2017,11,9
Pietragrande Bianco 2018,Italy,Trentino,Tenuta Margon,3.7,145,10.99,2018,10,99
Pecan Stream Chenin Blanc 2018,South Africa,Stellenbosch,Waterford Estate,3.7,146,9.9,2018,9,9
Chablis Premier Cru 'Vau de Vey' 2017,France,Chablis 1er Cru 'Vau de Vey',Jean-Marc Brocard,4.1,146,29.55,2017,29,55
Puligny-Montrachet 2015,France,Puligny-Montrachet,Faiveley,4.2,146,58.9,2015,58,9
Collio Sauvignon 2016,Italy,Collio,Schiopetto,3.9,146,17.9,2016,17,9
Catarratto 2017,Italy,Sicilia,Cusumano,3.4,146,6.62,2017,6,62
Siefersheim Porphyr Riesling 2016,Germany,Rheinhessen,Wagner-Stempel,3.8,146,20.88,2016,20,88
Grauburgunder 2019,Germany,Pfalz,Schneider,4.0,146,10.9,2019,10,9
Châteauneuf-du-Pape Blanc 2016,France,Châteauneuf-du-Pape,Domaine de Beaurenard,4.0,147,49.0,2016,49
Sémillon 2015,South Africa,Franschhoek,Boekenhoutskloof,3.9,147,36.11,2015,36,11
Grillo Sicilia 2019,Italy,Sicilia,Feudo Arancio,3.6,147,5.75,2019,5,75
Sauvignon Blanc 2018,United States,Rutherford,Round Pond Estate,4.1,147,27.29,2018,27,29
Chardonnay Leithaberg 2013,Austria,Neusiedlersee-Hügelland,Heinrich,3.6,147,12.0,2013,12
Ruppertsberger Reiterpfad Riesling 2015,Germany,Pfalz,Von Winning,4.1,147,20.95,2015,20,95
Weissburgunder 2017,Italy,Südtirol - Alto Adige,Colterenzio (Schreckbichl),3.8,147,9.21,2017,9,21
Chardonnay Sicilia 2017,Italy,Sicilia,Feudo Arancio,3.4,147,7.44,2017,7,44
Sancerre Blanc 2018,France,Sancerre,Château de Sancerre,4.0,148,20.36,2018,20,36
Sauvignon Blanc 2019,New Zealand,Marlborough,Babich,3.9,148,10.63,2019,10,63
Lugana 2019,Italy,Lugana,Cà Maiol,3.6,148,9.75,2019,9,75
Falanghina Irpinia Morabianca 2018,Italy,Irpinia,Mastroberardino,3.8,148,9.52,2018,9,52
Saulheimer Riesling Kalkstein 2016,Germany,Rheinhessen,Thörle,3.9,148,12.18,2016,12,18
The King's Favour Sauvignon Blanc 2016,New Zealand,Marlborough,The Kings Series,4.1,148,28.4,2016,28,4
Chardonnay 2015,United States,Washington,Stimson Estate Cellars,3.4,148,8.99,2015,8,99
Brauneberger Juffer Riesling Kabinett 2018,Germany,Brauneberg,Fritz Haag,3.9,149,15.2,2018,15,2
Dão Reserva Branco 2018,Portugal,Dão,Cabriz,3.8,149,12.3,2018,12,3
Trabocchetto Pecorino 2018,Italy,Colline Pescaresi,Talamonti,4.0,149,10.35,2018,10,35
Exultet Fiano di Avellino 2014,Italy,Fiano de Avellino,Quintodecimo,4.1,149,37.83,2014,37,83
Biancosesto 2013,Italy,Colli Orientali del Friuli,La Tunella,3.9,150,19.49,2013,19,49
Clos Mireille Blanc de Blancs 2018,France,Côtes de Provence,Domaines Ott,4.0,150,27.5,2018,27,5
Classic Gewürztraminer 2016,France,Alsace,Hugel,3.7,150,14.75,2016,14,75
Bourgogne Aligoté 2016,France,Bourgogne Aligoté,Olivier Leflaive,3.8,150,14.5,2016,14,5
Barrel Selection Chardonnay 2019,Argentina,Uco Valley,Salentein,3.9,150,12.9,2019,12,9
Dão Colheita Seleccionada White 2019,Portugal,Dão,Cabriz,3.8,150,7.27,2019,7,27
Coste a Preola Grillo 2018,Italy,Sicilia,Tenuta Gorghi Tondi,4.0,150,8.72,2018,8,72
Chardonnay 2018,South Africa,Durbanville,Durbanville Hills,3.5,151,18.19,2018,18,19
Podfuck 2016,Czech Republic,Morava,Milan Nestarec,4.0,151,28.9,2016,28,9
Les Chailloux Silex Pouilly-Fumé 2016,France,Pouilly-Fumé,Domaine Chatelain,3.8,151,14.1,2016,14,1
Chardonnay 2015,South Africa,Stellenbosch,Thelema,3.7,152,15.95,2015,15,95
Pošip 2018,Croatia,Dalmatian Coast,Stina,4.2,152,22.2,2018,22,2
Pouco-Comum Alvarinho 2019,Portugal,Minho,Quinta da Lixa,3.8,152,10.47,2019,10,47
Vinho Verde 2019,Portugal,Vinho Verde,Casa de Vila Nova,3.7,152,5.16,2019,5,16
Vinho Verde Branco 2019,Portugal,Vinho Verde,Quinta de Azevedo,3.7,152,7.06,2019,7,06
Pinot Grigio delle Venezie 2019,Italy,delle Venezie,Bolla,3.5,153,5.99,2019,5,99
Max Reserva Sauvignon Blanc 2016,Chile,Aconcagua Valley,Errazuriz,3.7,153,14.9,2016,14,9
Welschriesling Trocken 2017,Austria,Burgenland,Kracher,3.7,153,11.99,2017,11,99
Sauvignon Blanc 2019,South Africa,Stellenbosch,Rustenberg,3.8,153,12.5,2019,12,5
Fiano Salento Acante 2018,Italy,Salento,Castello Monaci,3.9,153,7.2,2018,7,2
San Vincenzo 2019,Italy,Veneto,Anselmi,4.0,153,9.6,2019,9,6
Gewürztraminer 2019,Italy,Südtirol - Alto Adige,Elena Walch,4.0,153,17.35,2019,17,35
Alentejano Reserva Branco 2016,Portugal,Alentejano,Herdade dos Grous,4.1,153,24.37,2016,24,37
Goldberg Riesling 2015,Germany,Wawern,Van Volxem,3.9,154,26.95,2015,26,95
Petit Clos Sauvignon Blanc 2018,New Zealand,Marlborough,Clos Henri Vineyard,3.6,154,12.2,2018,12,2
Unwooded Chardonnay 2017,South Africa,Durbanville,Diemersdal,3.6,154,10.75,2017,10,75
Chante-Alouette Hermitage Blanc 2017,France,Hermitage,M. Chapoutier,4.3,154,58.1,2017,58,1
Rheinschiefer Hallgarten Riesling Trocken 2016,Germany,Rheingau,Peter Jakob Kühn,3.8,154,15.1,2016,15,1
Jacobus Riesling Trocken 2018,Germany,Rheingau,Peter Jakob Kühn,3.8,155,12.18,2018,12,18
Quarzit Riesling Trocken 2017,Germany,Rheingau,Peter Jakob Kühn,4.0,155,17.06,2017,17,06
Signature Chardonnay 2019,South Africa,Stellenbosch,Spier,3.6,155,6.95,2019,6,95
Riesling Trocken 2018,Germany,Rheinhessen,Knewitz,3.5,155,8.64,2018,8,64
Falanghina 2019,Italy,Falanghina del Sannio,Feudi di San Gregorio,3.6,155,9.24,2019,9,24
Alb de Petro Vaselo 2017,Romania,Recas,Petro Vaselo,3.8,155,9.5,2017,9,5
Bourgogne Chardonnay 2017,France,Bourgogne,Faiveley,3.8,155,13.9,2017,13,9
Les Fumées Blanches 2019,France,Vin de France,François Lurton,3.5,155,7.89,2019,7,89
Clos du Papillon Savennières 2015,France,Savennières,Domaine du Closel - Château des Vaults,4.0,155,67.45,2015,67,45
Critone Bianco 2019,Italy,Val di Neto,Librandi,4.0,156,7.9,2019,7,9
Hohen-Sülzen Riesling 2018,Germany,Rheinhessen,Battenfeld Spanier,3.9,156,17.5,2018,17,5
Grillo Costadune 2018,Italy,Sicilia,Mandrarossa,3.5,156,6.0,2018,6
L'Églantière Chablis 2018,France,Chablis,Jean Durup,3.9,156,16.46,2018,16,46
Chablis 1er Cru 'Montee de Tonnerre' 2016,France,Chablis 1er Cru 'Montee de Tonnerre',Billaud-Simon,4.1,156,42.8,2016,42,8
SL Riesling Trocken 2018,Germany,Mosel,Schloss Lieser,3.8,156,8.4,2018,8,4
Sinais Sauvignon Blanc 2016,Brazil,Serra Gaúcha,Don Guerino,3.4,156,11.65,2016,11,65
Gavi 2019,Italy,Gavi,La Battistina,3.8,156,11.99,2019,11,99
Génération Dix-Neuf Sancerre 2013,France,Sancerre,Alphonse Mellot,4.1,156,38.89,2013,38,89
Dalila Riserva 2016,Italy,Sicilia,Feudo Arancio,3.8,157,9.12,2016,9,12
Greco Di Tufo 2019,Italy,Greco di Tufo,Feudi di San Gregorio,3.8,157,11.45,2019,11,45
Estate Chardonnay 2018,Australia,Clare Valley,Taylors / Wakefield,3.9,157,9.5,2018,9,5
Bechtheimer Riesling 2015,Germany,Rheinhessen,Dreissigacker,3.9,157,18.0,2015,18
Sauvignon Blanc 2018,United States,Russian River Valley,Merry Edwards,4.5,157,60.19,2018,60,19
Armador Sauvignon Blanc 2018,Chile,Casablanca Valley,Odfjell,3.6,157,9.85,2018,9,85
Etna Santo Spirito Bianco 2017,Italy,Etna,Tenuta delle Terre Nere,3.9,158,31.63,2017,31,63
Vieilles Vignes Châteauneuf-du-Pape Blanc 2014,France,Châteauneuf-du-Pape,Château de Beaucastel,4.6,158,135.5,2014,135,5
Director's Chardonnay 2017,United States,Sonoma Coast,Francis Ford Coppola,3.8,158,17.5,2017,17,5
Canava Chrissou Tselepos Santorini Vieilles Vignes 2017,Greece,Santorini,Κτημα Τσελεπου (Ktima Tselepos),4.1,158,29.5,2017,29,5
Les Maranches Mâcon-Uchizy 2016,France,Mâcon-Uchizy,Les Héritiers du Comte Lafon,3.8,158,25.9,2016,25,9
Alteni di Brassica Langhe 2014,Italy,Langhe,Gaja,4.2,158,95.06,2014,95,06
Chenin Blanc (La Cotte Mill) 2018,South Africa,Franschhoek,Franschhoek Cellar,3.4,158,6.95,2018,6,95
Einstern Pinot Blanc 2015,Germany,Mosel,Markus Molitor,4.0,159,18.95,2015,18,95
Therese Sauvignon Blanc 2017,Austria,Südsteiermark,Weingut Erich & Walter Polz,4.1,159,27.5,2017,27,5
Sauvignon Blanc 2019,South Africa,Walker Bay,Creation,3.9,159,11.99,2019,11,99
Chardonnay - Fiano 2018,Italy,Puglia,Epicuro,3.4,159,6.89,2018,6,89
Unwooded Chardonnay 2019,South Africa,Durbanville,Diemersdal,3.5,159,9.9,2019,9,9
Pouilly-Fuissé 2018,France,Pouilly-Fuissé,Joseph Drouhin,3.9,159,22.32,2018,22,32
Sauvignon Blanc 2018,Germany,Rheinhessen,Knewitz,4.0,159,10.88,2018,10,88
Trebbiano d'Abruzzo 2015,Italy,Trebbiano d'Abruzzo,Valentini,4.4,159,121.25,2015,121,25
Goldberg Riesling 2016,Germany,Wawern,Van Volxem,4.0,160,26.47,2016,26,47
Chardonnay 2018,United States,California,Canyon Road,3.3,160,6.21,2018,6,21
Chenin Blanc 2019,South Africa,Stellenbosch,Welmoed,3.5,160,6.3,2019,6,3
Spring Fever Chardonnay 2017,Australia,Eden Valley,Langmeil,3.8,160,12.19,2017,12,19
Crescentia Rauenthaler Baiken Riesling Trocken 2018,Germany,Rheingau,Kloster Eberbach,3.9,160,16.09,2018,16,09
Chassagne-Montrachet Blanc 2014,France,Chassagne-Montrachet,Domaine Michel Niellon,4.1,160,49.95,2014,49,95
Cellar Selection Sauvignon Blanc 2019,New Zealand,Marlborough,Villa Maria,3.9,160,14.99,2019,14,99
Just Riesling! 2018,Germany,Nahe,Gut Hermannsberg,3.7,160,8.9,2018,8,9
Sauvignon Blanc 2017,United States,Central Coast,Robert Mondavi Private Selection,3.6,160,11.99,2017,11,99
Prestige Blanc 2018,France,Côtes de Provence,Minuty,4.1,160,20.99,2018,20,99
Paradies Lieblingssünde Grauburgunder 2018,Germany,Pfalz,J. W. Huesgen,3.8,161,9.24,2018,9,24
Sauvignon Blanc 2018,Italy,Friuli-Venezia Giulia,Attems,3.8,161,13.71,2018,13,71
Pouilly-Vinzelles 2017,France,Pouilly-Vinzelles,Joseph Drouhin,3.8,161,19.39,2017,19,39
Sauvignon Blanc 2017,United States,California,Gallo Family Vineyards,3.3,161,6.31,2017,6,31
Lafóa Sauvignon 2018,Italy,Südtirol - Alto Adige,Colterenzio (Schreckbichl),4.1,161,23.88,2018,23,88
Pecorino (Unico) 2019,Italy,Terre di Chieti,Tenuta Ulisse,3.9,161,8.72,2019,8,72
Heytesbury Chardonnay 2017,Australia,Margaret River,Vasse Felix,4.1,161,65.79,2017,65,79
Pinot Grigio 2015,Italy,Südtirol - Alto Adige,Kurtatsch (Cortaccia),3.5,161,11.02,2015,11,02
Chardonnay 2018,South Africa,Paarl,La Motte Wine Estate,3.6,161,13.99,2018,13,99
Mâcon-Lugny Les Genievres 2018,France,Mâcon-Lugny,Louis Latour,3.9,162,10.63,2018,10,63
Beaune 1er Cru 'Clos des Mouches' Blanc 2016,France,Beaune 1er Cru 'Le Clos des Mouches',Joseph Drouhin,4.5,162,129.0,2016,129
Riesling Trocken 2016,Germany,Nahe,Schäfer-Fröhlich,3.8,162,10.93,2016,10,93
Viognier 2018,Argentina,Uco Valley,DiamAndes,3.9,162,15.99,2018,15,99
Riesling 2017,France,Alsace,Marcel Deiss,3.8,162,23.9,2017,23,9
Noon Gun Chenin Blanc - Sauvignon Blanc - Viognier 2016,South Africa,Western Cape,Flagstone,3.6,162,7.6,2016,7,6
Custoza 2018,Italy,Bianco di Custoza,Gorgo,3.9,162,7.9,2018,7,9
Via Colțul Pietrei Sauvignon Blanc 2017,Romania,Dealu Mare,Vitis Metamorfosis,4.0,162,11.5,2017,11,5
Condrieu Invitare 2017,France,Condrieu,M. Chapoutier,4.1,162,47.37,2017,47,37
Riesling Trocken 2018,Germany,Pfalz,Dr. Bürklin-Wolf,3.7,163,10.46,2018,10,46
Sauvignon Blanc 2019,New Zealand,Marlborough,Misty Cove,3.8,163,9.25,2019,9,25
Sauvignon Blanc 2019,New Zealand,Marlborough,Fernlands,4.3,163,9.2,2019,9,2
Châteauneuf-du-Pape Blanc 2017,France,Châteauneuf-du-Pape,Château de Beaucastel,4.3,163,73.11,2017,73,11
Sauvignon Blanc 2018,United States,California,Gallo Family Vineyards,3.5,164,6.3,2018,6,3
Riesling - Muscat - Pinot Gris Alsace (W)3 2016,France,Alsace,Wolfberger,3.7,164,8.28,2016,8,28
Terramatter Alvarinho 2017,Portugal,Monção e Melgaço,Soalheiro,4.0,164,18.03,2017,18,03
Colle dei Tigli Bianco del Veneto 2019,Italy,Veneto,Lenotti,3.9,164,5.1,2019,5,1
Cuvée Dalis 2018,Italy,Vigneti delle Dolomiti,Endrizzi,3.9,164,8.72,2018,8,72
Alteni di Brassica Langhe 2015,Italy,Langhe,Gaja,4.4,165,95.06,2015,95,06
Pinot Grigio 2018,United States,Napa Valley,Barefoot,3.5,165,6.0,2018,6
Chardonnay 2019,South Africa,Stellenbosch,Zonnebloem,3.3,165,7.85,2019,7,85
Sauvignon Blanc 2018,South Africa,Stellenbosch,Thelema,3.6,165,12.45,2018,12,45
Caroline Graves 2011,France,Graves,Château de Chantegrive,3.8,165,23.0,2011,23
Sauvignon Blanc I 2016,Germany,Pfalz,Von Winning,3.9,165,19.45,2016,19,45
Ürziger Würzgarten Riesling Kabinett 2016,Germany,Mosel,Markus Molitor,3.9,165,15.4,2016,15,4
Chardonnay 2018,France,Pays d'Oc,Domaines Astruc,3.7,165,6.5,2018,6,5
Viognier Secret de Famille 2018,France,Rhone Valley,Paul Jaboulet Aîné,3.8,166,9.3,2018,9,3
Greco di Tufo 2018,Italy,Greco di Tufo,Vesevo,3.8,166,9.25,2018,9,25
Clos Sainte Hune Riesling Alsace 2012,France,Alsace,Trimbach,4.5,166,193.03,2012,193,03
Aile d'Argent Blanc Bordeaux 2016,France,Bordeaux,Château Mouton Rothschild,4.1,166,100.0,2016,100
Heytesbury Chardonnay 2016,Australia,Margaret River,Vasse Felix,4.2,166,72.73,2016,72,73
Vigne di Catullo Riserva Lugana 2015,Italy,Lugana,Roveglia,4.1,167,15.69,2015,15,69
Forte Alto Pinot Grigio 2019,Italy,Vigneti delle Dolomiti,Mezzacorona,3.9,167,4.4,2019,4,4
Malterdinger 2017,Germany,Baden,Bernhard Huber,4.0,167,18.0,2017,18
Diamond Collection Chardonnay (Gold Label) 2018,United States,Central Coast,Francis Ford Coppola,3.7,167,18.9,2018,18,9
Lafóa Chardonnay 2018,Italy,Südtirol - Alto Adige,Colterenzio (Schreckbichl),4.3,167,24.27,2018,24,27
Pierneef Collection Sauvignon Blanc 2018,South Africa,Franschhoek,La Motte Wine Estate,3.7,167,14.95,2018,14,95
Rabigato 2016,Portugal,Douro,CARM,3.8,168,14.52,2016,14,52
Sauvignon Blanc Trocken 2016,Germany,Pfalz,Knipser,3.7,168,9.8,2016,9,8
Goruli Mtsvane 2014,Georgia,Kakheti,Mukhrani,3.8,168,8.95,2014,8,95
Riesling Trocken 2019,Germany,Nahe,Dönnhoff,3.7,169,9.95,2019,9,95
Sauvignon Blanc 2018,South Africa,Groenekloof,Neil Ellis,3.7,169,10.85,2018,10,85
Professor Black 2017,South Africa,Stellenbosch,Warwick,4.1,169,24.9,2017,24,9
The Anchorman 2017,South Africa,Coastal Region,Nederburg,3.9,169,17.16,2017,17,16
Chardonnay 2017,South Africa,Stellenbosch,Tokara,3.6,169,10.5,2017,10,5
Château Grenouilles Chablis Grand Cru 2015,France,Chablis Grand Cru,La Chablisienne,4.3,169,54.0,2015,54
Gavi 2018,Italy,Gavi,La Toledana,3.7,169,13.8,2018,13,8
Fumé Sauvignon Blanc 2017,Germany,Pfalz,Oliver Zeter,3.9,170,16.52,2017,16,52
Evenstad Reserve Chardonnay 2015,United States,Dundee Hills,Domaine Serene,4.2,170,74.0,2015,74
Chablis Tête d'Or 2016,France,Chablis,Billaud-Simon,4.0,170,24.27,2016,24,27
Vermentino Toscana 2018,Italy,Toscana,Aia Vecchia,3.7,170,7.41,2018,7,41
Vigna Kastelaz Gewürztraminer 2015,Italy,Südtirol - Alto Adige,Elena Walch,4.2,170,31.91,2015,31,91
The Olive Grove Chardonnay 2018,Australia,McLaren Vale,d'Arenberg,3.8,170,9.95,2018,9,95
Graacher Himmelreich Riesling Kabinett 2017,Germany,Graach,Joh. Jos. Prüm,4.1,171,21.83,2017,21,83
Chardonnay - Pinot Noir 2019,South Africa,Franschhoek,Haute Cabrière,3.8,171,9.9,2019,9,9
Schiefer Riesling 2018,Germany,Mosel,Van Volxem,3.8,172,9.72,2018,9,72
The First Lady Chardonnay 2019,South Africa,Stellenbosch,Warwick,3.7,172,8.5,2019,8,5
Samas 2018,Italy,Isola dei Nuraghi,Punica,3.9,172,11.89,2018,11,89
Sancerre Blanc 2019,France,Sancerre,Bernard Reverdy & Fils,3.8,172,17.45,2019,17,45
Mâcon-La Roche-Vineuse 2015,France,Mâcon-La Roche-Vineuse,Château de la Greffière,3.7,173,9.6,2015,9,6
Vineyards Sauvignon Blanc 2019,Argentina,Mendoza,Trapiche,3.3,173,5.25,2019,5,25
Oak Cask Chardonnay 2019,Argentina,Mendoza,Trapiche,3.7,173,7.36,2019,7,36
Sauvignon Blanc 2019,South Africa,Coastal Region,Protea,3.7,173,8.95,2019,8,95
Piano Maltese Sicillane 2018,Italy,Terre Siciliane,Tenuta Rapitalà,3.7,173,9.39,2018,9,39
Soave Classico 2016,Italy,Soave,Zenato,3.4,173,5.74,2016,5,74
Sauvignon Blanc 2019,Chile,Casablanca Valley,Los Vascos,3.4,173,10.45,2019,10,45
Bianco di Custoza 2016,Italy,Bianco di Custoza,Zenato,3.3,173,6.58,2016,6,58
Max Reserva Sauvignon Blanc 2015,Chile,Aconcagua Valley,Errazuriz,3.7,173,14.5,2015,14,5
Collection Secrète White 2015,Georgia,Kakheti,Mukhrani,3.9,174,23.45,2015,23,45
Chardonnay 2019,Australia,South Eastern Australia,Banrock Station,3.8,174,5.79,2019,5,79
Tascante Carricante Sicilia Buonora 2013,Italy,Terre Siciliane,Tasca d'Almerita,3.6,174,13.1,2013,13,1
Pinot Bianco Moriz 2018,Italy,Südtirol - Alto Adige,Tramin,3.8,174,11.51,2018,11,51
Terre di Valfredda Pinot Grigio 2017,Italy,Trentino,Cà Montini,3.8,174,10.29,2017,10,29
Harmonie de Gascogne Blanc 2019,France,Côtes de Gascogne,Domaine de Pellehaut,3.9,175,5.52,2019,5,52
Collio Sauvignon 2018,Italy,Collio,Marco Felluga,3.7,175,12.33,2018,12,33
Cellar Selection Sauvignon Blanc 2019,South Africa,Western Cape,Kleine Zalze,3.6,175,8.5,2019,8,5
Sauvignon Blanc (Statue de Femme) 2018,South Africa,Franschhoek,Franschhoek Cellar,3.7,175,6.95,2018,6,95
Chardonnay Reserva 2018,Chile,Casablanca Valley,Veramonte,3.7,175,8.41,2018,8,41
Villa Angela Pecorino Offida 2018,Italy,Offida,Velenosi,3.8,175,10.49,2018,10,49
Chablis 2018,France,Chablis,Domaine Hamelin,3.8,175,15.8,2018,15,8
Vieilles Vignes Chardonnay 2018,France,Val de Loire,Moulin d'Argent,3.7,176,8.59,2018,8,59
Alte Reben Riesling 2016,Germany,Rheinhessen,Dreissigacker,3.7,176,13.99,2016,13,99
Alte Reben Riesling 2017,Germany,Mosel,Van Volxem,4.1,176,17.7,2017,17,7
Puglia I Muri Bianco 2018,Italy,Puglia,Vigneti del Salento,3.8,176,6.95,2018,6,95
Adobe Sauvignon Blanc (Reserva) 2019,Chile,Casablanca Valley,Emiliana,3.8,176,8.45,2019,8,45
Graue Freyheit 2017,Austria,Neusiedlersee,Heinrich,4.0,176,29.0,2017,29
Côté Chardonnay - Sauvignon 2018,France,Gascogne,Domaine du Tariquet,3.9,176,8.95,2018,8,95
Riesling Alsace Sélection de Vieilles Vignes 2016,France,Alsace,Trimbach,3.9,176,26.18,2016,26,18
Louis Mel Sauvignon Blanc 2017,United States,Livermore Valley,Wente,3.7,176,12.23,2017,12,23
Venezia Giulia Jurosa (Chardonnay) 2016,Italy,Venezia Giulia,Lis Neris,4.1,177,31.18,2016,31,18
Pecorino Castello Di Semivicoli 2018,Italy,Abruzzo,Masciarelli,3.9,177,13.39,2018,13,39
Molin Lugana 2018,Italy,Lugana,Cà Maiol,4.0,177,14.8,2018,14,8
Bourgogne Couvent Des Jacobins Blanc 2018,France,Bourgogne,Louis Jadot,3.9,177,16.48,2018,16,48
Unoaked Chardonnay 2019,Argentina,Tupungato,Domaine Bousquet,3.9,177,7.32,2019,7,32
Eve Chardonnay 2017,United States,Ancient Lakes of Columbia Valley,Charles Smith,3.2,177,13.16,2017,13,16
Mâcon-Milly-Lamartine 2017,France,Mâcon-Milly-Lamartine,Les Héritiers du Comte Lafon,4.0,177,20.9,2017,20,9
Gewürztraminer 2019,Italy,Südtirol - Alto Adige,St. Michael-Eppan,3.9,177,10.9,2019,10,9
Gavi Valentino 2018,Italy,Gavi,La Scolca,3.8,177,10.9,2018,10,9
Venezia Giulia Lis 2015,Italy,Venezia Giulia,Lis Neris,4.1,178,53.58,2015,53,58
Hensel Und Gretel White 2018,Germany,Pfalz,Schneider,4.1,178,13.5,2018,13,5
Adrianna Vineyard White Bones Chardonnay 2016,Argentina,Mendoza,Catena Zapata,4.5,178,86.95,2016,86,95
Federspiel Riesling 2011,Austria,Wachau,Nikolaihof,3.9,178,26.5,2011,26,5
Mâcon-Villages 2015,France,Mâcon-Villages,Les Héritiers du Comte Lafon,3.8,178,22.22,2015,22,22
Bernkasteler Badstube Riesling Kabinett 2011,Germany,Bernkastel,Joh. Jos. Prüm,3.9,178,22.69,2011,22,69
Collection Unique 2018,France,Côtes de Gascogne,Uby,3.9,179,5.8,2018,5,8
Graacher Himmelreich Riesling Kabinett 2018,Germany,Graach,Joh. Jos. Prüm,4.2,179,21.21,2018,21,21
Alta Colección Pinot Gris 2018,Argentina,Uco Valley,Bodega Piedra Negra,3.7,179,8.99,2018,8,99
Terroir Series Sauvignon Blanc 2018,New Zealand,Marlborough,Brancott Estate,4.0,179,9.99,2018,9,99
Pinot Grigio 2018,Italy,Südtirol - Alto Adige,Andrian,4.1,180,16.13,2018,16,13
La Luciana Gavi 2018,Italy,Gavi,Araldica,3.7,180,10.51,2018,10,51
Mineral Riesling Trocken 2015,Germany,Nahe,Emrich-Schönleber,3.9,181,18.95,2015,18,95
Riesling Réserve 2018,France,Alsace,Lucien Albrecht,3.9,181,9.57,2018,9,57
Wehlener Klosterberg Pinot Blanc 2015,Germany,Mosel,Markus Molitor,4.2,182,25.95,2015,25,95
Benchmark Chardonnay 2017,Australia,Barossa,Grant Burge,3.3,183,7.51,2017,7,51
Grüner Veltliner Terrassen 2019,Austria,Niederösterreich,Leth,3.8,183,7.67,2019,7,67
Moscato 2018,United States,California,Gallo Family Vineyards,3.7,184,6.3,2018,6,3
Hereford Chardonnay 2019,Argentina,Mendoza,Bodegas la Rosa,3.4,185,5.53,2019,5,53
Fantini Trebbiano d’Abruzzo 2018,Italy,Trebbiano d'Abruzzo,Farnese,3.6,185,4.4,2018,4,4
Riesling Trocken 2018,Germany,Rheinhessen,K.Wechsler,3.8,185,8.61,2018,8,61
Alentejano Branco 2018,Portugal,Alentejano,Herdade dos Grous,3.8,186,10.9,2018,10,9
Bordeaux Blanc 2018,France,Bordeaux,Mouton Cadet,3.6,186,10.74,2018,10,74
Schiefersteil Riesling 2017,Germany,Mosel,Markus Molitor,3.8,186,11.89,2017,11,89
Sémillon - Chardonnay 2017,Australia,South Australia,Rawson's Retreat,3.3,186,7.95,2017,7,95
The Y Series Unwooded Chardonnay 2018,Australia,South Australia,Yalumba,3.6,186,13.82,2018,13,82
Etna Calderara Sottana Bianco 2017,Italy,Sicilia,Tenuta delle Terre Nere,4.1,186,26.9,2017,26,9
Campanaro 2017,Italy,Irpinia,Feudi di San Gregorio,4.1,187,29.95,2017,29,95
Würzburger Stein Silvaner Trocken 2018,Germany,Franken,Bürgerspital,3.7,187,15.16,2018,15,16
Grande Cuvée Chablis 1er Cru 2017,France,Chablis Premier Cru,La Chablisienne,3.9,187,22.9,2017,22,9
Russian River Valley Chardonnay 2015,United States,Russian River Valley,DeLoach,3.7,188,32.0,2015,32
Clairette du Languedoc Adissan Art de Vivre 2018,France,Clairette de Languedoc,Gérard Bertrand,3.8,188,15.95,2018,15,95
Chablis 2015,France,Chablis,Chanson,3.7,188,27.15,2015,27,15
Colomba Platino 2018,Italy,Terre Siciliane,Duca di Salaparuta,3.5,188,11.35,2018,11,35
Viognier 2017,Argentina,Uco Valley,DiamAndes,3.9,188,16.84,2017,16,84
Benchmark Chardonnay 2018,Australia,Barossa,Grant Burge,3.3,188,7.6,2018,7,6
Chardonnay 2016,United States,Columbia Valley,Columbia Winery,3.6,189,14.62,2016,14,62
Grand Cru 2017,Italy,Terre Siciliane,Tenuta Rapitalà,4.2,189,19.9,2017,19,9
Chateau de Fontaine-Audon Sancerre 2018,France,Sancerre,Langlois-Chateau,3.9,189,19.9,2018,19,9
Te Arai Vineyard Chenin Blanc 2016,New Zealand,Gisborne,Millton,4.0,189,19.45,2016,19,45
Sauvignon Blanc 2019,South Africa,Stellenbosch,Tokara,3.6,189,10.95,2019,10,95
Sauvignon Blanc Trocken 2018,Germany,Pfalz,Knipser,3.9,189,10.6,2018,10,6
Chenin Blanc 2017,South Africa,Stellenbosch,Fleur du Cap,3.5,189,9.3,2017,9,3
Chardonnay 2018,Israel,Galilee,Yarden,4.2,190,14.9,2018,14,9
Prail Sauvignon 2017,Italy,Trentino-Alto Adige,Colterenzio (Schreckbichl),3.8,190,13.6,2017,13,6
Chardonnay 2016,Italy,Südtirol - Alto Adige,Tramin,3.6,190,8.6,2016,8,6
Pinot Grigio Alto Adige Castel Ringberg 2018,Italy,Südtirol - Alto Adige,Elena Walch,4.1,190,19.25,2018,19,25
Chardonnay 2018,Italy,Südtirol - Alto Adige,St. Michael-Eppan,3.7,190,11.9,2018,11,9
Altkirch Chardonnay 2018,Italy,Südtirol - Alto Adige,Colterenzio (Schreckbichl),3.5,191,10.23,2018,10,23
Gris 2017,Italy,Friuli Isonzo,Lis Neris,4.0,191,25.9,2017,25,9
Gris 2011,Italy,Friuli Isonzo,Lis Neris,4.0,192,39.69,2011,39,69
Tonschiefer Riesling Trocken 2017,Germany,Nahe,Dönnhoff,3.8,192,16.09,2017,16,09
Chardonnay 2017,Israel,Galilee,Gamla,3.5,192,13.82,2017,13,82
Gavi del Comune di Gavi 2018,Italy,Gavi,Bersano,3.8,192,11.45,2018,11,45
Blanco (Riesling - Torrontés) 2019,Argentina,Salta,Amalaya,3.8,192,7.13,2019,7,13
Sancerre D'Antan 2014,France,Sancerre,Henri Bourgeois,4.3,192,38.0,2014,38
Nussbaumer Gewürztraminer 2018,Italy,Südtirol - Alto Adige,Tramin,4.2,192,21.24,2018,21,24
Chenin Blanc 2019,South Africa,Swartland,Allesverloren,3.7,193,9.95,2019,9,95
Adènzia Bianco 2018,Italy,Sicilia,Baglio del Cristo di Campobello,4.0,193,12.06,2018,12,06
Chardonnay 2017,Chile,Casablanca Valley,Haras de Pirque,3.6,193,10.68,2017,10,68
Nussberg Wiener Gemischter Satz 2017,Austria,Wiener Gemischter Satz,Wieninger,3.9,193,24.12,2017,24,12
Roero Arneis 2018,Italy,Roero,Fontanafredda,3.6,193,7.08,2018,7,08
Domaine de L'Aigle Chardonnay Limoux 2017,France,Limoux,Gérard Bertrand,3.9,194,18.08,2017,18,08
Macon-Lugny 2018,France,Mâcon-Lugny,Louis Latour,3.8,194,13.55,2018,13,55
Zapallar Coast Sauvignon Blanc 2019,Chile,Aconcagua Valley,Outer Limits,4.2,194,14.89,2019,14,89
Riesling Terrassen 2017,Austria,Kamptal,Weingut Bründlmayer,3.7,194,13.25,2017,13,25
Terroir Littoral Chardonnay 2018,France,Pays d'Oc,Fortant,3.3,194,6.86,2018,6,86
Chardonnay 2019,France,Pays d'Oc,Laroche,3.4,194,8.45,2019,8,45
Vat 1 Sémillon 2012,Australia,Hunter Valley,Tyrrell's,3.9,194,33.92,2012,33,92
SL Riesling Trocken 2015,Germany,Mosel,Schloss Lieser,3.8,194,11.9,2015,11,9
Varietal Sauvignon Blanc 2017,Chile,Central Valley,Santa Helena,3.2,195,4.89,2017,4,89
Ribolla Gialla 2018,Italy,Venezia Giulia,Alturis,3.8,195,8.37,2018,8,37
Aussières Blanc (Chardonnay) 2018,France,Pays d'Oc,Château d’Aussières,3.6,195,7.9,2018,7,9
Ürziger Würzgarten Riesling Kabinett 2015,Germany,Mosel,Markus Molitor,3.8,195,15.4,2015,15,4
Alentejano Branco 2018,Portugal,Alentejo,Fitapreta,3.9,195,9.75,2018,9,75
Gavi del Comune di Gavi 2018,Italy,Gavi,Enrico Serafino,3.9,196,13.57,2018,13,57
Le Canon du Maréchal Muscat - Viognier 2018,France,Côtes Catalanes,Cazes,3.7,196,9.35,2018,9,35
Brognoligo Soave Classico 2018,Italy,Soave,Cecilia Beretta,3.9,196,10.21,2018,10,21
Misco Verdicchio dei Castelli di Jesi Classico Superiore 2017,Italy,Verdicchio dei Castelli di Jesi,Tenuta di Tavignano,4.0,196,13.9,2017,13,9
Chardonnay 2018,Argentina,Mendoza,Catena Alta,4.0,196,24.18,2018,24,18
Pouilly-Fumé 2017,France,Pouilly-Fumé,Le Domaine Saget,3.6,196,15.9,2017,15,9
Chardonnay Leithaberg 2014,Austria,Neusiedlersee-Hügelland,Heinrich,3.7,196,15.65,2014,15,65
Sauvignon Blanc 2019,New Zealand,Marlborough,The Cloud Factory,4.0,197,10.9,2019,10,9
Contea di Sclafani Nozze d'Oro Regaleali 2016,Italy,Contea di Sclafani,Tasca d'Almerita,3.8,197,13.39,2016,13,39
Sancerre Le MD De Bourgeois 2017,France,Sancerre,Henri Bourgeois,4.1,197,24.95,2017,24,95
Chardonnay Unoaked (Select Terroir Reserva) 2017,Chile,Maipo Valley,Santa Ema,3.6,198,7.66,2017,7,66
Collection Unique 2019,France,Côtes de Gascogne,Uby,3.9,198,5.99,2019,5,99
Grainhubel Riesling GG 2015,Germany,Pfalz,Von Winning,4.1,198,29.95,2015,29,95
Chardonnay 2018,France,Pays d'Oc,La Chevalière,3.7,199,7.89,2018,7,89
Légende (R) Bordeaux Blanc 2018,France,Bordeaux,Barons de Rothschild (Lafite),3.6,199,9.9,2018,9,9
Sauvignon Blanc I 2017,Germany,Pfalz,Von Winning,3.8,199,19.45,2017,19,45
Sauvignon Blanc 2017,United States,North Coast,Spottswoode,4.0,199,36.9,2017,36,9
Grüner Veltliner Federspiel Weissenkirchen 2019,Austria,Wachau,Domäne Wachau,3.7,199,9.68,2019,9,68
Est! Est!! Est!!! di Montefiascone 2018,Italy,Est! Est!! Est!!! di Montefiascone,Falesco,3.1,200,6.9,2018,6,9
Insolia 2016,Italy,Terre Siciliane,Baglio di Pianetto,3.6,200,8.4,2016,8,4
Sauvignon Blanc 2019,South Africa,Western Cape,Two Oceans,3.2,200,4.9,2019,4,9
Jean Garde Unoaked Chardonnay 2018,South Africa,Western Cape,Boschendal,3.8,201,9.45,2018,9,45
Riesling Trocken 2016,Germany,Rheingau,Schloss Vollrads,3.8,201,10.69,2016,10,69
Crozes Hermitage Domaine Mule Blanche 2016,France,Crozes-Hermitage,Paul Jaboulet Aîné,3.9,201,38.68,2016,38,68
Sauvignon Côtes de Gascogne 2018,France,Côtes de Gascogne,Domaine du Tariquet,3.6,201,7.0,2018,7
Cellar Selection Sauvignon Blanc 2018,South Africa,Western Cape,Kleine Zalze,3.6,202,9.5,2018,9,5
Kiedrich Klosterberg Riesling Trocken 2018,Germany,Rheingau,Robert Weil,4.1,203,20.9,2018,20,9
Tonschiefer Riesling Trocken 2018,Germany,Nahe,Dönnhoff,3.8,203,13.9,2018,13,9
Chardonnay 2017,Austria,Carnuntum,Markowitsch,3.6,203,9.9,2017,9,9
Dome Chardonnay 2018,South Africa,Stellenbosch,Lourensford,3.6,203,12.49,2018,12,49
Two Blanc 2017,South Africa,Constantia,Constantia Glen,3.8,203,17.45,2017,17,45
Sauvignon Blanc 2019,New Zealand,Marlborough,Bishop's Leap,4.0,203,8.45,2019,8,45
Vire-Clessé 2014,France,Viré-Clessé,Les Héritiers du Comte Lafon,4.0,203,36.33,2014,36,33
Pecorino 2017,Italy,Terre di Chieti,Villamedoro,3.5,203,6.7,2017,6,7
Sauvignon Blanc 2018,South Africa,Stellenbosch,Welmoed,3.5,203,7.35,2018,7,35
Adrianna Vineyard White Stones Chardonnay 2015,Argentina,Mendoza,Catena Zapata,4.5,204,73.59,2015,73,59
Moscatel 2015,Chile,Itata Valley,Viña La Causa,3.6,204,10.99,2015,10,99
Chardonnay 2017,France,Pays d'Oc,Baron Philippe de Rothschild,3.4,204,8.69,2017,8,69
Riesling Trocken 2018,Germany,Mosel,Clemens Busch,3.8,204,12.4,2018,12,4
Wiener Gemischter 2018,Austria,Wiener Gemischter Satz,Mayer am Pfarrplatz,3.6,205,24.95,2018,24,95
Riesling Feinherb 2017,Germany,Mosel,Dr. Von Bassermann-Jordan,3.9,205,19.5,2017,19,5
Alentejano Branco 2017,Portugal,Alentejo,Fitapreta,3.8,206,12.48,2017,12,48
Fusion Gewürztraminer - Riesling 2017,Canada,Niagara-on-the-Lake,Pillitteri Estates,3.7,206,14.9,2017,14,9
Riesling Fructus 2018,Germany,Rheingau,Barth,3.8,206,10.38,2018,10,38
Director's Reserve White 2016,South Africa,Stellenbosch,Tokara,4.2,207,28.5,2016,28,5
Anthìlia 2019,Italy,Sicilia,Donnafugata,3.8,207,8.45,2019,8,45
Danie de Wet Chardonnay 2018,South Africa,Robertson,De Wetshof,3.7,207,9.9,2018,9,9
Rubrica Branco 2014,Portugal,Alentejano,Luis Duarte,3.9,208,15.5,2014,15,5
Reserva Chardonnay 2016,Chile,Casablanca Valley,Santa Rita,3.5,208,9.65,2016,9,65
Chardonnay 2019,Chile,Central Valley,Valdivieso,3.4,209,7.75,2019,7,75
Lugana Vigneto Massoni 2019,Italy,Lugana,S. Cristina,4.2,209,9.9,2019,9,9
Buiten Blanc 2019,South Africa,Constantia,Buitenverwachting,3.6,209,6.99,2019,6,99
Mosel Alte Reben Riesling 2017,Germany,Mosel,Markus Molitor,3.9,210,17.8,2017,17,8
Terre Alte 2017,Italy,Rosazzo,Livio Felluga,4.3,210,45.0,2017,45
Noordhoek Sauvignon Blanc 2017,South Africa,Cape Town,Cape Point Vineyards,3.8,210,14.9,2017,14,9
Sauvignon Blanc 2019,South Africa,Constantia,Buitenverwachting,4.2,210,8.95,2019,8,95
Koetshuis Sauvignon Blanc 2018,South Africa,Durbanville,De Grendel,4.0,210,17.79,2018,17,79
Black Label Sauvignon Blanc 2019,New Zealand,Marlborough,Babich,3.9,210,11.9,2019,11,9
Barrel Fermented Chenin Blanc 2018,South Africa,Stellenbosch,Stellenrust,4.0,210,18.42,2018,18,42
Zeltinger Himmelreich Riesling Kabinett 2016,Germany,Mosel,Markus Molitor,3.9,210,15.2,2016,15,2
Kiedrich Gräfenberg Riesling Trocken GG 2016,Germany,Rheingau,Robert Weil,4.2,211,41.87,2016,41,87
Rkatsiteli Supérieur 2015,Georgia,Kakheti,Mukhrani,3.6,211,14.95,2015,14,95
Côtes-du-Rhône Blanc 2018,France,Côtes-du-Rhône,E. Guigal,3.6,211,9.4,2018,9,4
Ruppertsberger Reiterpfad Riesling 2017,Germany,Pfalz,Von Winning,3.9,211,16.52,2017,16,52
Sauvignon Blanc 2017,United States,Napa County,Twomey,3.9,211,39.69,2017,39,69
Le Volpare Soave Classico 2018,Italy,Soave,Tommasi,3.8,211,8.8,2018,8,8
Chardonnay 2016,United States,Sonoma Valley,Kunde,3.9,212,18.5,2016,18,5
White Label Nik Weis Wiltinger Alte Reben 2018,Germany,Mosel,St. Urbans-Hof,4.0,212,15.99,2018,15,99
Pinot Grigio 2018,Italy,Trentino-Alto Adige,Cantina Kaltern,3.6,212,9.26,2018,9,26
Tokaji Dry 2018,Hungary,Tokaj,Château Dereszla,3.8,213,11.25,2018,11,25
SL Riesling Kabinett Trocken 2016,Germany,Mosel,Schloss Lieser,3.7,213,10.4,2016,10,4
Federspiel Riesling 2017,Austria,Wachau,Domäne Wachau,3.5,213,11.99,2017,11,99
Dogheria Pinot Bianco Rubicone 2017,Italy,Rubicone,Poderi dal Nespoli,3.8,214,10.27,2017,10,27
Meursault 2017,France,Meursault,Joseph Drouhin,4.2,215,56.54,2017,56,54
Bourgogne Aligoté 2018,France,Bourgogne Aligoté,Joseph Drouhin,3.6,215,10.62,2018,10,62
Chaminé Branco 2018,Portugal,Alentejano,Cortes de Cima,3.6,215,7.75,2018,7,75
Domaine de L'Aigle Chardonnay Limoux 2018,France,Limoux,Gérard Bertrand,4.1,215,17.99,2018,17,99
Salmariano Castelli di Jesi Verdicchio Riserva Classico 2014,Italy,Verdicchio dei Castelli di Jesi Riserva,Marotti Campi,3.7,215,11.29,2014,11,29
Chablis 2016,France,Chablis,Chanson,3.8,216,18.2,2016,18,2
Grüner Veltliner ZEISEN Weinviertel DAC 2018,Austria,Weinviertel,Weingut R&A Pfaffl,3.7,216,9.7,2018,9,7
Pinot Grigio 2018,Italy,Trentino-Alto Adige,Colterenzio (Schreckbichl),3.8,216,9.65,2018,9,65
Pinot Grigio delle Venezie 2018,Italy,delle Venezie,Lenotti,3.9,217,6.09,2018,6,09
Sauvignon Blanc 2015,United States,Central Coast,Robert Mondavi Private Selection,3.3,217,13.26,2015,13,26
Malterdinger 2016,Germany,Baden,Bernhard Huber,3.8,217,19.91,2016,19,91
Polish Hill Riesling 2018,Australia,Clare Valley,Grosset,3.9,217,35.9,2018,35,9
Zeltinger Sonnenuhr Riesling Auslese*** 2015,Germany,Mosel,Markus Molitor,4.5,218,117.95,2015,117,95
Friulano 2018,Italy,Colli Orientali del Friuli,Livio Felluga,3.8,218,18.9,2018,18,9
Portillo Chardonnay 2019,Argentina,Uco Valley,Salentein,3.5,218,7.5,2019,7,5
Falanghina Beneventano 2018,Italy,Falanghina del Beneventano,Vesevo,3.8,219,6.45,2018,6,45
Blanc (Gaston Hochar) 2008,Lebanon,Bekaa Valley,Château Musar,3.8,219,32.07,2008,32,07
Pinot Grigio (Tralcetto) 2019,Italy,Terre di Chieti,Cantina Zaccagnini,4.0,219,8.73,2019,8,73
Special Cuvée Sauvignon Blanc 2019,South Africa,Robertson,Springfield Estate,4.1,220,12.89,2019,12,89
Wachenheimer Riesling 2017,Germany,Pfalz,Dr. Bürklin-Wolf,3.6,221,13.5,2017,13,5
Soave Classico 2018,Italy,Soave Classico,Montresor,3.4,221,5.6,2018,5,6
Lugana 2018,Italy,Lugana,Zonin,3.3,221,8.73,2018,8,73
Vire-Clessé 2016,France,Viré-Clessé,Les Héritiers du Comte Lafon,4.0,222,29.9,2016,29,9
Novellum Chardonnay 2018,France,Languedoc-Roussillon,Domaine Lafage,3.8,222,8.29,2018,8,29
Pouilly-Fumé 2018,France,Pouilly-Fumé,Château Favray,4.0,222,14.13,2018,14,13
Ürziger Würzgarten Riesling Spätlese 2016,Germany,Mosel,Markus Molitor,4.0,223,19.01,2016,19,01
Miss Lucy White Blend 2019,South Africa,Robertson,Springfield Estate,3.9,223,13.49,2019,13,49
Kalkundkiesel 2018,Austria,Burgenland,Claus Preisinger,4.2,223,15.89,2018,15,89
Sex Drugs & Rock'n Roll. Just Riesling For Me Thanks! 2017,Germany,Pfalz,Emil Bauer & Söhne,3.7,223,8.95,2017,8,95
Vermentino (Etichetta Nera/Black Label) 2018,Italy,Colli di Luni,Lvnae,4.0,224,19.5,2018,19,5
W... Dreams Bianco (Were Dreams...) 2017,Italy,Venezia Giulia,Jermann,4.2,224,45.49,2017,45,49
Chardonnay Reserva 2017,Chile,Maipo Valley,Haras de Pirque,3.6,224,9.99,2017,9,99
Alisia Pinot Grigio 2018,Italy,delle Venezie,Astoria,3.8,225,10.29,2018,10,29
Castagnolo Orvieto Classico Superiore 2017,Italy,Orvieto Classico,Barberani,3.7,225,11.1,2017,11,1
Chardonnay 2018,South Africa,Western Cape,Barista,3.8,225,8.5,2018,8,5
Cubía (Tenuta Ficuzza) 2014,Italy,Sicilia,Cusumano,3.7,225,13.55,2014,13,55
Réserve Spéciale Chardonnay 2018,France,Pays d'Oc,Gérard Bertrand,3.7,226,8.32,2018,8,32
Fumé Blanc 2018,United States,Napa Valley,Robert Mondavi,3.8,226,24.18,2018,24,18
Chardonnay 2018,France,Pays d'Oc,Baron Philippe de Rothschild,3.5,226,8.78,2018,8,78
Gavi dei Gavi (Black label) 2019,Italy,Gavi,La Scolca,4.1,227,24.85,2019,24,85
Les Tourelles de la Crée Montagny Premier Cru 2016,France,Montagny Premier Cru,Château de la Crée,4.1,227,43.28,2016,43,28
GB Charm Riesling 2018,Germany,Rheingau,Georg Breuer,3.7,228,9.26,2018,9,26
Meursault 2017,France,Meursault,Louis Jadot,4.3,229,56.26,2017,56,26
Pinot Grigio 2018,Italy,Friuli Aquileia,Ca' Bolani,3.7,229,9.1,2018,9,1
Chardonnay 2017,South Africa,Paarl,La Motte Wine Estate,3.7,229,15.5,2017,15,5
Roero Pradalupo Arneis 2018,Italy,Roero,Fontanafredda,3.8,229,10.93,2018,10,93
Special Cuvée Chardonnay 2016,Chile,Casablanca Valley,Montes Alpha,4.0,230,18.94,2016,18,94
Lugana Bianco 2018,Italy,Lugana,Olivini,3.9,230,7.99,2018,7,99
Marani 2017,Italy,Veneto,Sartori,3.8,231,11.69,2017,11,69
Cala Silente Vermentino di Sardegna 2018,Italy,Vermentino di Sardegna,Santadi,3.8,231,9.5,2018,9,5
Bordeaux Blanc 2018,France,Bordeaux,Baron Philippe de Rothschild,3.2,231,9.95,2018,9,95
Müller 2018,Germany,Baden,Enderle & Moll,3.9,231,7.7,2018,7,7
Las Mulas Reserva Sauvignon Blanc 2019,Chile,Central Valley,Miguel Torres,3.6,232,8.39,2019,8,39
Vitral Reserva Chardonnay 2015,Chile,Casablanca Valley,Viña Maipo,3.4,232,9.56,2015,9,56
Riesling Kabinett Trocken 2018,Germany,Rheingau,Robert Weil,3.9,233,17.99,2018,17,99
Gran Sasso Alta Quota Terre di Chieti Pecorino 2017,Italy,Terre di Chieti,Gran Sasso,3.6,233,16.08,2017,16,08
Casasole Orvieto Classico Amabile 2018,Italy,Orvieto,Santa Cristina,3.9,233,7.63,2018,7,63
The Pavillion Chenin Blanc 2019,South Africa,Western Cape,Boschendal,3.7,233,6.3,2019,6,3
Riesling Kabinett 2017,Germany,Rheingau,Kloster Eberbach,3.6,234,11.49,2017,11,49
Coastal Cuvée Sauvignon Blanc 2019,South Africa,Coastal Region,Delaire Graff,3.8,235,12.95,2019,12,95
Riesling 2019,Germany,Nahe,Dönnhoff,3.8,235,10.5,2019,10,5
Libaio Chardonnay 2018,Italy,Toscana,Ruffino,3.5,235,10.68,2018,10,68
Ruppertsberger Reiterpfad Riesling 2016,Germany,Pfalz,Von Winning,3.9,235,16.52,2016,16,52
Sauvignon Blanc 2019,South Africa,Citrusdal Mountain,Cederberg,4.2,235,15.27,2019,15,27
Private Reserve Chardonnay 2017,United States,Napa Valley,Beringer,4.0,235,65.79,2017,65,79
The Stump Jump White Blend 2018,Australia,McLaren Vale,d'Arenberg,4.0,236,8.5,2018,8,5
The Olive Grove Chardonnay 2017,Australia,McLaren Vale,d'Arenberg,3.6,236,13.15,2017,13,15
Pioneer Block 21 Bell Block Sauvignon Blanc 2018,New Zealand,Blenheim,Saint Clair,4.0,236,18.95,2018,18,95
Sauvignon Blanc - Chardonnay 2018,South Africa,Walker Bay,Ashbourne,3.6,237,10.35,2018,10,35
Chablis 2018,France,Chablis,Simonnet-Febvre,3.8,238,19.69,2018,19,69
Chardonnay 2018,United States,California,Woodhaven,3.9,238,7.36,2018,7,36
Chablis 2018,France,Chablis,Domaine William Fèvre,3.9,238,24.99,2018,24,99
Pouilly-Fuissé 2017,France,Pouilly-Fuissé,J.A. Ferret,4.1,239,36.52,2017,36,52
Cellar Selection Chardonnay 2016,New Zealand,Hawke's Bay,Sileni Estates,3.4,239,11.02,2016,11,02
Côte des Roses Chardonnay 2018,France,Pays d'Oc,Gérard Bertrand,3.6,239,10.4,2018,10,4
Pouilly-Vinzelles 2016,France,Pouilly-Vinzelles,Joseph Drouhin,3.9,239,24.01,2016,24,01
Kaitui Sauvignon Blanc 2019,Germany,Pfalz,Schneider,4.1,239,12.9,2019,12,9
Condrieu 2017,France,Condrieu,E. Guigal,4.0,240,37.97,2017,37,97
Max Reserva Chardonnay 2018,Chile,Aconcagua Valley,Errazuriz,3.9,240,13.16,2018,13,16
Gran Maestro Appassimento Bianco 2018,Italy,Puglia,Maestro Italiano,3.7,241,6.9,2018,6,9
Chenin Blanc 2019,South Africa,Paarl,Backsberg,3.7,241,6.5,2019,6,5
Chablis Premier Cru 'Montée de Tonnerre' 2016,France,Chablis Premier Cru,Louis Michel & Fils,4.2,241,36.99,2016,36,99
Creative Block 2 2018,South Africa,Stellenbosch,Spier,3.7,241,14.25,2018,14,25
Suadens Campania Bianco 2018,Italy,Campania,Nativ,4.1,241,13.55,2018,13,55
Riesling Scharzhof 2018,Germany,Wiltingen,Egon Müller - Scharzhof,4.1,242,32.9,2018,32,9
Riesling Vom Kalkstein Trocken 2018,Germany,Rheinhessen,Wittmann,3.9,242,17.7,2018,17,7
Seleção do Ano Branco 2018,Portugal,Alentejo,Monte da Ravasqueira,3.8,243,8.4,2018,8,4
Fiano Di Avellino Radici 2018,Italy,Fiano de Avellino,Mastroberardino,3.9,243,10.91,2018,10,91
Frascati Secco 2018,Italy,Frascati,Fontana Candida,3.4,243,6.19,2018,6,19
Le Sabbie dell’Etna Bianco 2018,Italy,Etna,Firriato,3.6,243,13.58,2018,13,58
Cirò Bianco 2018,Italy,Cirò,Librandi,3.7,243,7.69,2018,7,69
Terra Montosa Riesling 2017,Germany,Rheingau,Georg Breuer,3.9,244,19.5,2017,19,5
Pinot Bianco Riserva Vorberg 2017,Italy,Südtirol - Alto Adige,Terlan (Terlano),4.1,244,24.75,2017,24,75
Oberhäuser Leistenberg Riesling Kabinett 2018,Germany,Nahe,Dönnhoff,3.9,244,14.13,2018,14,13
Sancerre Blanc 2018,France,Sancerre,Domaine du Nozay,3.8,244,17.84,2018,17,84
Sancerre Blanc 2018,France,Sancerre,Comte Lafond,4.0,244,28.9,2018,28,9
Don Miguel Vineyard La Masía Chardonnay 2017,United States,Russian River Valley,Marimar Estate,4.2,245,42.99,2017,42,99
Mineralschiefer Riesling - Trocken 2018,Germany,Mosel,Grans-Fassian,3.8,245,12.49,2018,12,49
The Straits Sauvignon Blanc 2017,New Zealand,Marlborough,Sileni Estates,3.7,245,15.39,2017,15,39
SL Riesling Trocken 2016,Germany,Mosel,Schloss Lieser,3.7,245,11.47,2016,11,47
Classic Series Sauvignon Blanc - Chardonnay 2017,Chile,Central Valley,Viña Maipo,3.3,246,6.2,2017,6,2
Corton-Charlemagne Grand Cru 1999,France,Corton-Charlemagne Grand Cru,Bonneau du Martray,4.2,246,217.95,1999,217,95
Blanc 2019,France,Vin de France,La Vieille Ferme,3.6,246,6.4,2019,6,4
Litorale Vermentino 2018,Italy,Maremma Toscana,Val delle Rose,3.6,247,11.05,2018,11,05
Albente 2018,Italy,Campania,Feudi di San Gregorio,3.6,248,5.29,2018,5,29
Estate Selection Furmint - Pinot Blanc 2017,Slovenia,Podravje,Puklavec Family Wines,3.7,248,6.95,2017,6,95
Saar Riesling 2018,Germany,Mosel,Van Volxem,3.8,248,12.5,2018,12,5
Spèra 2018,Italy,Vermentino di Gallura,Siddura,3.8,248,14.13,2018,14,13
Gewürztraminer 2018,Italy,Südtirol - Alto Adige,Colterenzio (Schreckbichl),3.8,248,11.6,2018,11,6
Sauvignon Blanc 2018,Israel,Galilee,Yarden,3.8,249,11.9,2018,11,9
L'Uetta Fiano Puglia 2018,Italy,Puglia,Masca del Tacco,4.1,249,10.49,2018,10,49
Grüner Veltliner Federspiel Terrassen 2019,Austria,Wachau,Domäne Wachau,3.8,249,9.4,2019,9,4
Saluez Le Saboteur 2018,South Africa,Cape South Coast,Luddite,3.9,250,18.9,2018,18,9
Monteoro Vermentino di Gallura Superiore 2018,Italy,Vermentino di Gallura,Sella & Mosca,3.6,250,12.53,2018,12,53
Sauvignon Blanc 2018,Chile,Leyda Valley,Amaral,3.7,251,8.75,2018,8,75
Zeltinger Sonnenuhr Riesling Kabinett 2016,Germany,Mosel,Markus Molitor,3.7,252,19.9,2016,19,9
Giunco 2018,Italy,Vermentino di Sardegna,Mesa,3.8,252,13.89,2018,13,89
Torrontes 2018,Argentina,Salta,Alamos,3.5,252,7.31,2018,7,31
Douro Reserva Redoma Branco 2018,Portugal,Douro,Niepoort,4.3,252,33.14,2018,33,14
Red Shoulder Ranch Chardonnay 2017,United States,Los Carneros,Shafer,4.2,253,65.0,2017,65
Director's Cut Chardonnay 2017,United States,Russian River Valley,Francis Ford Coppola,4.1,253,32.5,2017,32,5
Chardonnay 2017,United States,Napa Valley,Robert Mondavi,3.7,253,26.81,2017,26,81
Riesling Monopol 2018,Germany,Mosel,Maximin Grünhaus,3.9,253,10.63,2018,10,63
Graves Blanc 2012,France,Graves,Clos Floridène,3.8,253,22.32,2012,22,32
Chardonnay 2019,Chile,Colchagua Valley,Los Vascos,3.5,254,8.2,2019,8,2
Réserve della Contessa 2018,Italy,Südtirol - Alto Adige,Manincor,3.8,254,15.98,2018,15,98
Pinot Grigio 2018,Italy,Südtirol - Alto Adige,Alois Lageder,3.8,254,11.5,2018,11,5
Riesling Kabinett 2018,Germany,Rheingau,Kloster Eberbach,3.6,254,11.56,2018,11,56
Viognier 2018,France,Rhone Valley,Paul Jaboulet Aîné,3.6,254,7.7,2018,7,7
Crozes Hermitage Domaine Mule Blanche 2017,France,Crozes-Hermitage,Paul Jaboulet Aîné,3.9,254,37.79,2017,37,79
Pinot Gris Alsace Réserve Personnelle 2013,France,Alsace,Trimbach,4.1,255,31.03,2013,31,03
Signature Branco 2017,Portugal,Alentejano,Mocho Galego,3.7,256,8.0,2017,8
Chardonnay 2016,Australia,Margaret River,Vasse Felix,3.9,256,34.54,2016,34,54
Veneto Custoza 2019,Italy,Veneto,Monte del Frá,4.0,256,6.6,2019,6,6
Zeltinger Sonnenuhr Riesling Spätlese 2014,Germany,Mosel,Markus Molitor,4.0,257,23.9,2014,23,9
Boschen Blanc 2018,South Africa,Western Cape,Boschendal,3.7,257,7.99,2018,7,99
Albizzia Chardonnay 2018,Italy,Toscana,Frescobaldi,3.7,258,7.47,2018,7,47
Deidesheimer Herrgottsacker 2015,Germany,Pfalz,Von Winning,3.9,258,20.95,2015,20,95
Chaminé Branco 2015,Portugal,Alentejano,Cortes de Cima,3.5,259,13.95,2015,13,95
Mâcon-Milly-Lamartine 2015,France,Mâcon-Milly-Lamartine,Les Héritiers du Comte Lafon,3.9,260,25.92,2015,25,92
Loureiro Dócil 2018,Portugal,Vinho Verde,Niepoort,3.9,260,8.92,2018,8,92
Wien.1 Vienna White Blend 2018,Austria,Niederösterreich,Weingut R&A Pfaffl,3.9,262,9.99,2018,9,99
Sémillon - Chardonnay 2016,Australia,South Australia,Rawson's Retreat,3.4,262,8.72,2016,8,72
Vouvray Classic 2018,France,Vouvray,Marc Brédif,4.0,262,14.9,2018,14,9
Chablis 2017,France,Chablis,Domaine Jean Collet,4.0,262,15.5,2017,15,5
Spitfire Sauvignon Blanc (Small Parcels) 2017,New Zealand,Marlborough,Kim Crawford,4.0,263,27.04,2017,27,04
Rossj-Bass Langhe 2018,Italy,Langhe,Gaja,4.4,263,62.95,2018,62,95
Cuvée Silex Vouvray 2018,France,Vouvray,Vigneau-Chevreau,3.9,263,13.5,2018,13,5
Masseria dei Carmelitani Gavi 2018,Italy,Gavi,Vite Colte,4.0,264,9.66,2018,9,66
Riesling Porphyr 2017,Germany,Nahe,Hexamer,3.9,265,12.2,2017,12,2
Mâcon-Villages 2018,France,Mâcon-Villages,Les Héritiers du Comte Lafon,3.8,265,18.9,2018,18,9
Réserve Spéciale Viognier 2017,France,Pays d'Oc,Gérard Bertrand,3.6,266,9.56,2017,9,56
Montagny 1er Cru La Grande Roche 2018,France,Montagny Premier Cru,Louis Latour,3.9,266,17.45,2018,17,45
Légende (R) Bordeaux Blanc 2017,France,Bordeaux,Barons de Rothschild (Lafite),3.8,266,12.14,2017,12,14
Gewürztraminer Réserve 2018,France,Alsace,Lucien Albrecht,4.0,267,11.36,2018,11,36
Riesling Trocken Blauschiefer 2018,Germany,Mosel,Dr. Loosen,3.8,267,10.4,2018,10,4
Chardonnay Banghoek Reserve 2018,South Africa,Stellenbosch,Delaire Graff,4.0,267,17.95,2018,17,95
Sauvignon Blanc de Purcari 2018,Moldova,South Eastern,Château Purcari,4.0,267,10.98,2018,10,98
Blanc de Pinot Noir 2018,Germany,Pfalz,Fußer,3.9,268,7.94,2018,7,94
Kiedrich Gräfenberg Riesling Trocken GG 2015,Germany,Rheingau,Robert Weil,4.0,268,41.87,2015,41,87
Douro Guru Branco 2017,Portugal,Douro,Wine & Soul,4.2,269,25.34,2017,25,34
Sauvignon Blanc 2018,South Africa,Stellenbosch,Zonnebloem,3.5,269,6.9,2018,6,9
Riesling Tradition 2018,Germany,Pfalz,Philipp Kuhn,3.8,271,9.76,2018,9,76
Cuvée Terlaner 2018,Italy,Südtirol - Alto Adige,Terlan (Terlano),3.9,271,16.47,2018,16,47
Hermitage Le Chevalier de Sterimberg 2015,France,Hermitage,Paul Jaboulet Aîné,4.2,272,82.48,2015,82,48
Graupert Grauburgunder 2017,Austria,Burgenland,Meinklang,3.8,273,17.5,2017,17,5
Petit Chablis 2018,France,Petit Chablis,Domaine Hamelin,3.9,273,12.9,2018,12,9
Schlossberg 2015,Germany,Rheingau,Schloss Vollrads,3.9,274,33.9,2015,33,9
By the Glass Riesling 2018,Germany,Mosel,Villa Huesgen,3.6,274,8.16,2018,8,16
Vigna Kastelaz Gewürztraminer 2016,Italy,Südtirol - Alto Adige,Elena Walch,4.2,274,31.53,2016,31,53
Sauvignon Blanc 2018,France,Pays d'Oc,Paul Mas,3.7,274,5.64,2018,5,64
Vom Lehm Gewürztraminer 2015,Italy,Südtirol - Alto Adige,Castelfeder,3.8,274,12.48,2015,12,48
Zeltinger Sonnenuhr Riesling Spätlese 2015,Germany,Mosel,Markus Molitor,4.0,275,22.95,2015,22,95
Clos de la Coulée de Serrant 2015,France,Savennières-Coulée-de-Serrant,Nicolas Joly,4.2,275,72.5,2015,72,5
Alte Reben Riesling 2015,Germany,Mosel,Van Volxem,4.0,275,20.95,2015,20,95
Schieferterrassen 2017,Germany,Mosel,Heymann-Löwenstein,4.0,275,18.5,2017,18,5
Grüner Veltliner 2018,Austria,Niederösterreich,Weingut Bründlmayer,3.7,276,10.99,2018,10,99
Riesling Kabinett Trocken 2017,Germany,Rheingau,Schloss Vollrads,3.9,276,13.9,2017,13,9
Blanc de Noir Cabernet Sauvignon 2018,China,Ningxia,Château Changyu Moser XV 张裕摩塞尔十五世酒庄,3.5,276,12.03,2018,12,03
Venezia Giulia Pinot Grigio 2017,Italy,Venezia Giulia,Lis Neris,3.8,277,20.5,2017,20,5
Planalto Reserva Douro Branco 2019,Portugal,Douro,Casa Ferreirinha,3.9,277,8.72,2019,8,72
Saint-Véran 2018,France,Saint-Véran,Joseph Drouhin,3.8,277,16.6,2018,16,6
Re Manfredi Basilicata Bianco 2018,Italy,Basilicata,Terre degli Svevi,3.8,279,8.4,2018,8,4
Mâcon-Milly-Lamartine 2016,France,Mâcon-Milly-Lamartine,Les Héritiers du Comte Lafon,3.8,279,22.5,2016,22,5
Chablis 2018,France,Chablis,Domaine des Malandes,3.8,280,16.09,2018,16,09
Chardonnay 2017,United States,Napa Valley,Napa Cellars,3.9,281,22.75,2017,22,75
Chardonnay 2019,South Africa,Stellenbosch,Lanzerac,3.9,281,10.9,2019,10,9
Chardonnay Reserve Collection 2018,South Africa,Stellenbosch,Tokara,4.1,282,25.26,2018,25,26
Sauvignon Blanc Organic 2016,Chile,Casablanca Valley,Veramonte,3.5,282,8.41,2016,8,41
Le G de Guiraud Bordeaux Blanc Sec 2018,France,Bordeaux,Château Guiraud,3.9,282,19.45,2018,19,45
Zeltinger Sonnenuhr Riesling Kabinett 2015,Germany,Mosel,Markus Molitor,3.9,282,16.95,2015,16,95
Priara Pinot Grigio 2016,Italy,Friuli-Venezia Giulia,Pradio,3.9,282,9.7,2016,9,7
Sauvignon Blanc 2016,United States,California,Geyser Peak,3.3,282,10.51,2016,10,51
Monte Velho Branco 2019,Portugal,Alentejano,Esporão,3.8,282,5.8,2019,5,8
Sauvignon Touraine 2018,France,Touraine,Domaine de la Chaise,4.0,282,7.4,2018,7,4
Torricella 2016,Italy,Toscana,Ricasoli,3.9,283,11.9,2016,11,9
Zeltinger Sonnenuhr Riesling Spätlese 2016,Germany,Mosel,Markus Molitor,3.9,284,19.99,2016,19,99
The Y Series Viognier 2017,Australia,South Australia,Yalumba,3.4,285,13.82,2017,13,82
Sauvignon Blanc Bordeaux 2018,France,Bordeaux,Dourthe N°1,3.6,285,7.7,2018,7,7
Haus Klosterberg Pinot Blanc 2018,Germany,Mosel,Markus Molitor,4.0,285,9.65,2018,9,65
Vinho Verde Loureiro - Alvarinho 2019,Portugal,Minho,Aveleda,3.8,286,6.99,2019,6,99
Chenin Blanc 2018,South Africa,Stellenbosch,Stellenrust,3.7,286,14.57,2018,14,57
Hinter der Burg Grüner Veltliner 2017,Austria,Wachau,Prager,3.9,286,18.42,2017,18,42
Danie de Wet Chardonnay 2015,South Africa,Robertson,De Wetshof,3.9,286,28.6,2015,28,6
Riesling Trocken 2016,Germany,Rheingau,Balthasar Ress,3.8,286,11.9,2016,11,9
Riesling Trocken Blauschiefer 2017,Germany,Mosel,Dr. Loosen,3.7,287,9.9,2017,9,9
Adobe Chardonnay (Reserva) 2019,Chile,Casablanca Valley,Emiliana,3.6,287,8.45,2019,8,45
Corton-Charlemagne Grand Cru 2015,France,Corton-Charlemagne Grand Cru,Louis Latour,4.5,288,116.0,2015,116
Kiedrich Klosterberg Riesling Trocken 2017,Germany,Rheingau,Robert Weil,3.9,289,24.0,2017,24
Sauvignon Blanc 2017,France,Pays d'Oc,Les Jamelles,3.5,290,6.25,2017,6,25
Chardonnay 2015,United States,Napa Valley,First Press,3.9,292,19.08,2015,19,08
Pinot Grigio 2017,United States,California,Gallo Family Vineyards,3.4,292,6.31,2017,6,31
Wiener Gemischter Satz 2018,Austria,Wiener Gemischter Satz,Wieninger,3.5,292,10.9,2018,10,9
Grillo 2018,Italy,Terre Siciliane,Zabu,3.5,292,4.73,2018,4,73
Reserva Sauvignon Blanc 2016,Chile,Central Valley,Caliterra,3.5,293,8.72,2016,8,72
Bukettraube 2018,South Africa,Citrusdal Mountain,Cederberg,4.1,293,13.27,2018,13,27
Porcupine Ridge Sauvignon Blanc 2019,South Africa,Franschhoek,Boekenhoutskloof,3.6,293,8.33,2019,8,33
Singing Grüner Veltliner 2018,Austria,Niederösterreich,Laurenz V.,3.8,294,10.42,2018,10,42
Riesling Trocken 2018,Germany,Pfalz,Dr. Von Bassermann-Jordan,3.8,294,12.4,2018,12,4
Sauvignon Blanc 2018,New Zealand,Marlborough,Fernlands,4.1,297,9.2,2018,9,2
Costamolino Vermentino di Sardegna 2019,Italy,Vermentino di Sardegna,Argiolas,3.9,298,7.4,2019,7,4
Bourgogne Chardonnay 2018,France,Bourgogne,Louis Latour,3.8,298,13.29,2018,13,29
Aconcagua Costa Chardonnay 2014,Chile,Aconcagua Valley,Errazuriz,3.9,298,22.9,2014,22,9
Vernaccia di San Gimignano Blanco 2018,Italy,Vernaccia di San Gimignano,Panizzi,3.9,300,11.92,2018,11,92
Reserva Chardonnay 2017,Chile,Casablanca Valley,Caliterra,3.5,300,6.52,2017,6,52
Sortesele Pinot Grigio Valdadige 2018,Italy,Valdadige,Santi,3.9,300,8.33,2018,8,33
La Jalousie Savennières 2015,France,Savennières,Domaine du Closel - Château des Vaults,4.1,301,29.15,2015,29,15
Riesling Trocken Blauschiefer 2015,Germany,Mosel,Dr. Loosen,3.7,301,9.7,2015,9,7
Estate Chardonnay 2018,Chile,Casablanca Valley,Errazuriz,3.5,302,8.29,2018,8,29
Portillo Chardonnay 2018,Argentina,Uco Valley,Salentein,3.6,302,8.29,2018,8,29
Chardonnay 2017,South Africa,Elgin,Paul Cluver,4.0,302,18.39,2017,18,39
Chablis 2018,France,Chablis,Bernard Defaix,3.9,303,17.9,2018,17,9
White Label Nik Weis Riesling 2018,Germany,Mosel,St. Urbans-Hof,4.0,304,9.9,2018,9,9
Gewürztraminer 2018,Italy,Südtirol - Alto Adige,Tramin,3.7,304,12.18,2018,12,18
Pinot Grigio 2019,New Zealand,Marlborough,The Ned,4.2,304,12.95,2019,12,95
Gran Verano Chardonnay 2018,Chile,Central Valley,Apaltagua,3.4,304,6.95,2018,6,95
Ribolla Gialla 2018,Italy,Friuli Grave,Forchir,3.5,305,12.58,2018,12,58
Colombard - Chardonnay 2018,Australia,South Eastern Australia,Banrock Station,3.7,305,5.79,2018,5,79
Sandstein Riesling Trocken 2018,Germany,Rheinhessen,Gysler,3.7,305,9.5,2018,9,5
Chardonnay 2017,United States,California,Geyser Peak,3.6,305,10.51,2017,10,51
Chardonnay 2017,United States,California,Gnarly Head,3.4,305,9.65,2017,9,65
Bourgogne Chardonnay (La Vignée) 2017,France,Bourgogne,Bouchard Père & Fils,3.7,306,16.74,2017,16,74
Château Grenouilles Chablis Grand Cru 2014,France,Chablis Grand Cru,La Chablisienne,4.2,307,63.54,2014,63,54
Lugana San Benedetto 2019,Italy,Lugana,Zenato,4.1,307,8.48,2019,8,48
Einstern Pinot Blanc 2016,Germany,Mosel,Markus Molitor,4.1,308,14.43,2016,14,43
Sauvignon Blanc - Pinot Grigio 2019,Slovenia,Podravje,Puklavec Family Wines,3.8,309,7.44,2019,7,44
Pouilly-Fumé En Travertin 2018,France,Pouilly-Fumé,Henri Bourgeois,4.0,309,18.95,2018,18,95
Chablis 2018,France,Chablis,Olivier Tricon,4.1,310,14.55,2018,14,55
Alandra Branco 2018,Portugal,Alentejano,Esporão,3.3,310,4.75,2018,4,75
Chardonnay Sonoma Coast 2015,United States,Sonoma Coast,Patz & Hall,4.0,311,52.0,2015,52
Les Vieux Clos 2014,France,Savennières,Nicolas Joly,3.7,311,32.5,2014,32,5
Chardonnay 2018,France,Pays d'Oc,Paul Mas,3.7,311,5.5,2018,5,5
Baroness Nadine 2017,South Africa,Western Cape,Rupert & Rothschild,4.1,312,30.52,2017,30,52
Wiener Gemischter Satz 2017,Austria,Wiener Gemischter Satz,Wieninger,3.6,312,14.29,2017,14,29
Chardonnay 2018,Australia,South Eastern Australia,Rawson's Retreat,3.5,312,7.9,2018,7,9
Riesling 2017,United States,Columbia Valley,Eroica,3.9,314,22.69,2017,22,69
Chardonnay 2017,Chile,Aconcagua Valley,Arboleda,3.7,314,15.5,2017,15,5
Vinho Verde Fonte 2019,Portugal,Vinho Verde,Aveleda,4.0,315,6.45,2019,6,45
Minho Alvarinho 2018,Portugal,Minho,Aveleda,3.7,315,8.24,2018,8,24
Sauvignon Blanc 2019,New Zealand,Marlborough,Nautilus,3.9,315,14.4,2019,14,4
Estate Torrontes (Premium) 2018,Argentina,Salta,Alta Vista,3.8,317,12.5,2018,12,5
Riesling Trocken 2018,Germany,Rheingau,Künstler,3.8,320,11.5,2018,11,5
Cardellino Chardonnay Alto Adige 2018,Italy,Südtirol - Alto Adige,Elena Walch,3.9,321,19.29,2018,19,29
Estate Sauvignon Blanc 2017,Chile,Aconcagua Valley,Errazuriz,3.5,322,8.25,2017,8,25
Eaglehawk Chardonnay 2018,Australia,South Eastern Australia,Wolf Blass,3.2,322,7.22,2018,7,22
Te Koko Sauvignon Blanc 2016,New Zealand,Marlborough,Cloudy Bay,4.2,322,54.69,2016,54,69
Altavilla della Corte Grillo 2018,Italy,Terre Siciliane,Firriato,3.8,323,10.35,2018,10,35
Sauvignon Blanc 2017,South Africa,Citrusdal Mountain,Cederberg,3.9,323,16.62,2017,16,62
Villata Roero Arneis 2018,Italy,Roero,Vite Colte,3.7,324,9.64,2018,9,64
Armador Sauvignon Blanc 2017,Chile,Casablanca Valley,Odfjell,3.6,324,7.5,2017,7,5
Marlborough Sauvignon Blanc 2018,New Zealand,Marlborough,Waipara Hills,4.0,324,13.95,2018,13,95
Pinot Grigio (Selezione) 2018,Italy,Südtirol - Alto Adige,Elena Walch,3.7,325,13.58,2018,13,58
Sauvignon Blanc 2016,Chile,Casablanca Valley,Ritual,3.7,326,15.69,2016,15,69
Puglia I Muri Bianco 2017,Italy,Puglia,Vigneti del Salento,3.7,326,6.54,2017,6,54
Special Cuvée Chardonnay 2015,Chile,Casablanca Valley,Montes Alpha,3.8,327,18.93,2015,18,93
Viognier 2018,France,Pays d'Oc,Les Jamelles,3.6,327,6.5,2018,6,5
Sauvignon Blanc (1685 Series Grande Cuvée) 2019,South Africa,Coastal Region,Boschendal,3.9,328,9.89,2019,9,89
Nova Serra Greco Di Tufo 2018,Italy,Greco di Tufo,Mastroberardino,3.9,328,10.04,2018,10,04
Montunal 2017,Italy,Lombardia,Montonale,3.9,328,31.19,2017,31,19
Chenin Blanc 2017,South Africa,Stellenbosch,Stellenrust,3.7,329,5.8,2017,5,8
Dutton Ranch Chardonnay 2016,United States,Russian River Valley,Patz & Hall,4.1,329,54.0,2016,54
Chant des Vignes Jurançon Sec 2017,France,Jurançon,Domaine Cauhapé,3.8,331,9.83,2017,9,83
Cala Reale Vermentino di Sardegna 2018,Italy,Vermentino di Sardegna,Sella & Mosca,3.7,331,10.66,2018,10,66
Kiedrich Gräfenberg Riesling Trocken GG 2014,Germany,Rheingau,Robert Weil,4.0,331,40.4,2014,40,4
Grillo 2019,Italy,Sicilia,Doppio Passo,3.8,332,7.34,2019,7,34
Les Princes Abbés Riesling Alsace 2016,France,Alsace,Domaines Schlumberger,3.7,333,11.6,2016,11,6
Verdicchio dei Castelli di Jesi 2017,Italy,Verdicchio dei Castelli di Jesi,Azienda Santa Barbara - Stefano Antonucci,3.6,336,18.9,2017,18,9
Kritt Pinot Blanc 2017,France,Alsace,Marc Kreydenweiss,3.9,338,14.3,2017,14,3
Insolia 2017,Italy,Terre Siciliane,Cusumano,3.6,338,6.73,2017,6,73
Chablis (Les Grands Terroirs) 2017,France,Chablis,Samuel Billaud,4.0,340,24.0,2017,24
Chardonnay Castel del Monte Pietrabianca 2018,Italy,Castel del Monte,Tormaresca,4.1,340,19.29,2018,19,29
Sauvignon Blanc - Furmint 2017,Slovenia,Podravje,Puklavec Family Wines,3.6,341,7.44,2017,7,44
Les Princes Abbés Pinot Blanc Alsace 2016,France,Alsace,Domaines Schlumberger,4.0,341,8.9,2016,8,9
S'Elegas Nuragus di Cagliari 2018,Italy,Nuragus di Cagliari,Argiolas,3.7,343,8.9,2018,8,9
Sauvignon Winkl 2019,Italy,Südtirol - Alto Adige,Terlan (Terlano),4.1,344,15.99,2019,15,99
Falanghina Serrocielo 2018,Italy,Falanghina del Sannio,Feudi di San Gregorio,3.7,345,16.7,2018,16,7
Douro Redoma Branco 2018,Portugal,Douro,Niepoort,4.1,346,18.7,2018,18,7
Benefizio Riserva Pomino Bianco 2017,Italy,Pomino,Castello Pomino,4.1,347,28.27,2017,28,27
Primo Bianco 2018,Italy,Vermentino di Sardegna,Mesa,3.5,347,8.5,2018,8,5
Chardonnay 2018,Chile,Central Valley,TerraNoble,3.5,348,7.04,2018,7,04
Bordeaux Sauvignon Blanc 2018,France,Bordeaux,Mouton Cadet,3.4,349,11.36,2018,11,36
Hund Grüner Veltliner Reserve 2018,Austria,Weinviertel,Weingut R&A Pfaffl,3.9,351,16.32,2018,16,32
Oak Cask Chardonnay 2018,Argentina,Mendoza,Trapiche,3.4,352,7.96,2018,7,96
Terroir Series Torrontes 2015,Argentina,Salta,Kaiken,3.7,353,9.99,2015,9,99
Pomino Bianco 2018,Italy,Pomino,Castello Pomino,3.6,353,13.71,2018,13,71
Otto Soave 2016,Italy,Soave,Prà,3.7,355,11.9,2016,11,9
Fiano Di Avellino Pietracalda 2018,Italy,Fiano de Avellino,Feudi di San Gregorio,3.8,355,21.1,2018,21,1
Gavi 2018,Italy,Gavi,La Raia,3.6,356,12.5,2018,12,5
Sundial Chardonnay 2018,United States,California,Fetzer,3.6,356,8.62,2018,8,62
Coteaux Varois en Provence Blanc 2018,France,Coteaux Varois en Provence,Miraval,3.9,356,17.8,2018,17,8
Napa Valley Estate Chardonnay 2017,United States,Napa Valley,The Hess Collection,3.8,357,19.99,2017,19,99
Founders' Estate Chardonnay 2017,United States,California,Beringer,3.6,357,12.25,2017,12,25
Castello della Sala Cervaro della Sala 2018,Italy,Umbria,Antinori,4.5,359,58.19,2018,58,19
Condrieu La Doriane 2017,France,Condrieu,E. Guigal,4.3,359,84.0,2017,84
Reserva Sauvignon Blanc (Classic) 2017,Chile,Curico Valley,Montes,3.7,359,8.69,2017,8,69
No. 3 Colombard - Sauvignon 2019,France,Côtes de Gascogne,Uby,4.0,359,5.99,2019,5,99
Saar Riesling 2017,Germany,Mosel,Van Volxem,3.9,360,12.14,2017,12,14
Sauvignon Blanc Te Muna Road Vineyard 2019,New Zealand,Martinborough,Craggy Range,4.1,361,21.29,2019,21,29
Albaclara Sauvignon Blanc 2018,Chile,Leyda Valley,Haras de Pirque,3.4,362,9.99,2018,9,99
Cometa 2018,Italy,Menfi,Planeta,4.2,362,19.99,2018,19,99
Trebbiano - Pinot Grigio 2018,Italy,Puglia,Cielo e Terra,3.9,363,5.82,2018,5,82
Les Belles Vignes Sancerre Blanc 2015,France,Sancerre,Fournier Pere & Fils,3.9,363,21.44,2015,21,44
Silberlack Riesling Trocken GG 2015,Germany,Rheingau,Schloss Johannisberg,4.2,364,44.8,2015,44,8
Riesling Trocken 2018,Germany,Mosel,Fritz Haag,3.8,364,10.5,2018,10,5
Indian Wells Chardonnay 2017,United States,Columbia Valley,Chateau Ste. Michelle,4.0,364,20.47,2017,20,47
Vintage Tunina 2017,Italy,Venezia Giulia,Jermann,4.2,366,44.52,2017,44,52
Pinot Grigio 2018,New Zealand,Marlborough,The Ned,3.8,367,12.9,2018,12,9
Est! Est!! Est!!! Di Montefiascone Secco 2018,Italy,Est! Est!! Est!!! di Montefiascone,Bigi,3.3,368,6.89,2018,6,89
Kiké 2019,Italy,Terre Siciliane,Fina,4.2,369,9.65,2019,9,65
The King's Favour Sauvignon Blanc 2017,New Zealand,Marlborough,The Kings Series,3.8,370,13.9,2017,13,9
Urra di Mare 2015,Italy,Terre Siciliane,Mandrarossa,3.8,370,12.9,2015,12,9
Lune d'Argent 2013,France,Bordeaux,Clos des Lunes,3.6,371,16.9,2013,16,9
Reserva Sauvignon Blanc 2017,Chile,Maule Valley,Viña Palo Alto,3.3,371,6.97,2017,6,97
Pinot Grigio 2018,Italy,Friuli-Venezia Giulia,Attems,3.8,372,10.18,2018,10,18
Côtes De Gascogne Classic 2019,France,Côtes de Gascogne,Domaine du Tariquet,3.5,374,5.5,2019,5,5
Riesling 2018,Germany,Pfalz,A. Christmann,3.6,374,11.6,2018,11,6
Vivia Maremma Toscana 2018,Italy,Toscana,Le Mortelle,3.6,375,14.45,2018,14,45
Pioneer Block 3 43 Degrees Sauvignon Blanc 2018,New Zealand,Marlborough,Saint Clair,3.9,376,19.95,2018,19,95
Sauvignon Blanc 2019,Chile,Central Valley,Antares,3.5,377,5.33,2019,5,33
Riesling Trocken 2017,Germany,Pfalz,Georg Mosbacher,3.8,377,9.65,2017,9,65
Côte des Roses Blanc 2018,France,Languedoc,Gérard Bertrand,3.7,377,10.42,2018,10,42
Villa Solais Vermentino di Sardegna 2018,Italy,Vermentino di Sardegna,Santadi,3.7,377,6.5,2018,6,5
Custoza 2018,Italy,Bianco di Custoza,Cavalchina,3.7,380,7.98,2018,7,98
Chenin Blanc 2019,South Africa,Stellenbosch,Stellenrust,3.6,381,5.76,2019,5,76
Chardonnay 2019,Argentina,Mendoza,Alamos,3.7,382,6.95,2019,6,95
Lugana Sergio Riserva 2016,Italy,Lugana,Zenato,4.2,383,20.96,2016,20,96
Sancerre Blanc 2017,France,Sancerre,La Perrière,3.9,384,17.9,2017,17,9
Ca'Marcanda Vistamare Toscana 2018,Italy,Toscana,Gaja,4.1,384,41.9,2018,41,9
Riesling 2018,Germany,Nahe,Dönnhoff,3.8,384,10.63,2018,10,63
Chardonnay 2018,South Africa,Stellenbosch,Meerlust,4.1,384,26.36,2018,26,36
Chablis 2018,France,Chablis,Domaine Nathalie et Gilles Fevre,4.0,386,17.5,2018,17,5
Santa Digna Reserva Chardonnay 2018,Chile,Central Valley,Miguel Torres,3.4,386,9.45,2018,9,45
Chardonnay 2016,South Africa,Elgin,Paul Cluver,3.8,389,21.95,2016,21,95
Douro Redoma Branco 2014,Portugal,Douro,Niepoort,3.9,390,19.99,2014,19,99
Lahn Sauvignon 2018,Italy,Südtirol - Alto Adige,St. Michael-Eppan,3.9,391,12.13,2018,12,13
Vinho Verde Quinta da Aveleda 2018,Portugal,Vinho Verde,Aveleda,3.8,392,6.97,2018,6,97
Savatiano Old Vines (Vieilles Vignes) 2017,Greece,Markopoulo,Papagiannakos,3.6,393,9.5,2017,9,5
Pouilly-Fumé 2018,France,Pouilly-Fumé,Château de Tracy,4.1,393,22.29,2018,22,29
Mandolás Dry 2017,Hungary,Tokaj,Oremus,3.9,394,19.85,2017,19,85
Chardonnay 2018,United States,California,Gallo Family Vineyards,2.8,394,6.3,2018,6,3
Buiten Blanc 2018,South Africa,Constantia,Buitenverwachting,3.7,395,9.39,2018,9,39
Cardellino Chardonnay Alto Adige 2017,Italy,Südtirol - Alto Adige,Elena Walch,3.8,397,19.35,2017,19,35
Pinot Grigio Friuli Aquileia 2018,Italy,Friuli Aquileia,Zonin,3.5,397,6.75,2018,6,75
Portillo Sauvignon Blanc 2019,Argentina,Uco Valley,Salentein,3.7,398,6.5,2019,6,5
Riesling Federspiel Terrassen 2018,Austria,Wachau,Domäne Wachau,3.8,399,11.05,2018,11,05
Soave Classico 2019,Italy,Soave Classico,Pieropan,3.8,400,10.95,2019,10,95
Wairau Reserve Sauvignon Blanc 2018,New Zealand,Marlborough,Saint Clair,4.1,400,30.19,2018,30,19
Estate Chardonnay 2017,Chile,Casablanca Valley,Errazuriz,3.6,401,8.25,2017,8,25
Sauvignon 2018,Italy,Colli Orientali del Friuli,Livio Felluga,4.0,402,18.9,2018,18,9
Pinot Blanc Alsace 2017,France,Alsace,Trimbach,3.7,403,10.56,2017,10,56
Chardonnay 2018,South Africa,Hemel-en-Aarde Valley,Hamilton Russell Vineyards,4.2,404,31.9,2018,31,9
Metis Pascal Jolivet Sauvignon Blanc 2016,South Africa,Constantia,Klein Constantia,3.7,404,22.22,2016,22,22
Tenuta Guado al Tasso Vermentino Bolgheri 2019,Italy,Bolgheri,Antinori,4.1,404,17.99,2019,17,99
Bianco 2018,Italy,Terre Siciliane,Corvo,3.7,405,6.78,2018,6,78
Chardonnay 2018,South Africa,Western Cape,Laborie,3.4,406,6.84,2018,6,84
S'Elegas Nuragus di Cagliari 2016,Italy,Nuragus di Cagliari,Argiolas,3.7,406,7.25,2016,7,25
Poggio alle Gazze 2014,Italy,Toscana,Ornellaia,4.0,407,42.8,2014,42,8
Chardonnay 2018,United States,California,Dark Horse,3.4,407,6.63,2018,6,63
Chardonnay 2016,United States,California,Gnarly Head,3.6,407,12.59,2016,12,59
Colombard - Sauvignon Côtes de Gascogne 2019,France,Côtes de Gascogne,Horgelus,4.1,408,5.43,2019,5,43
Viognier (Samuel's Garden Collection) 2016,Australia,Eden Valley,Yalumba,3.6,411,20.76,2016,20,76
Villa Blanche Chardonnay 2018,France,Pays d'Oc,Calmel & Joseph,3.8,412,6.77,2018,6,77
Chardonnay 2016,United States,California,Geyser Peak,3.6,416,10.95,2016,10,95
Vette di San Leonardo 2018,Italy,Vigneti delle Dolomiti,San Leonardo,3.8,419,12.85,2018,12,85
Laforet Bourgogne Chardonnay 2018,France,Bourgogne,Joseph Drouhin,4.0,419,12.19,2018,12,19
Corton-Charlemagne Grand Cru 2008,France,Corton-Charlemagne Grand Cru,Bonneau du Martray,4.5,421,263.9,2008,263,9
Wairau Reserve Sauvignon Blanc 2015,New Zealand,Marlborough,Saint Clair,4.1,421,29.05,2015,29,05
Riesling Grossi Laüe 2011,France,Alsace,Hugel,4.2,422,58.44,2011,58,44
Chardonnay Sonoma Coast 2016,United States,Sonoma Coast,Patz & Hall,4.1,422,60.41,2016,60,41
Chardonnay (Unoaked) 2015,New Zealand,Marlborough,Kim Crawford,3.6,423,15.5,2015,15,5
Sauvignon Blanc 2017,Chile,Casablanca Valley,Cruz Andina,3.4,424,9.9,2017,9,9
Chardonnay 2018,Italy,Südtirol - Alto Adige,Alois Lageder,3.8,425,10.08,2018,10,08
Barrel Selection Chardonnay 2018,Argentina,Uco Valley,Salentein,4.0,425,12.95,2018,12,95
Sauvignon Blanc 2016,United States,California,Bogle,3.6,428,14.36,2016,14,36
Max Reserva Chardonnay 2015,Chile,Aconcagua Valley,Errazuriz,3.6,429,15.95,2015,15,95
Max Reserva Chardonnay 2017,Chile,Aconcagua Valley,Errazuriz,3.7,429,17.63,2017,17,63
Santa Digna Reserva Sauvignon Blanc 2018,Chile,Central Valley,Miguel Torres,3.6,431,9.39,2018,9,39
Grüner Veltliner Kamptaler Terrassen 2017,Austria,Kamptal,Weingut Bründlmayer,3.8,431,7.9,2017,7,9
Pinot Gris Alsace Réserve 2016,France,Alsace,Trimbach,3.8,433,17.45,2016,17,45
Riesling 2017,Germany,Nahe,Dönnhoff,3.7,434,11.5,2017,11,5
The Y Series Riesling 2017,Australia,Barossa,Yalumba,3.4,439,11.5,2017,11,5
Classic Pinot Gris 2015,France,Alsace,Hugel,3.8,439,13.6,2015,13,6
Las Moras Chardonnay 2018,Argentina,San Juan,Bodega Finca Las Moras,3.3,439,6.21,2018,6,21
Bianco Passivento 2018,Italy,Terre Siciliane,Barone Montalto,3.9,439,8.29,2018,8,29
Sauvignon Blanc 2018,South Africa,Western Cape,Laborie,3.6,440,6.84,2018,6,84
Riesling Trocken 2014,Germany,Mosel,Fritz Haag,3.8,440,10.67,2014,10,67
Kiedrich Gräfenberg Riesling Trocken GG 2013,Germany,Rheingau,Robert Weil,3.8,443,73.9,2013,73,9
Pinot Grigio 2018,Italy,Venezia,Riff,3.5,443,7.15,2018,7,15
Pinot Gris 2017,United States,Columbia Valley,Chateau Ste. Michelle,3.6,444,9.99,2017,9,99
Sauvignon Blanc 2018,Chile,Casablanca Valley,Los Vascos,3.5,444,10.91,2018,10,91
Classic Riesling 2016,France,Alsace,Hugel,3.7,446,16.52,2016,16,52
Estate Sauvignon Blanc 2018,Chile,Aconcagua Valley,Errazuriz,3.6,446,10.68,2018,10,68
Pouilly-Fumé En Travertin 2017,France,Pouilly-Fumé,Henri Bourgeois,4.1,447,18.95,2017,18,95
Mademoiselle de T Pouilly-Fumé 2018,France,Pouilly-Fumé,Château de Tracy,4.1,447,18.29,2018,18,29
Mongris Collio Pinot Grigio 2018,Italy,Collio,Marco Felluga,3.8,449,12.95,2018,12,95
Chenin Blanc 2019,South Africa,Stellenbosch,Simonsig,3.8,450,6.33,2019,6,33
Barrel Fermented Chenin Blanc 2017,South Africa,Stellenbosch,Stellenrust,4.1,450,17.99,2017,17,99
Magic Mountain Rüdesheimer Riesling 2016,Germany,Rheingau,Leitz,3.8,452,17.5,2016,17,5
Chardonnay 2018,South Africa,Stellenbosch,Simonsig,3.7,455,10.23,2018,10,23
Riesling Trocken 2018,Germany,Pfalz,Georg Mosbacher,3.8,456,10.71,2018,10,71
Kali Hart Chardonnay 2016,United States,Monterey,Talbott,3.6,457,24.02,2016,24,02
Urra di Mare 2018,Italy,Terre Siciliane,Mandrarossa,3.8,458,10.56,2018,10,56
Coteaux Varois en Provence Blanc 2015,France,Coteaux Varois en Provence,Miraval,4.0,458,20.5,2015,20,5
Chablis 2018,France,Chablis,Jean-Marc Brocard,3.8,460,17.9,2018,17,9
Chablis 2016,France,Chablis,Christian Moreau Pere & Fils,3.9,464,23.0,2016,23
Inzolia Sicilia 2017,Italy,Sicilia,Feudo Arancio,3.6,464,6.54,2017,6,54
Angimbé (Tenuta Ficuzza) 2018,Italy,Terre Siciliane,Cusumano,3.7,465,8.68,2018,8,68
Sauvignon Blanc 2019,New Zealand,Marlborough,Mount Riley,4.1,467,9.53,2019,9,53
Terre Bianche Torbato Alghero 2018,Italy,Alghero,Sella & Mosca,3.7,468,8.9,2018,8,9
Felino Chardonnay 2018,Argentina,Mendoza,Viña Cobos,3.8,468,12.99,2018,12,99
Chardonnay Reserva 2018,Chile,Maipo Valley,Escudo Rojo,3.5,469,10.66,2018,10,66
Muros Antigos Loureiro 2018,Portugal,Vinho Verde,Anselmo Mendes,3.8,470,7.9,2018,7,9
Chenin Blanc 2018,South Africa,Swartland,Allesverloren,3.5,470,9.75,2018,9,75
Clifford Bay Reserve Sauvignon Blanc 2018,New Zealand,Marlborough,Villa Maria,4.2,470,19.55,2018,19,55
Pinot Grigio Riserva Trentino 2017,Italy,Trentino,Mezzacorona,3.6,472,8.0,2017,8
Bianco di Custoza Superiore Cà del Magro 2017,Italy,Bianco di Custoza,Monte del Frá,3.8,473,9.22,2017,9,22
Danie de Wet Chardonnay 2017,South Africa,Robertson,De Wetshof,3.7,479,15.5,2017,15,5
Chardonnay 2019,South Africa,Stellenbosch,Rustenberg,3.9,479,14.5,2019,14,5
Baron de L Pouilly-Fumé 2015,France,Pouilly-Fumé,de Ladoucette,4.4,479,97.04,2015,97,04
Aconcagua Costa Sauvignon Blanc 2017,Chile,Aconcagua Valley,Errazuriz,3.7,482,16.08,2017,16,08
Verdicchio dei Castelli di Jesi 2016,Italy,Verdicchio dei Castelli di Jesi,Azienda Santa Barbara - Stefano Antonucci,3.8,483,17.4,2016,17,4
Le Vaglie Verdicchio dei Castelli di Jesi Classico 2018,Italy,Verdicchio dei Castelli di Jesi,Azienda Santa Barbara - Stefano Antonucci,3.9,483,10.9,2018,10,9
Blanc 2018,France,Pays d'Oc,Claude Val,3.8,486,4.95,2018,4,95
Quant Riesling 2018,Germany,Mosel,Carl Loewen,4.0,489,8.5,2018,8,5
Signature Sauvignon Blanc 2019,South Africa,Stellenbosch,Spier,3.7,490,6.5,2019,6,5
Riesling 2015,Germany,Pfalz,Von Winning,3.8,490,13.95,2015,13,95
Sauvignon Blanc (Select Terroir Reserva) 2018,Chile,Maipo Valley,Santa Ema,3.7,490,7.66,2018,7,66
Grand Estates Chardonnay 2016,United States,Columbia Valley,Columbia Crest,3.9,491,12.99,2016,12,99
Alentejano Branco 2017,Portugal,Alentejano,Herdade dos Grous,3.8,491,10.63,2017,10,63
Qvinterra Riesling Trocken 2018,Germany,Rheinhessen,Kühling-Gillot,3.8,493,10.8,2018,10,8
Sancerre Blanc 2017,France,Sancerre,Domaine du Nozay,3.8,493,37.63,2017,37,63
Director's Cut Chardonnay 2016,United States,Russian River Valley,Francis Ford Coppola,4.1,493,27.9,2016,27,9
Altavilla della Corte Grillo 2016,Italy,Terre Siciliane,Firriato,3.6,493,10.69,2016,10,69
Villa Solais Vermentino di Sardegna 2017,Italy,Vermentino di Sardegna,Santadi,3.7,496,6.9,2017,6,9
Sauvignon Blanc Reserve Collection Elgin 2018,South Africa,Elgin,Tokara,3.9,497,18.9,2018,18,9
Estate Sauvignon Blanc (Varietales) 2018,Uruguay,Maldonado,Bodega Garzón,3.6,497,14.89,2018,14,89
Villa Antinori Toscana Bianco 2019,Italy,Toscana,Antinori,3.8,499,8.68,2019,8,68
Vouvray Classic 2017,France,Vouvray,Marc Brédif,3.9,500,17.85,2017,17,85
Grüner Veltliner 2018,Austria,Kamptal,Loimer,3.8,500,9.72,2018,9,72
The Winemaster's Chardonnay 2015,South Africa,Coastal Region,Nederburg,3.5,502,6.63,2015,6,63
Torrontes 2017,Argentina,Salta,Alamos,3.6,503,8.89,2017,8,89
Chardonnay 2018,New Zealand,Marlborough,Stoneleigh,3.7,505,11.45,2018,11,45
Riesling Trocken 2016,Germany,Pfalz,Georg Mosbacher,3.9,505,9.99,2016,9,99
Las Mulas Reserva Sauvignon Blanc 2018,Chile,Central Valley,Miguel Torres,3.6,506,9.9,2018,9,9
Riesling Trocken 2018,Germany,Rheingau,Kloster Eberbach,3.5,507,10.99,2018,10,99
Riesling Trocken 2016,Germany,Rheinhessen,Battenfeld Spanier,3.8,509,14.29,2016,14,29
Riesling Trocken 2017,Germany,Rheinhessen,Wittmann,3.7,510,11.51,2017,11,51
Brolettino Lugana 2018,Italy,Lugana,Cà dei Frati,4.1,510,14.52,2018,14,52
Condrieu La Doriane 2016,France,Condrieu,E. Guigal,4.2,511,82.0,2016,82
Chardonnay 2017,United States,Monterey,Hess Select,3.4,515,12.9,2017,12,9
Wild Yeast Chardonnay 2018,South Africa,Robertson,Springfield Estate,3.9,517,15.69,2018,15,69
Adorato Appassionato Bianco 2018,Italy,Veneto,Tommasi,3.5,518,10.9,2018,10,9
Gewürztraminer 2015,Italy,Südtirol - Alto Adige,Terlan (Terlano),3.8,520,14.95,2015,14,95
Sauvignon Blanc 2019,South Africa,Franschhoek,La Motte Wine Estate,3.6,530,9.99,2019,9,99
Côtes du Rhône Réserve Blanc 2016,France,Côtes-du-Rhône,Les Dauphins,3.5,531,6.85,2016,6,85
Le Vaglie Verdicchio dei Castelli di Jesi Classico 2015,Italy,Verdicchio dei Castelli di Jesi,Azienda Santa Barbara - Stefano Antonucci,3.8,532,9.9,2015,9,9
Châteauneuf-du-Pape Les Sinards Blanc 2017,France,Châteauneuf-du-Pape,Famille Perrin,4.1,532,30.74,2017,30,74
Filius Chardonnay 2017,Australia,Margaret River,Vasse Felix,3.7,532,20.9,2017,20,9
Castel Firmian Pinot Grigio Trentino 2018,Italy,Trentino,Mezzacorona,3.8,534,7.66,2018,7,66
Estate Chardonnay 2016,Chile,Casablanca Valley,Errazuriz,3.5,535,8.9,2016,8,9
Mâcon-Villages Blanc 2018,France,Mâcon-Villages,Louis Jadot,3.8,536,14.54,2018,14,54
Original Chenin Blanc (Unwooded) 2018,South Africa,Stellenbosch,Raats,3.7,536,12.5,2018,12,5
Muros Antigos Escolha 2018,Portugal,Vinho Verde,Anselmo Mendes,3.6,538,6.5,2018,6,5
Central Coast Chardonnay 2016,United States,Central Coast,William Hill,3.7,539,13.9,2016,13,9
Mannequin 2017,United States,California,Orin Swift,4.0,540,37.04,2017,37,04
Corton-Charlemagne Grand Cru 2009,France,Corton-Charlemagne Grand Cru,Bonneau du Martray,4.4,541,249.95,2009,249,95
Chenin Blanc Secateurs 2019,South Africa,Swartland,Badenhorst,3.7,541,9.89,2019,9,89
La Fuga Chardonnay Contessa Entellina 2018,Italy,Contessa Entellina,Donnafugata,3.8,542,11.5,2018,11,5
Sancerre Blanc 2017,France,Sancerre,Château de Sancerre,3.9,543,33.87,2017,33,87
Côtes-du-Rhône Blanc 2017,France,Côtes-du-Rhône,E. Guigal,3.5,544,13.04,2017,13,04
Napa Valley Estate Chardonnay 2016,United States,Napa Valley,The Hess Collection,3.8,549,19.39,2016,19,39
Chardonnay 2018,Chile,Colchagua Valley,Los Vascos,3.6,550,7.75,2018,7,75
Riesling 2015,United States,Columbia Valley,Eroica,3.9,551,24.45,2015,24,45
Riesling 2018,Germany,Pfalz,Von Winning,3.8,552,8.5,2018,8,5
Roero Arneis 2018,Italy,Roero,Bruno Giacosa,3.8,554,21.18,2018,21,18
Pinot Grigio 2018,Italy,Südtirol - Alto Adige,St. Michael-Eppan,3.8,556,10.95,2018,10,95
Chardonnay 2017,South Africa,Stellenbosch,Simonsig,3.6,557,10.9,2017,10,9
Le Finage Chablis 2017,France,Chablis,La Chablisienne,3.7,557,22.78,2017,22,78
Chardonnay 2018,France,Vin de France,Maison de La Villette,3.9,558,6.33,2018,6,33
Napa Valley Chardonnay 2013,United States,Napa Valley,Beringer,3.7,560,22.9,2013,22,9
Win Win Riesling 2018,Germany,Pfalz,Von Winning,3.8,563,9.7,2018,9,7
Chardonnay (Reserva) 2019,Chile,Casablanca Valley,Casillero del Diablo,3.4,565,7.89,2019,7,89
Chardonnay 2018,United States,Columbia Valley,Chateau Ste. Michelle,3.8,567,12.5,2018,12,5
The Winemaster's Sauvignon Blanc 2018,South Africa,Coastal Region,Nederburg,3.7,567,6.3,2018,6,3
Sancerre Blanc 2018,France,Sancerre,Domaine Vacheron,4.0,569,24.0,2018,24
Fiano Di Avellino 2018,Italy,Fiano de Avellino,Feudi di San Gregorio,3.8,570,11.49,2018,11,49
Chardonnay 2018,France,Pays d'Oc,Les Jamelles,3.6,570,5.69,2018,5,69
Chenin Blanc 2019,South Africa,Robertson,Arabella,3.8,575,5.95,2019,5,95
Chardonnay 2017,Chile,Casablanca Valley,Montes Alpha,3.8,578,12.49,2017,12,49
Molin Lugana 2015,Italy,Lugana,Cà Maiol,3.8,579,16.59,2015,16,59
Mosel Alte Reben Riesling 2016,Germany,Mosel,Markus Molitor,4.0,580,17.35,2016,17,35
Gewürztraminer 2018,Italy,Südtirol - Alto Adige,Cantina Kaltern,4.0,583,11.6,2018,11,6
Grande Réserve Sancerre Blanc 2018,France,Sancerre,Henri Bourgeois,3.9,583,26.04,2018,26,04
Riesling Trocken 2018,Germany,Pfalz,Reichsrat von Buhl,3.6,585,8.9,2018,8,9
Grüner Veltliner vom Haus 2017,Austria,Niederösterreich,Weingut R&A Pfaffl,3.8,587,8.69,2017,8,69
Fumé Blanc 2016,United States,Napa Valley,Robert Mondavi,3.7,590,20.96,2016,20,96
Colle dei Tigli Bianco del Veneto 2018,Italy,Veneto,Lenotti,4.0,590,5.12,2018,5,12
Blindfold 2017,United States,California,The Prisoner,4.1,592,37.53,2017,37,53
Grand Régnard Chablis 2018,France,Chablis,Régnard,4.3,596,36.9,2018,36,9
Life from Stone Sauvignon Blanc 2019,South Africa,Robertson,Springfield Estate,4.2,597,12.57,2019,12,57
Scaia Bianco (Garganega - Chardonnay) 2019,Italy,Veneto,Tenuta Sant'Antonio,4.1,600,8.25,2019,8,25
Gentil 2018,France,Alsace,Hugel,3.8,601,9.6,2018,9,6
Chardonnay 2016,Chile,Colchagua Valley,Los Vascos,3.4,602,9.95,2016,9,95
Chardonnay 2016,United States,Central Coast,Game of Thrones,3.7,602,19.95,2016,19,95
Rossj-Bass Langhe 2017,Italy,Langhe,Gaja,4.2,605,83.15,2017,83,15
Riesling Trocken 2017,Germany,Pfalz,Reichsrat von Buhl,3.6,605,11.19,2017,11,19
Raízes Terroir Sauvignon Blanc 2016,Brazil,Campanha,Casa Valduga,3.7,606,10.5,2016,10,5
Chardonnay 2015,United States,Los Carneros,Buena Vista,4.0,612,24.5,2015,24,5
Signature Chenin Blanc 2019,South Africa,Stellenbosch,Spier,3.7,615,6.5,2019,6,5
Torrontes 2019,Argentina,Mendoza,Crios,3.8,617,13.15,2019,13,15
Contacto Alvarinho 2019,Portugal,Monção e Melgaço,Anselmo Mendes,3.8,617,11.6,2019,11,6
Vinho Verde 2017,Portugal,Vinho Verde,Casa de Vila Nova,3.9,619,8.92,2017,8,92
Pouilly-Fuissé 2018,France,Pouilly-Fuissé,Louis Jadot,4.1,621,29.37,2018,29,37
Douro Duas Quintas Branco 2018,Portugal,Douro,Ramos Pinto,4.0,625,10.63,2018,10,63
Panamera Chardonnay 2018,United States,California,Story Ridge Vineyards,4.1,627,8.28,2018,8,28
Sauvignon Blanc 2019,New Zealand,Marlborough,Silver Moki,4.0,627,7.44,2019,7,44
Pouilly-Fumé 2018,France,Pouilly-Fumé,Pascal Jolivet,4.1,627,22.3,2018,22,3
Branco 2017,Portugal,Lisboa,Porta 6,3.7,628,9.12,2017,9,12
Sauvignon Blanc 2019,New Zealand,Marlborough,Dusky Sounds,4.2,631,10.42,2019,10,42
Solosole Vermentino 2018,Italy,Bolgheri,Poggio Al Tesoro,3.8,637,12.57,2018,12,57
Riesling Trocken 2018,Germany,Nahe,Dönnhoff,3.7,641,10.09,2018,10,09
Castello della Sala Conte della Vipera 2018,Italy,Umbria,Antinori,4.1,643,20.9,2018,20,9
Assyrtiko Santorini 2018,Greece,Santorini,Domaine Sigalas,4.0,651,26.95,2018,26,95
Chardonnay - Pinot Noir 2018,South Africa,Franschhoek,Haute Cabrière,3.8,654,12.0,2018,12
Chardonnay de Purcari 2018,Moldova,South Eastern,Château Purcari,4.1,654,10.98,2018,10,98
Pinot Grigio 2018,Italy,Venezia Giulia,Jermann,4.0,661,17.41,2018,17,41
Ardèche Chardonnay 2017,France,Ardèche,Louis Latour,3.6,667,7.31,2017,7,31
Haus Klosterberg Riesling Trocken 2018,Germany,Mosel,Markus Molitor,4.1,672,9.9,2018,9,9
Ca'Marcanda Vistamare Toscana 2016,Italy,Toscana,Gaja,4.2,676,41.9,2016,41,9
Chardonnay 2018,United States,California,Robert Mondavi Private Selection,3.8,676,11.5,2018,11,5
Koonunga Hill Chardonnay 2018,Australia,South Australia,Penfolds,3.3,678,9.38,2018,9,38
Grand Ardèche Chardonnay 2017,France,Ardèche,Louis Latour,4.0,679,10.63,2017,10,63
Ca'Marcanda Vistamare Toscana 2017,Italy,Toscana,Gaja,4.2,684,41.9,2017,41,9
The Y Series Viognier 2018,Australia,South Australia,Yalumba,3.5,704,11.9,2018,11,9
Riva Ranch Chardonnay 2018,United States,Arroyo Seco,Wente,4.0,705,18.29,2018,18,29
Mount Hermon White 2017,Israel,Galilee,Hermon,3.7,708,12.14,2017,12,14
Lighea 2018,Italy,Terre Siciliane,Donnafugata,4.0,710,11.5,2018,11,5
Chardonnay 2018,United States,Napa Valley,Black Stallion,3.9,710,22.35,2018,22,35
Cometa 2017,Italy,Menfi,Planeta,4.1,712,32.86,2017,32,86
Pinot Grigio 2018,Italy,Colli Orientali del Friuli,Livio Felluga,4.0,714,18.19,2018,18,19
Chardonnay 2017,Argentina,Mendoza,Catena Alta,4.2,714,27.9,2017,27,9
Pinot Grigio 2017,Italy,delle Venezie,Kris,3.5,716,8.19,2017,8,19
Chardonnay 2018,France,Pays d'Oc,Laroche,3.4,719,8.25,2018,8,25
Dry Riesling 2012,United States,Columbia Valley,Chateau Ste. Michelle,3.7,724,12.49,2012,12,49
Chenin Blanc (Free-Run Steen) 2017,South Africa,Coastal Region,MAN,3.6,727,7.19,2017,7,19
Central Coast Chardonnay 2013,United States,Central Coast,William Hill,3.7,728,24.95,2013,24,95
Mâcon-Villages 2018,France,Mâcon-Villages,Joseph Drouhin,3.8,731,11.4,2018,11,4
Mâcon-Villages 2018,France,Mâcon-Villages,Joseph Drouhin,3.8,731,13.6,2018,13,6
Pouilly-Fumé 2018,France,Pouilly-Fumé,de Ladoucette,4.0,737,32.9,2018,32,9
Schulthauser Weissburgunder (Pinot Bianco) 2018,Italy,Südtirol - Alto Adige,St. Michael-Eppan,3.8,748,11.54,2018,11,54
Pinot Grigio de Purcari 2018,Moldova,South Eastern,Château Purcari,4.2,756,10.98,2018,10,98
Leone d'Almerita (Tenuta Regaleali) 2018,Italy,Terre Siciliane,Tasca d'Almerita,3.8,757,8.9,2018,8,9
Riesling Trocken 2018,Germany,Rheinhessen,Wittmann,3.9,757,11.5,2018,11,5
Riesling Alsace Cuvée Frédéric Emile 2011,France,Alsace,Trimbach,3.9,760,44.61,2011,44,61
Hard Chard 2019,Australia,South Eastern Australia,19 Crimes,3.6,761,8.79,2019,8,79
Mongris Collio Pinot Grigio 2017,Italy,Collio,Marco Felluga,3.7,762,12.33,2017,12,33
Umbria Bianco 2018,Italy,Umbria,Santa Cristina,3.6,764,7.45,2018,7,45
Chardonnay 2017,South Africa,Hemel-en-Aarde Valley,Hamilton Russell Vineyards,4.1,768,39.8,2017,39,8
Condrieu 2016,France,Condrieu,E. Guigal,4.0,776,52.01,2016,52,01
The Hermit Crab Viognier - Marsanne 2016,Australia,McLaren Vale,d'Arenberg,3.8,780,13.15,2016,13,15
Orvieto Classico Bianco 2017,Italy,Orvieto,Ruffino,3.7,792,6.54,2017,6,54
GB Sauvage Riesling 2018,Germany,Rheingau,Georg Breuer,3.7,795,9.65,2018,9,65
San Vincenzo 2018,Italy,Veneto,Anselmi,3.8,796,12.19,2018,12,19
Verdicchio Del Castelli Di Jesi Classico 2018,Italy,Verdicchio dei Castelli di Jesi,Moncaro,3.5,798,7.55,2018,7,55
Riesling Trocken 2018,Germany,Rheingau,Robert Weil,4.0,817,13.9,2018,13,9
Esporão Reserva Branco 2018,Portugal,Alentejo,Esporão,4.1,827,13.47,2018,13,47
Chardonnay 2014,South Africa,Hemel-en-Aarde Valley,Hamilton Russell Vineyards,4.1,830,36.79,2014,36,79
AVETA Sauvignon Blanc 2016,United States,Napa Valley,Stag's Leap Wine Cellars,4.1,837,29.77,2016,29,77
Douro Redoma Branco 2017,Portugal,Douro,Niepoort,4.1,838,19.42,2017,19,42
Da'Divas Chardonnay 2015,Brazil,Encruzilhada do Sul,Lidio Carraro,3.6,844,14.57,2015,14,57
Max Reserva Chardonnay 2016,Chile,Aconcagua Valley,Errazuriz,3.7,848,13.16,2016,13,16
Saar Riesling 2015,Germany,Mosel,Van Volxem,3.8,859,12.45,2015,12,45
Regaleali Bianco Sicilia 2018,Italy,Terre Siciliane,Tasca d'Almerita,3.7,868,7.7,2018,7,7
Sauvignon Blanc 2019,New Zealand,Marlborough,Stoneleigh,3.8,873,11.45,2019,11,45
120 Reserva Especial Chardonnay 2018,Chile,Central Valley,Santa Rita,3.3,879,7.8,2018,7,8
Chablis ‘Saint Martin’ 2017,France,Chablis,Domaine Laroche,3.8,894,25.24,2017,25,24
Chardonnay 2018,United States,California,Bogle,3.8,898,14.36,2018,14,36
Sauvignon Blanc Attitude 2018,France,Touraine,Pascal Jolivet,3.8,901,12.51,2018,12,51
Santa Barbara County Chardonnay 2016,United States,Santa Barbara County,Sandhi,4.1,901,28.9,2016,28,9
Chablis 2018,France,Chablis,William Fèvre,3.8,904,19.79,2018,19,79
Torrontes 2015,Argentina,Salta,Alamos,3.5,905,8.4,2015,8,4
Chardonnay Puglia 2018,Italy,Puglia,Tormaresca,3.6,906,9.56,2018,9,56
Leone d'Almerita (Tenuta Regaleali) 2017,Italy,Terre Siciliane,Tasca d'Almerita,3.9,923,9.59,2017,9,59
Is Argiolas Vermentino di Sardegna 2018,Italy,Vermentino di Sardegna,Argiolas,4.0,930,10.7,2018,10,7
Chardonnay (1685 Series) 2018,South Africa,Western Cape,Boschendal,3.8,949,10.66,2018,10,66
Dry Riesling 2017,United States,Columbia Valley,Chateau Ste. Michelle,3.7,953,10.18,2017,10,18
La Segreta Il Bianco 2018,Italy,Sicilia,Planeta,3.7,961,7.5,2018,7,5
Sharis 2018,Italy,delle Venezie,Livio Felluga,3.8,976,14.4,2018,14,4
Chardonnay 2018,Argentina,Mendoza,Catena,4.0,979,15.79,2018,15,79
Sauvignon Blanc 2018,New Zealand,Marlborough,Greywacke,4.1,991,17.95,2018,17,95
Pessac-Léognan Blanc (Grand Cru Classé de Graves) 2016,France,Pessac-Léognan,Château Carbonnieux,4.1,1001,39.9,2016,39,9
Classic Riesling 2015,France,Alsace,Hugel,3.7,1006,13.6,2015,13,6
Retsina N.V.,Greece,Macedonia,Tsantali,2.6,1011,3.95,N.V.,3,95
Petit Bourgeois Sauvignon Blanc 2018,France,Val de Loire,Henri Bourgeois,3.7,1011,9.95,2018,9,95
Chardonnay 2016,United States,Monterey,Hess Select,3.6,1023,12.51,2016,12,51
Vintage Tunina 2015,Italy,Venezia Giulia,Jermann,4.3,1036,48.76,2015,48,76
Medalla Real Gran Reserva Chardonnay 2017,Chile,Leyda Valley,Santa Rita,3.8,1059,13.15,2017,13,15
Eins Zwei Dry Riesling 2017,Germany,Rheingau,Leitz,3.8,1060,12.19,2017,12,19
Falanghina 2018,Italy,Falanghina del Sannio,Feudi di San Gregorio,3.7,1066,9.25,2018,9,25
Hard Chard 2018,Australia,South Eastern Australia,19 Crimes,3.7,1082,8.9,2018,8,9
Sauvignon Blanc 2019,New Zealand,Marlborough,The Ned,4.1,1085,13.79,2019,13,79
La Segreta Il Bianco 2017,Italy,Sicilia,Planeta,3.5,1087,8.4,2017,8,4
Chardonnay 2018,United States,California,Woodbridge by Robert Mondavi,3.4,1100,8.72,2018,8,72
Chardonnay 2018,Italy,Menfi,Planeta,4.2,1116,22.8,2018,22,8
Chardonnay 2013,United States,Napa Valley,Robert Mondavi,3.7,1121,35.5,2013,35,5
EDDA Bianco 2018,Italy,Salento,San Marzano,4.1,1130,11.45,2018,11,45
Alvarinho 2019,Portugal,Monção e Melgaço,Soalheiro,4.1,1160,13.26,2019,13,26
Chardonnay 2016,Argentina,Mendoza,Catena Alta,4.2,1179,25.9,2016,25,9
Cellar Selection Marlborough Sauvignon Blanc 2019,New Zealand,Marlborough,Sileni Estates,3.9,1185,9.65,2019,9,65
Chardonnay 2017,Chile,Limarí Valley,Marques de Casa Concha,3.9,1190,16.74,2017,16,74
Grüner Veltliner Federspiel Terrassen 2018,Austria,Wachau,Domäne Wachau,3.7,1204,6.73,2018,6,73
Duett 2018,Austria,Wagram,Leth,3.8,1204,6.81,2018,6,81
Chablis ‘Saint Martin’ 2018,France,Chablis,Domaine Laroche,3.8,1216,24.99,2018,24,99
Alvarinho Deu La Deu 2018,Portugal,Monção e Melgaço,Adega de Monção,3.8,1219,9.55,2018,9,55
Pinot Grigio 2018,Italy,Terre Siciliane,Barone Montalto,3.7,1248,5.32,2018,5,32
Gewürztraminer Alsace 2016,France,Alsace,Trimbach,3.9,1254,16.9,2016,16,9
Chablis ‘Les Chanoines’ 2018,France,Chablis,Laroche,3.7,1267,21.99,2018,21,99
Pfefferer 2019,Italy,Trentino-Alto Adige,Colterenzio (Schreckbichl),4.2,1332,8.72,2019,8,72
Costamolino Vermentino di Sardegna 2018,Italy,Vermentino di Sardegna,Argiolas,3.8,1358,9.5,2018,9,5
Sauvignon Blanc 2019,New Zealand,Marlborough,Nau Mai,4.1,1375,6.77,2019,6,77
Chardonnay 2016,United States,Napa Valley,Chateau Montelena,4.4,1423,65.9,2016,65,9
Pouilly-Fuissé 2017,France,Pouilly-Fuissé,Louis Jadot,4.0,1424,28.13,2017,28,13
Gentil 2017,France,Alsace,Hugel,3.8,1462,12.03,2017,12,03
Sauvignon Blanc 2018,New Zealand,Marlborough,Silver Moki,4.2,1466,10.95,2018,10,95
Arneis Langhe Blangé 2018,Italy,Langhe,Ceretto,4.0,1476,16.47,2018,16,47
Sauvignon Blanc 2018,New Zealand,Marlborough,Greyrock,4.0,1481,10.45,2018,10,45
Chablis 2017,France,Chablis,William Fèvre,3.8,1525,21.35,2017,21,35
Domaine Sainte Claire Chablis 2018,France,Chablis,Jean-Marc Brocard,3.9,1554,19.2,2018,19,2
Gelblack Riesling Trocken 2018,Germany,Rheingau,Schloss Johannisberg,4.1,1590,14.51,2018,14,51
Founders' Estate Chardonnay 2016,United States,California,Beringer,3.7,1637,11.6,2016,11,6
Chardonnay 2017,Argentina,Mendoza,Catena,3.9,1646,13.55,2017,13,55
Belleruche Côtes-du-Rhône Blanc 2017,France,Côtes-du-Rhône,M. Chapoutier,3.7,1675,10.91,2017,10,91
Drouhin - Vaudon Chablis Réserve De Vaudon 2018,France,Chablis,Joseph Drouhin,4.0,1721,21.34,2018,21,34
Riesling 2018,United States,Columbia Valley,Chateau Ste. Michelle,3.8,1783,9.4,2018,9,4
Kung Fu Girl Riesling 2018,United States,Ancient Lakes of Columbia Valley,Charles Smith,3.8,1791,16.92,2018,16,92
Morning Fog Chardonnay 2018,United States,Livermore Valley,Wente,3.9,1823,10.32,2018,10,32
Chardonnay 2016,Chile,Casablanca Valley,Montes Alpha,3.8,1846,12.5,2016,12,5
Pouilly-Fumé 2017,France,Pouilly-Fumé,de Ladoucette,4.1,1903,68.0,2017,68
Chardonnay 2018,United States,Los Carneros,Rombauer Vineyards,4.3,2034,39.9,2018,39,9
Contacto Alvarinho 2018,Portugal,Monção e Melgaço,Anselmo Mendes,3.8,2068,8.9,2018,8,9
Chardonnay 2017,Argentina,Mendoza,Alamos,3.6,2151,6.95,2017,6,95
Sauvignon Blanc (Reserva) 2018,Chile,Casablanca Valley,Casillero del Diablo,3.5,2401,7.96,2018,7,96
Chablis 2015,France,Chablis,William Fèvre,3.8,2487,22.39,2015,22,39
Sauvignon Blanc 2019,New Zealand,Marlborough,Brancott Estate,4.0,2504,7.79,2019,7,79
Sauvignon Blanc 2018,New Zealand,Marlborough,The Ned,4.1,2554,14.95,2018,14,95
Sauvignon Blanc 2019,New Zealand,Marlborough,Cloudy Bay,4.2,3054,26.7,2019,26,7
Morning Fog Chardonnay 2016,United States,Livermore Valley,Wente,3.9,3374,14.29,2016,14,29
I Frati Lugana 2019,Italy,Lugana,Cà dei Frati,4.2,3479,11.2,2019,11,2
Villa Antinori Toscana Bianco 2018,Italy,Toscana,Antinori,3.9,4064,8.68,2018,8,68
Private Bin Sauvignon Blanc 2019,New Zealand,Marlborough,Villa Maria,4.1,4082,10.6,2019,10,6
Sauvignon Blanc 2019,New Zealand,Marlborough,Oyster Bay,4.0,4423,10.66,2019,10,66
Vinho Verde Sweet N.V.,Portugal,Vinho Verde,Casal Garcia,4.0,4609,5.05,N.V.,5,05
Sauvignon Blanc 2018,New Zealand,Marlborough,Kim Crawford,3.9,5105,14.9,2018,14,9
Sauvignon Blanc 2019,New Zealand,Marlborough,Hans Greyl,4.2,5817,7.75,2019,7,75
Vinho Verde Branco N.V.,Portugal,Vinho Verde,Casal Garcia,3.7,62980,4.35,N.V.,4,35
